wall_time,x_m,y_m,z_m,roll_rad,pitch_rad
1789203252.0624325,0.6489399701129694,-0.008912091775270227,0.3761981758290396,-0.0032165711678368942,-0.07791351716229025
1789203252.2703898,0.6489407227549261,-0.008911445310821574,0.3761974041145706,-0.0032148353996330043,-0.07791342331017473
1789203252.2708921,0.6489407576048613,-0.008911444178872758,0.3761973459823641,-0.0032147378964930712,-0.07791342368209614
1789203252.271033,0.6489408220460356,-0.008911022469211384,0.3761974109070894,-0.003214592049014086,-0.07791337821600706
1789203252.2711651,0.6489408725022004,-0.008911271703490754,0.3761972649293303,-0.003214480224069434,-0.0779132992857121
1789203252.271411,0.6489409401985848,-0.008911073038191414,0.3761972421277753,-0.003214316868048614,-0.07791331636268481
1789203252.2715414,0.6489409868881154,-0.00891089802504553,0.376197246908306,-0.0032142059936592802,-0.0779132673695787
1789203252.271662,0.6489410660684726,-0.008911180199122083,0.3761970510915628,-0.003214041527002264,-0.07791326308433442
1789203252.2717855,0.6489411062869033,-0.008911171492935467,0.3761969910107421,-0.003213924520700764,-0.07791331637500848
1789203252.2719138,0.6489411673663623,-0.008910690473744593,0.37619707449048295,-0.0032137873887467267,-0.07791334768310532
1789203252.2720406,0.6489412158300014,-0.008910818978968631,0.3761969706149441,-0.0032136816889168766,-0.07791325148714723
1789203252.2721627,0.6489412838657905,-0.008910875544736102,0.3761968541282197,-0.0032135233755613644,-0.07791326157740038
1789203252.27229,0.6489413266205679,-0.008910617322955424,0.37619688909280763,-0.0032134106767438284,-0.07791326156284109
1789203252.2724118,0.648941386011463,-0.008910889215170236,0.3761967067615514,-0.0032132854759881944,-0.07791319747707467
1789203252.2725363,0.648941443533078,-0.008910718575662113,0.3761967032477253,-0.0032131584984733948,-0.07791326158461005
1789203252.2726655,0.6489415015182566,-0.008910630566209506,0.37619664960845717,-0.0032129953016565614,-0.07791326339486873
1789203252.2727993,0.648941546026254,-0.008910430060124354,0.376196664621039,-0.0032129045966545066,-0.07791323169128793
1789203252.2729945,0.648941628280815,-0.008910436104031633,0.3761965692250707,-0.0032127163422381822,-0.07791320631925652
1789203252.2732468,0.6489416710413932,-0.008910367477998235,0.37619653858489854,-0.003212605231256161,-0.07791318968729967
1789203252.2733898,0.6489417300434198,-0.008910548385326096,0.3761963904742493,-0.003212470820230563,-0.07791318359352672
1789203252.2735121,0.6489417794656281,-0.00891016267849766,0.37619646690484143,-0.0032123601084905135,-0.07791323173997601
1789203252.273686,0.6489418582570521,-0.00891039908730465,0.3761962893238327,-0.0032121681628846516,-0.07791315025613292
1789203252.2738123,0.648941904714814,-0.008910490144764659,0.37619619536324395,-0.0032120672612654167,-0.07791319934818776
1789203252.273929,0.6489419653320198,-0.008910197574994498,0.3761962098978882,-0.0032119110100757076,-0.07791325916275177
1789203252.2740455,0.6489420090177401,-0.008909968479679843,0.37619623534670094,-0.003211823777519209,-0.07791321960115752
1789203252.2741675,0.6489420829839493,-0.008910161988220568,0.37619607787125925,-0.003211646314865173,-0.0779131483065282
1789203252.2742834,0.6489421274173603,-0.008909975586358204,0.3761960848782347,-0.00321154187039684,-0.07791315694989819
1789203252.2744062,0.6489421914924701,-0.008909904580583381,0.37619602330029933,-0.0032113922402354556,-0.07791312041017022
1789203252.27452,0.6489422437867627,-0.008909744372929133,0.3761960222641439,-0.003211281307639622,-0.07791307620936178
1789203252.274665,0.6489423041783027,-0.008909791356286272,0.3761959149118465,-0.0032111207720989243,-0.07791302116406136
1789203252.274776,0.6489423531702883,-0.008909620902108267,0.37619591884479797,-0.003211026416759811,-0.07791300671290081
1789203252.2762334,0.6489424196185964,-0.008909650976065156,0.37619581806538155,-0.0032108526502683307,-0.07791293276858767
1789203252.2799208,0.6489424644274318,-0.00890975110642385,0.37619572348730485,-0.003210748103996238,-0.07791293953016375
1789203252.2867389,0.648942532374315,-0.008909563067357676,0.37619570044671097,-0.0032105960721684054,-0.07791297407601275
1789203252.2901788,0.6489425822891686,-0.008909310133931998,0.37619572875353513,-0.0032104756392562707,-0.0779129682855899
1789203252.295669,0.6489426497187097,-0.008909531580401852,0.3761955597479584,-0.0032103172543922983,-0.07791292748462174
1789203252.2999473,0.6489426927573659,-0.00890927054944113,0.3761955901239645,-0.0032102125508123433,-0.077912948457551
1789203252.3056715,0.6489427575502328,-0.008909313151144486,0.3761954859543562,-0.0032100562328267607,-0.07791288770262099
1789203252.3103397,0.6489428101229728,-0.008909322478476133,0.3761954208270146,-0.003209950035876306,-0.07791289178123455
1789203252.316126,0.648942875394381,-0.008909089134207328,0.37619541873609624,-0.0032097894440951823,-0.07791288919597722
1789203252.3205733,0.6489429193143306,-0.008909177051092069,0.3761953271959829,-0.0032096834354881946,-0.07791286349640217
1789203252.3264427,0.6489429983664279,-0.008909029795375318,0.37619529225362575,-0.0032095137477518403,-0.07791286513527368
1789203252.3298037,0.6489430384746179,-0.008909040401115512,0.37619523207456507,-0.003209404730119997,-0.07791285269152022
1789203252.3368676,0.6489431140782934,-0.008909004335890154,0.37619515465487996,-0.003209247630969973,-0.0779128181463594
1789203252.340057,0.6489431681374974,-0.008909054110843745,0.3761950761051226,-0.003209120536194539,-0.07791284539381814
1789203252.3456953,0.6489432293856495,-0.008908988264162044,0.376195011682416,-0.003208969222878159,-0.0779129229536399
1789203252.350192,0.6489432626992747,-0.008908748733592257,0.3761950358846175,-0.0032088758625629372,-0.0779129355324013
1789203252.3557575,0.6489433446248278,-0.008908696460798688,0.3761949677068547,-0.0032087057815463563,-0.07791283957107797
1789203252.360208,0.6489433826280102,-0.008908817111317713,0.3761948648789292,-0.0032086069134395043,-0.07791281026077575
1789203252.3658407,0.6489434497597347,-0.008908543585358409,0.37619487283576736,-0.0032084613086783764,-0.07791281243304513
1789203252.3702238,0.6489435044135725,-0.008908723846323147,0.3761947464835626,-0.003208342106520733,-0.07791278904252812
1789203252.3758326,0.6489435746277066,-0.008908588624197317,0.3761947040492051,-0.0032081702656877407,-0.07791283923792947
1789203252.3804097,0.6489436084271764,-0.008908475239618269,0.37619468658818195,-0.003208079499746409,-0.07791283355094525
1789203252.3859344,0.6489436736571818,-0.008908338649663174,0.3761946471927639,-0.003207923243177472,-0.07791277512586268
1789203252.3903186,0.6489437237148601,-0.008908364695483714,0.37619457852602384,-0.0032078278288639236,-0.07791274266218653
1789203252.3959844,0.6489437918540522,-0.008908247274951665,0.3761945305243746,-0.003207669789641622,-0.07791271460812597
1789203252.4003124,0.6489438319496653,-0.008908330057644619,0.376194440067736,-0.0032075654057215903,-0.07791271179267857
1789203252.4059308,0.6489439073951757,-0.008908090949419929,0.37619443437630634,-0.0032073979119684876,-0.0779127031871759
1789203252.4103165,0.6489439426086371,-0.008908111291364625,0.3761943668231414,-0.0032073013863765636,-0.07791266954159204
1789203252.415994,0.6489440155438989,-0.008908085121725341,0.3761942860776197,-0.0032071519067583113,-0.07791269060471233
1789203252.4203596,0.6489440610194718,-0.008908016454602699,0.3761942491071557,-0.003207045103659263,-0.07791268805357338
1789203252.4259243,0.6489441298210278,-0.008907825939408526,0.37619422997529944,-0.003206876522661726,-0.07791266844498014
1789203252.4304473,0.6489441772249845,-0.008907897861368847,0.37619414453239647,-0.003206767620581556,-0.07791264167682113
1789203252.4360495,0.648944244056793,-0.008907876070583784,0.37619406586737947,-0.0032066122702652444,-0.0779126319015166
1789203252.4395142,0.6489442933833166,-0.008907712588215455,0.37619406271616795,-0.003206494138412368,-0.07791264934439446
1789203252.4467788,0.6489443689170669,-0.008907785650012746,0.37619395096103136,-0.0032063255522561526,-0.07791262911622646
1789203252.450045,0.6489444049836122,-0.008907745974551701,0.37619390388365137,-0.003206231383709465,-0.07791265702007026
1789203252.4555185,0.6489444812530949,-0.008907472862960336,0.37619391108758266,-0.003206056125119621,-0.07791265125365843
1789203252.4599183,0.6489445225358836,-0.008907805809730588,0.3761937323292069,-0.0032059597694781288,-0.07791261499318825
1789203252.4657848,0.6489445888189327,-0.008907512997935194,0.37619374145488427,-0.0032058074903337608,-0.07791270745257667
1789203252.4701293,0.6489446430235735,-0.008907343860913216,0.3761937438710757,-0.0032056978481983804,-0.07791268213777576
1789203252.4758234,0.6489446988029297,-0.00890744227769149,0.3761936203229559,-0.0032055490803882696,-0.07791257757748792
1789203252.480433,0.6489447412554189,-0.00890745317246949,0.37619355526008763,-0.0032054492625546178,-0.07791259245992771
1789203252.4861054,0.6489448242357778,-0.008907243446847238,0.37619353999028177,-0.0032052673795273097,-0.07791261559674448
1789203252.4905756,0.6489448558777267,-0.008907340746671091,0.3761934498358123,-0.003205178263458813,-0.07791259161507098
1789203252.4961824,0.648944931666912,-0.008907064691728176,0.3761934547296638,-0.003205024263496203,-0.07791262996057895
1789203252.4995832,0.6489449795664034,-0.00890716238645693,0.37619335881147514,-0.0032049033797104673,-0.07791258814756646
1789203252.506286,0.6489450336118208,-0.008907196563466063,0.37619325423045613,-0.003204774457536579,-0.07791262125679545
1789203252.5098677,0.6489450869458488,-0.008906972324976854,0.37619326999779584,-0.003204661375775748,-0.07791263470106595
1789203252.5168147,0.6489451573503644,-0.00890699410811502,0.37619317344740383,-0.0032044990642381196,-0.07791256921130842
1789203252.520232,0.6489451970527086,-0.00890698306356072,0.37619311822640117,-0.0032043961672227816,-0.07791255725623125
1789203252.526129,0.6489452731522801,-0.008906956703684072,0.3761930365462856,-0.0032042355537831536,-0.07791251904751993
1789203252.5306787,0.6489453263757409,-0.0089069947610211,0.37619295840706607,-0.0032041152739643564,-0.07791253729880401
1789203252.5365777,0.6489453852079973,-0.008907004025349547,0.37619286426745296,-0.003203968079609871,-0.0779126292994712
1789203252.5398526,0.6489454273490627,-0.0089065477153309,0.376192967173636,-0.003203865165904911,-0.07791264842289226
1789203252.5456367,0.6489454952689476,-0.008906879435069227,0.3761927563262765,-0.003203712373784608,-0.07791254567768933
1789203252.5501776,0.6489455462844217,-0.008906693583301872,0.37619275869095675,-0.003203597912210977,-0.07791258650241213
1789203252.556155,0.6489456008575261,-0.008906469969450012,0.3761927510883854,-0.0032034549648869994,-0.07791256860634839
1789203252.5606008,0.6489485492387495,-0.008893545910356333,0.3762005792184373,-0.003203349530592745,-0.07791250747102271
1789203252.5663798,0.6489730030149174,-0.00874190556861735,0.37625231192809594,-0.003182842283899146,-0.07794044799613925
1789203252.5696957,0.6490015177441997,-0.00854863843009932,0.37631440256767207,-0.0031693587309810766,-0.07795196828380807
1789203252.576492,0.6490659265560124,-0.008115461270748936,0.3764580793214077,-0.003101293140350512,-0.07793715192792905
1789203252.579852,0.6491240234854343,-0.007725607156143698,0.376589369772547,-0.003008839743343276,-0.07782192532570893
1789203252.5866992,0.6492319475312582,-0.0069995596518559605,0.37684762371719294,-0.002808973285572089,-0.07745400440063539
1789203252.5900567,0.6493167852196087,-0.006425968130049263,0.3770625434596082,-0.0026403255321686184,-0.07706882743641019
1789203252.5960855,0.649461335127302,-0.0054385641971779735,0.37744761829687407,-0.0023416394888725565,-0.07625658982322649
1789203252.600595,0.6495691513223437,-0.004694135103529759,0.37773126264069945,-0.002137839654744945,-0.0755429952270763
1789203252.6065402,0.6497471136431144,-0.003454580401946429,0.3781981241157796,-0.001801565175432659,-0.07421297823358082
1789203252.6098452,0.6498750095864085,-0.0025488391492968546,0.3785402042909645,-0.0015604746357928338,-0.0731529993226723
1789203252.6166296,0.6500799666492187,-0.0010750360685106756,0.3790938938561623,-0.001182091912643328,-0.07129964227130688
1789203252.6198876,0.650229524234809,-2.3614285967299138e-05,0.37948328900502476,-0.0009311806551611649,-0.06990864674137104
1789203252.6254168,0.6504689650976795,0.0016586889023793882,0.3801028584512818,-0.0004961884454143291,-0.06761623735849881
1789203252.6299422,0.6506371790971343,0.002849621598448762,0.38054012733991427,-0.00018325514702832743,-0.0659551514187257
1789203252.6354818,0.6508961220233196,0.0047374812885456995,0.38121861673110385,0.0002924857465308027,-0.06326245344756846
1789203252.6400557,0.6510699410508303,0.006064446561145017,0.38167640394645513,0.0005569344821229164,-0.061393938673917486
1789203252.6455665,0.65133270351944,0.008153156464775938,0.38236616628841325,0.0009152199299459898,-0.058460170025691885
1789203252.6502955,0.6515091631010843,0.009609216339123131,0.3828252818667522,0.0011575229026402727,-0.05639130716522298
1789203252.6561344,0.651780994479233,0.011876198002291114,0.3835106386625049,0.0015557328709959362,-0.05309930989082243
1789203252.6596882,0.6519638147135193,0.013435988170798099,0.38396096707324334,0.0018225893479437382,-0.05084198500915112
1789203252.6662993,0.6522321487040248,0.015851872135552798,0.384623389793447,0.00200351040761173,-0.04740221571843416
1789203252.6697836,0.6524061763094244,0.01750562480376959,0.38506078964160784,0.002013550542622249,-0.045100227885136304
1789203252.6756358,0.6526653425087917,0.020061039847660715,0.3857031565580025,0.0019700822322172807,-0.04165077553596768
1789203252.6801274,0.6528384619291715,0.021810589049842226,0.3861213798394467,0.0020412992854085456,-0.03942365260642663
1789203252.6857677,0.6530925601019251,0.024515581943745382,0.38672091072001413,0.002173176021798063,-0.036127988243588136
1789203252.6904657,0.6532592829035979,0.02636618803330538,0.3871051288454036,0.0022908822443992267,-0.0339404712908147
1789203252.6962783,0.6534936621420537,0.029200791817412006,0.38765698362404455,0.002500557814625003,-0.030803699084001487
1789203252.699986,0.653640862387667,0.031131715064717822,0.3879953031217459,0.002661007102966541,-0.028816499949612436
1789203252.7061245,0.6538491721916717,0.034091694950447296,0.38845905642016904,0.0029009840762607574,-0.025970543185016577
1789203252.7097533,0.6539751275204106,0.03610262083864574,0.38874520515247374,0.003043387096819864,-0.024184334354828273
1789203252.716555,0.654143060149493,0.039182148869232235,0.389120842635882,0.0031947929409535665,-0.021649319397751988
1789203252.7199059,0.6542474142631609,0.041274758326521416,0.3893288725677371,0.00323535161180658,-0.020074359849448626
1789203252.7259984,0.654394483932607,0.04446433645278692,0.3895860224572353,0.0033185502977894203,-0.01775823116528517
1789203252.7304504,0.6544840632544525,0.04661843212034479,0.38973413699280146,0.0033800290568692304,-0.016270422856459712
1789203252.736369,0.6546039028880827,0.049888518581886934,0.3899179839279798,0.003464818621863988,-0.014162757682752823
1789203252.7397091,0.6546743483987901,0.05209422856971423,0.3900026914331116,0.00353860110559827,-0.012849539163016755
1789203252.7465947,0.6547636137709395,0.05544522459116486,0.3900696420613392,0.0036868705090433596,-0.010933523026277044
1789203252.7501962,0.6548073611061734,0.057702725074160924,0.39008183921781764,0.00373520570019294,-0.009744282704528833
1789203252.7561827,0.6548584462581288,0.061121782051379574,0.3900590906964018,0.003748280627062456,-0.00792006267165575
1789203252.7597268,0.6548839739201959,0.06342293792158277,0.3900080573468407,0.003779332358559931,-0.006678937322724582
1789203252.765708,0.6549026641140269,0.06690090076495736,0.3898952415322967,0.0038083740248060125,-0.00486006755819471
1789203252.7702293,0.6548996402089917,0.06924054853720413,0.38979073218521254,0.0037986473073694845,-0.0036784756283007335
1789203252.7759948,0.6548842030867781,0.07278031834759228,0.38958785390003126,0.0037362471578797625,-0.0018897831316585486
1789203252.779806,0.6548654699184892,0.0751554898020968,0.3894259025386491,0.003693942215487867,-0.0006553882100552224
1789203252.7866988,0.6548188537911992,0.07874150689632917,0.38914796370121146,0.003588616537037376,0.0011386601582126068
1789203252.7900627,0.6547759612398383,0.08115155802342984,0.38893256177991076,0.003464334508167913,0.002273480829926346
1789203252.7960143,0.6546972727464472,0.08478336051981236,0.3885871895790693,0.003254646093226758,0.004029265044345438
1789203252.8005798,0.6546341409532382,0.0872151282191152,0.3883375134223959,0.0030956145595170187,0.005178972043517939
1789203252.806467,0.6545176866643819,0.09088857095554091,0.3879038641467768,0.0028421312755428966,0.006962182673392407
1789203252.8099558,0.6544249002352301,0.09335062645090784,0.3875949446578312,0.0026181007628559307,0.008161947969808082
1789203252.8157668,0.6542713044914926,0.09705238054341578,0.3871254999356148,0.0022376179505530012,0.0099731271599215
1789203252.8205316,0.6541583369079195,0.09952622487742545,0.3868086677133439,0.002002298281237521,0.01116733416914128
1789203252.8262384,0.6539687687942626,0.10324881318385994,0.3863293428917701,0.001632253932135274,0.012920801609148928
1789203252.8297203,0.6538356543079118,0.10574145687931219,0.38599922667338465,0.0013810299546638137,0.0140948794561148
1789203252.8365817,0.6536213238649136,0.10949137824555522,0.3855076492844,0.001082994336998114,0.015938712406981945
1789203252.8399262,0.6534652990441944,0.11199822378358998,0.3851832871631022,0.000800238064136231,0.01708271979211527
1789203252.8458555,0.6532219978511726,0.11576345654062523,0.38471870245432666,0.0004000653264554365,0.01874867575307195
1789203252.8503,0.6530574604676672,0.11828160753609814,0.3844131359997565,0.0001868006565538058,0.019886099656160026
1789203252.8561423,0.6528049847236935,0.12207125295915763,0.38396152206723755,6.418632405203927e-06,0.021674108438197757
1789203252.8607807,0.6526282315804334,0.12460204493177994,0.383678421639998,-0.00015583320623432722,0.022768560537152677
1789203252.8666801,0.6523595299314823,0.12839967478992054,0.3832964120073305,-0.00034959659949158087,0.024391517491709327
1789203252.8702323,0.6521765441517524,0.13093480071520003,0.3830687187849918,-0.0004627178100442037,0.02546771116231886
1789203252.87612,0.6518865822161546,0.13474357195185752,0.3827563212726656,-0.0007407253920099948,0.027063855785515137
1789203252.8804517,0.651691195554347,0.1372873130051747,0.3825726462728235,-0.0009356859607905973,0.02816686768539133
1789203252.886217,0.6513894541768648,0.1411148127240209,0.38232430772294773,-0.001220210408302977,0.02980618283370332
1789203252.889656,0.6511840612563795,0.1436682239286022,0.38219461544079536,-0.001496077279117848,0.030821133467375434
1789203252.8964713,0.6508736790300464,0.1475001708884747,0.3820612618892577,-0.0019235174577780247,0.03235783747407735
1789203252.8998861,0.6506664047857219,0.15005570211545924,0.3820209749044691,-0.002205685677474578,0.03338136011271858
1789203252.905559,0.6503619906515437,0.15389437092104372,0.38200801149961894,-0.002573263121989073,0.03487021213390624
1789203252.9100547,0.6501575604312992,0.1564557932570703,0.38203160519238244,-0.002758960238203975,0.03589779441667814
1789203252.916065,0.6498521290381859,0.1602974489184779,0.38212921845008624,-0.0030999664451543166,0.03741973030024327
1789203252.9206793,0.6496457817313558,0.16286103469091198,0.3822268977941384,-0.0033721696312376164,0.03841783533755754
1789203252.9256835,0.6493426350555913,0.16670839952067515,0.38243763591278257,-0.003802794712148327,0.03995312052199973
1789203252.9303083,0.6491430457698698,0.1692753298888662,0.3826150313110586,-0.00408759749459832,0.04097867267169057
1789203252.936157,0.6488582476446003,0.17313392125973726,0.382908502681092,-0.004441415365486765,0.042398528252002056
1789203252.939796,0.6486782243806569,0.17570794335484202,0.3831402981574244,-0.004621951522256734,0.04327178671900076
1789203252.945568,0.6484176554515997,0.17957125579909686,0.38353435982700634,-0.0048642577818240424,0.04464881551319843
1789203252.950133,0.6482509190358713,0.18214942660396904,0.38382353325047186,-0.004995305766019888,0.04556142880906144
1789203252.9559853,0.6480142894313337,0.18602055475273427,0.38429181629886516,-0.0051712895992979055,0.04692003377458507
1789203252.9606073,0.6478704185333777,0.18860229222586658,0.3846317373277451,-0.005231956160703018,0.04775242640411968
1789203252.9654777,0.647669570351984,0.1924754768928284,0.3851834326567558,-0.005278072847076874,0.04899451063457655
1789203252.970303,0.6475406252934537,0.19506236624135737,0.385553943205072,-0.005313143108722678,0.049787897441221536
1789203252.9764805,0.6473720921966594,0.19894123037941688,0.3861302340519241,-0.005271742804514043,0.05084322808522595
1789203252.9800782,0.6472703323210681,0.2015235047085691,0.386526327991049,-0.0051749259708903745,0.051518890858488466
1789203252.9860625,0.6471282353127426,0.20539266319155336,0.3871079689918852,-0.005051218847462649,0.05268099314781083
1789203252.990405,0.6470495202629235,0.2079700786734058,0.3874958881716989,-0.004916041071796688,0.05353141456157998
1789203252.9961293,0.6469561578912698,0.2118336495146501,0.38807428844225855,-0.004593104033268273,0.054744493139382226
1789203253.000478,0.6469083520221797,0.21440551917732611,0.38846321042689164,-0.004333320102350741,0.05550017914184848
1789203253.0065334,0.6468567074349859,0.21825727008551143,0.38905429624133475,-0.003959099550624526,0.056589366018617075
1789203253.0101452,0.646832830213736,0.22082200001237845,0.3894342949724024,-0.003688101095209918,0.05725887269460533
1789203253.015872,0.6468049214869374,0.2246644690838841,0.38998691028908433,-0.003395351313499458,0.058349548404210194
1789203253.020341,0.6467980584609426,0.22722188773073074,0.39036388634377156,-0.0032023836831784275,0.059080251701597
1789203253.0263603,0.6468080760986378,0.23105275862487942,0.3909317707686292,-0.0028066072804134048,0.060107940411450365
1789203253.0297554,0.6468264620958024,0.23360367510142138,0.3913070987818702,-0.0024728355454645343,0.06073849244916242
1789203253.0365543,0.6468588692536539,0.23742812173270278,0.39185361992809226,-0.002036278826718973,0.06164760370848193
1789203253.0398932,0.6468833222313559,0.23997603188458524,0.3922218803246744,-0.0018355426392210133,0.062236951383008346
1789203253.0458345,0.6469313218344229,0.24379547054035994,0.39275882957649416,-0.0015920235888460513,0.06316191834432888
1789203253.0504732,0.646974662664895,0.24634042411598384,0.3930813465446306,-0.001363578106914006,0.06380221630493617
1789203253.056199,0.6470538193384757,0.2501562802625472,0.39355576437273837,-0.0008526237323320954,0.0647182022482946
1789203253.059996,0.6471122828258793,0.2526979228028312,0.39387617973827965,-0.0005043983950665944,0.0653407008480606
1789203253.0667586,0.6472108751138095,0.25650612207791373,0.3943578500985821,0.00010613152978676791,0.06621111944742711
1789203253.0703084,0.6472820059815054,0.25904307760542455,0.39468052072601634,0.0004928907486323962,0.06680726717152184
1789203253.0757716,0.6473991846543227,0.2628466201749742,0.39513467002885816,0.0011624992559715935,0.06762222003858304
1789203253.0803604,0.6474716349609161,0.2653830912698238,0.3954198849467146,0.00154713942868227,0.06817715319126799
1789203253.0863924,0.647584451515681,0.26918673715842606,0.39584607063510274,0.0019969815542019423,0.06893661125467958
1789203253.0895908,0.6476650180490626,0.2717207818454279,0.3961229104520022,0.0023941496647389053,0.06936365418675706
1789203253.0965548,0.647784656472235,0.2755195433141462,0.3965419367913361,0.00296267684306863,0.07002549664659206
1789203253.0999985,0.6478717752701967,0.27804887559185965,0.39681273129921835,0.003378589004852579,0.0704792250111849
1789203253.1067064,0.6480093473759773,0.2818402803182937,0.3971980817684942,0.004172757870204464,0.0711311597842038
1789203253.110158,0.6480887940059715,0.2843675864749214,0.3974292868425719,0.00459442042688794,0.07162314723325233
1789203253.1160781,0.6482105721041009,0.288154289940856,0.39775863952232887,0.005128763010230785,0.07228246630358529
1789203253.1207857,0.6482940000886704,0.29067436041643285,0.3979670972294844,0.005583293404684304,0.07264768336104666
1789203253.1259875,0.6484104081424343,0.294449759299676,0.3982759982592227,0.006268359590682109,0.0732116055866886
1789203253.1306176,0.6484864502081774,0.29696427451912344,0.3984577174696896,0.006724489406752632,0.07359574157556312
1789203253.1366243,0.6486001409692581,0.3007288528923218,0.3987021302618317,0.007481171269727077,0.07417710232908543
1789203253.1399722,0.6486676087987695,0.30323368043772103,0.39886008548993734,0.007909932467334855,0.07457329918064899
1789203253.1460145,0.6487583266866427,0.3069853602831244,0.3990716608514921,0.008443954472459672,0.07515488266381755
1789203253.150464,0.648813402029946,0.30948360096442334,0.3991862737148185,0.008769960046965808,0.07548905462452515
1789203253.1563864,0.6488769939526295,0.31322172397113063,0.39934312394121335,0.009113230760760935,0.07590840930575277
1789203253.1598184,0.6489119551119856,0.3157060015452843,0.3994390787847856,0.00930872287558448,0.07619289223296316
1789203253.1655242,0.6489714323569996,0.3194230877559685,0.3995221846608379,0.009738023521446088,0.07663924591471
1789203253.1701589,0.6489934764822933,0.32189473917200906,0.3995521411878093,0.009977234197791347,0.07702542334431042
1789203253.1760097,0.6490031436060298,0.32559451727083033,0.3995800873396045,0.010138757587327922,0.07755418231088371
1789203253.1805172,0.6489956860940517,0.32805535638725497,0.39958346922085075,0.010150807567480956,0.0778036876080671
1789203253.18614,0.6489783906842694,0.3317373101019141,0.399565445942319,0.010206104718879689,0.07807499761815162
1789203253.189625,0.6489583863176518,0.3341845261226425,0.39955091593107217,0.010230206106407647,0.07824999523192407
1789203253.1962538,0.6489119792783182,0.3378447704379744,0.399505000665277,0.01018306243119524,0.07845912326235856
1789203253.1996522,0.6488862798611321,0.340276850239045,0.3994365636270225,0.010277218508308116,0.07853488143577317
1789203253.20649,0.648824586364829,0.3439122450911822,0.39931046774565937,0.01043759977181226,0.07867868016738298
1789203253.209843,0.6487646792957236,0.34632799038001477,0.39921101151733923,0.010372637818804776,0.07880264184050946
1789203253.215667,0.6486683085518531,0.34994089089930214,0.39906585940051226,0.010225669632158653,0.07894871436821342
1789203253.2200058,0.6486012467814011,0.35234222741975096,0.39897030585149296,0.010196733885051386,0.07907268624101742
1789203253.225687,0.6484944395096216,0.35593441129265285,0.3988154383508899,0.010281033747290495,0.07913817265125535
1789203253.2300606,0.6484202525809168,0.3583205106631386,0.39869325189668664,0.01027802603794027,0.0791659281482563
1789203253.2358239,0.6483048417160275,0.36188820207669287,0.3985188775556391,0.010414361691371743,0.07936871578690174
1789203253.2403705,0.6482166521953852,0.3642598775094754,0.3984037287652537,0.010396093067819499,0.07947737377688224
1789203253.246361,0.6480756969123863,0.3678064715863812,0.3982164173451316,0.010265704222900872,0.07963746866803725
1789203253.2500882,0.6479780581716349,0.37016379581062214,0.39808734294848774,0.010206322921553924,0.07979855496263728
1789203253.2561982,0.647815836092818,0.3736895824287457,0.39790366723149256,0.010049485210293451,0.0800559951686005
1789203253.2597613,0.647706438931138,0.37603375290837054,0.3977913969181377,0.00985688437972197,0.08019395543317896
1789203253.266691,0.6475448092723043,0.37954285589462095,0.397642412461936,0.009726763579622889,0.0805360537011452
1789203253.2701793,0.6474361632508131,0.3818773255026515,0.3975446349975859,0.009670172006051162,0.08071527649787069
1789203253.2760034,0.6472713507951292,0.38537024855298785,0.3974075248600655,0.009581850467523193,0.08069809408727056
1789203253.2805345,0.6471637390368312,0.38769279207882507,0.39733358082448017,0.009525514366747674,0.08074200659732045
1789203253.2866626,0.6469867108080674,0.3911671376645783,0.39721211481079216,0.009439284382544119,0.08102153562744274
1789203253.2901816,0.6468668201109704,0.39347739282284466,0.397148768866549,0.009289636336752272,0.08123256882517077
1789203253.2957363,0.64668394635116,0.39693582559575746,0.39707555517984494,0.009117765427087551,0.0815497796265686
1789203253.3000648,0.6465587309667877,0.3992384674252696,0.3970338811727026,0.008913223133095638,0.08167787621833059
1789203253.3060908,0.6463806448204763,0.40268496500875356,0.39700001484111513,0.008780048500439425,0.08178590561564865
1789203253.310869,0.646267062067389,0.40497696476531364,0.3969950407555337,0.008766021659924846,0.08188166627449102
1789203253.318061,0.646108679155793,0.4084087573317896,0.39699176496440114,0.00891784214861803,0.08203844677320302
1789203253.3206933,0.6459917300977628,0.4106918938577912,0.3969809810383298,0.00891905118366178,0.08210572479197041
1789203253.326028,0.645817174804383,0.41411012335668607,0.3970017700599963,0.008786412975767738,0.08238540998340127
1789203253.3310962,0.6457055558453391,0.4163854201933476,0.3970331936752253,0.008711410680966817,0.08260678721523529
1789203253.336009,0.6455500682425923,0.4197952504918206,0.3970675342049122,0.008699473183211178,0.08276234306838223
1789203253.3406541,0.6454546068667643,0.42206527709369696,0.397101990368353,0.008833837819530671,0.08282694784903728
1789203253.34663,0.6453178655300164,0.42546466145462997,0.39718680783753235,0.008987614529715273,0.08299859577397578
1789203253.3500023,0.6452307291328221,0.4277280204204004,0.397259409017006,0.009058566853073779,0.08313676963141697
1789203253.356338,0.6450941479884328,0.43111798856018435,0.39735228512865217,0.009151241746593201,0.08343456191337661
1789203253.359924,0.6449996592719658,0.4333747189629767,0.39741715908219205,0.00909706887202844,0.08363210331160566
1789203253.3658957,0.6448723261406273,0.43675476565410504,0.3975211195972491,0.009130188037683364,0.08380927449871706
1789203253.370697,0.6447979459711479,0.4390050108057755,0.39759355293108445,0.009262226960132697,0.08388122546331556
1789203253.3767939,0.6446941613129229,0.4423776512945917,0.39770773227232764,0.00949448396544557,0.08407064151372658
1789203253.3808577,0.6446247307755141,0.444622836407478,0.39779500790292494,0.009551603247827445,0.08418935518232289
1789203253.3865418,0.6445251473321425,0.44798506783794306,0.39792889364160805,0.00957097353596852,0.08437863450227048
1789203253.3898785,0.6444648874585723,0.45022168660348627,0.39800987429282664,0.009670145240256776,0.08451778877270556
1789203253.3956995,0.6443781663535616,0.4535725630855231,0.39813635914430734,0.009836836741604793,0.08477877754765227
1789203253.40011,0.6443161283549074,0.45580391711104323,0.3982212804230552,0.009853843514189872,0.08488551069397346
1789203253.405849,0.6442345988453734,0.4591455105104926,0.39834919862129625,0.009820296991329679,0.08495046233017411
1789203253.4101536,0.6441943264146137,0.46136945935102697,0.3984242248557662,0.009962405607943219,0.08499490142244143
1789203253.4160526,0.6441442757968657,0.4647015583987523,0.3985470458795732,0.010274003957108471,0.08501421193011291
1789203253.420495,0.6441065106201168,0.4669189234827018,0.3986248808933902,0.01040041476165869,0.08506646461734625
1789203253.4262006,0.6440558334947906,0.47023903654846266,0.3987479139685967,0.010558076065050603,0.08522644974230756
1789203253.429555,0.6440205509564212,0.47244930403153834,0.39882832625145953,0.01065603760566164,0.08534713128995138
1789203253.436541,0.6439697790063473,0.475760670982073,0.39892260642355,0.010724494559928193,0.0853479230433787
1789203253.4397397,0.6439354172429951,0.47796247650838364,0.39896544082574315,0.010821633890574018,0.08531511067778871
1789203253.4456654,0.643893478620706,0.4812586585234271,0.3990328158438442,0.01105555427077096,0.08531424515591261
1789203253.4504251,0.6438709315482658,0.4834530026589528,0.39908502065805856,0.01122691354305629,0.08539697865180866
1789203253.456162,0.6438428822888687,0.48674250195576124,0.3991616501702431,0.011482363883977588,0.08553694378075109
1789203253.459507,0.6438248743085911,0.4889326849554902,0.3992023674723103,0.011629839584910234,0.08548349428803816
1789203253.4662104,0.6438036826412175,0.4922112285346547,0.39928638155127605,0.011825144849210913,0.08543959513094615
1789203253.469587,0.643793910543183,0.49439326206460016,0.3993382137513883,0.011980813438112269,0.08542528217557586
1789203253.4763718,0.6437806223442432,0.4976595504438314,0.3993682153163072,0.012285683559819707,0.08538547049812761
1789203253.4798682,0.6437729045258583,0.49983367222487823,0.3993992046736753,0.012483060946002794,0.0853782122684447
1789203253.4855208,0.6437618650519057,0.5030908211973769,0.3994636715803588,0.01273804018729796,0.0854451088097711
1789203253.4900908,0.6437545517103831,0.5052606251952212,0.3994975426012605,0.012849450998933228,0.08541698504038561
1789203253.4959617,0.6437501765659696,0.5085114380441179,0.39954827282517447,0.01311768032459986,0.08527472538767389
1789203253.5005686,0.6437483240956361,0.5106745600436452,0.3995980853435343,0.01328069394517353,0.08524540887978733
1789203253.506408,0.6437419041640474,0.5139142068991968,0.39966930535845197,0.013489808713552638,0.08528878789970552
1789203253.5099502,0.6437375236968118,0.5160712594372668,0.3996856240516303,0.01358495402542552,0.08522585406049599
1789203253.5160198,0.6437280735561154,0.5193014778084565,0.39969320603996117,0.013740139005631525,0.08509620655829082
1789203253.5207276,0.6437245823841679,0.5214517414404324,0.3997134770223752,0.013839565567122228,0.08507873437429855
1789203253.5267618,0.6437250847584153,0.5246740356567313,0.39974996527700385,0.014024411865850454,0.08507322365255303
1789203253.5302832,0.6437263836911205,0.5268200962577737,0.39977592830585434,0.014210539189771736,0.08503934162786736
1789203253.53647,0.6437259170501882,0.5300354922292008,0.39981945854137757,0.014386460323159673,0.08504167860773026
1789203253.5398517,0.6437301584913211,0.5321758481046238,0.39985377159776797,0.014508276596965488,0.08503483231252122
1789203253.545824,0.6437264533435353,0.5353810455542048,0.39986915988706817,0.014664325750240698,0.08487776816391772
1789203253.5504007,0.6437251150390645,0.5375148221041582,0.3998762253685,0.014730148899216805,0.08482941957852598
1789203253.5563495,0.6437278821088646,0.540710532443691,0.39989747820192584,0.01482697196614081,0.08483546384100184
1789203253.5597806,0.6437350151210808,0.5428377310007636,0.39990866648755263,0.014967587754639317,0.08480085998812932
1789203253.5666726,0.64372315594038,0.546023885442325,0.3998989601507581,0.015119421715808623,0.08467078553012347
1789203253.5703864,0.6437081002657328,0.5481454913356514,0.399886280447351,0.015058053363971596,0.08452390712458735
1789203253.576832,0.6436974903816928,0.5513202122884097,0.3998626457229949,0.015054163744739078,0.08441486257237867
1789203253.5802548,0.6436935689832783,0.5534336650621109,0.3998506994684951,0.015155549927220228,0.08432582418697826
1789203253.5863142,0.6436777035432626,0.5565988575337043,0.39983981593019025,0.015275689288377137,0.0842852110952639
1789203253.5899053,0.6436680804058923,0.5587061477257577,0.39983934198528465,0.01532856903453796,0.08432930087553858
1789203253.5958757,0.6436572896662179,0.561863277602642,0.3998320287715102,0.015554249124388091,0.08430062020998602
1789203253.600412,0.6436455522643917,0.5639656537743811,0.3998323576751129,0.01564928021648993,0.08418217878799879
1789203253.606314,0.6436202614582206,0.5671151911759253,0.3998252299964329,0.0156672875145418,0.08397803405860599
1789203253.6098843,0.6436071651997626,0.5692106880205042,0.3998142774744237,0.015714685833708244,0.08388065985256186
1789203253.6161308,0.6435918306458965,0.5723490845518556,0.3997896815801861,0.01586630751376385,0.08368895398888522
1789203253.6205947,0.6435778266031245,0.5744382708119554,0.39977973823025265,0.01597169622046615,0.08356563888272575
1789203253.626384,0.6435441969520057,0.5775683661097035,0.39976123902002303,0.016008529887347023,0.0833827794310382
1789203253.6299767,0.6435194056737944,0.579652141695523,0.399752632609327,0.015961059814717262,0.08321072883285131
1789203253.6358714,0.6434763082893962,0.5827706856042799,0.39972591087447473,0.01595788199956666,0.08298328605322076
1789203253.6407478,0.6434430721831164,0.5848455486966637,0.39970252991853483,0.015909232542655832,0.08291877881702048
1789203253.6465967,0.6433968075745944,0.587954031402462,0.39967618501925456,0.01594052025134827,0.08296707819580852
1789203253.6502354,0.643366855088017,0.5900247440613295,0.39965619420753734,0.01595363974225462,0.08297594948955468
1789203253.6564174,0.6433222817808666,0.5931277719852175,0.39962791545404897,0.016037544725973997,0.08280692850886175
1789203253.6602645,0.6432853682604037,0.595194199522606,0.3996126444367545,0.016011105272881708,0.08264789633364325
1789203253.6661696,0.6432377451621706,0.5982884874821767,0.3996045711221258,0.015972000047919634,0.08245713517908516
1789203253.6697488,0.6432114680073456,0.6003473681697402,0.399603857727745,0.016016553071242567,0.08241843726081859
1789203253.676542,0.6431482915287908,0.603430073941348,0.3995801380886635,0.015996819449593785,0.08237124584606186
1789203253.680062,0.6430972182235276,0.6054835854929793,0.39955700048890735,0.01582439171465723,0.08230663698044814
1789203253.6860785,0.6430268692500201,0.6085541219159961,0.39952349703945605,0.01569638262898056,0.08211258018814725
1789203253.6898437,0.6429817200621949,0.6105701569401368,0.3994941449865727,0.015601796241967487,0.08204901362767043
1789203253.695887,0.6429077782285737,0.6135428700989296,0.39944680569342655,0.015370160369006803,0.08216462773623438
1789203253.7006433,0.6428472406548676,0.6154711284403437,0.39939780670267727,0.015147553838962897,0.08239957248964597
1789203253.7064404,0.6427521997284262,0.6182713120054045,0.3992843092663091,0.014923346751631537,0.0832156425995048
1789203253.709933,0.6426861010220765,0.6200780723852634,0.3991654446270109,0.014888778752758833,0.08399970196913013
1789203253.716745,0.6425681804667609,0.6226978477145597,0.3989212428495661,0.014699237454052492,0.08558515814373276
1789203253.7202268,0.6424788897421622,0.6243889184080782,0.39871616302297813,0.014536713303812595,0.08700003287650802
1789203253.7261477,0.6423359839705629,0.6268573711669853,0.39830577160855496,0.014273993710615359,0.08970662702170167
1789203253.7296765,0.6422599606001943,0.6284686153422323,0.3979655926520856,0.014212975665085855,0.09179722969672739
1789203253.735885,0.642154042029194,0.6308433001477959,0.3974326858527013,0.014363817421967266,0.09492620569064507
1789203253.74051,0.6420942044119794,0.6322519913673945,0.39713053544642113,0.014404483444839454,0.09675585774493392
1789203253.7465224,0.6420258282874225,0.6334235160237021,0.3970020555669096,0.014485000557121189,0.09870670417761489
1789203253.7503226,0.6419955011337528,0.6337917865330316,0.3970338477180002,0.01445702349487023,0.09949900653734065
1789203253.7566364,0.6419712942797742,0.6339719843748353,0.39715909217745204,0.014419319126212414,0.10012226636734217
1789203253.7604132,0.64195913302618,0.6339381095973066,0.3972609366119839,0.014429555621754376,0.1002543576827846
1789203253.765986,0.6419423348415632,0.6337563291649401,0.39739700794886473,0.014442860077515756,0.10014672133003907
1789203253.7709408,0.6419234349913191,0.6335791485197897,0.3974516208399961,0.014435840246896698,0.09988676789618808
1789203253.7761087,0.6418869080890198,0.6332668934012858,0.3974839444659852,0.014388801735754778,0.09923941073148888
1789203253.779791,0.6418531609702057,0.6330448764268574,0.39748498838623825,0.014325230158517183,0.0987465364955551
1789203253.7861896,0.6417868565119068,0.6326975336601465,0.39745114708457907,0.014141458576064385,0.0979579439146765
1789203253.7895598,0.6417284753758337,0.6324561486685764,0.3974089016186185,0.013923037144572749,0.0974179573331358
1789203253.7955642,0.641628448152732,0.6320886341599721,0.39730389717549647,0.013380815471790137,0.09656496385233727
1789203253.8001032,0.6415581924258211,0.6318456117226958,0.39720458705537315,0.012886535217896622,0.09595291259587009
1789203253.8062031,0.6414516377427816,0.6314779487958728,0.397043164896725,0.011949276267104294,0.09494506777032181
1789203253.8099582,0.6413878125477448,0.6312323014718587,0.39694412345678476,0.011443906858814329,0.09416623084466673
1789203253.8160012,0.6413068079851763,0.6308730076497546,0.39680906764990354,0.010849521964297585,0.0928010428156284
1789203253.8205137,0.6412660723546074,0.6306417162203374,0.3967336012654826,0.010539144482657985,0.0917248495029965
1789203253.8267655,0.6412305082020581,0.6302708856524145,0.396645795528024,0.010218026648778486,0.08992233735903978
1789203253.83039,0.6412237522003913,0.6300048559908299,0.39660323757790084,0.010081366331691205,0.08868801274444688
1789203253.8358057,0.6412394166982137,0.629586125638535,0.396556035110324,0.009988053192341334,0.08670932366582534
1789203253.840544,0.6412575302603124,0.6292925553440387,0.3965354495967983,0.0099462088914743,0.08537095095954372
1789203253.8468444,0.6412892294407918,0.6288302989313566,0.3965184748565136,0.009852710427170966,0.0834730956111851
1789203253.8503287,0.6413118572496,0.6285088506386741,0.3965147187966972,0.009776138791381355,0.08227520493600736
1789203253.856397,0.6413467298984282,0.6280159050881932,0.3965013981454162,0.009619283002414358,0.08054913571364183
1789203253.859948,0.6413624887188832,0.6276846399057734,0.3964868601407238,0.009416344740079702,0.0794473277469041
1789203253.8658934,0.6413747742923709,0.627184992347887,0.3964583700274074,0.008952067907306037,0.0779519630106612
1789203253.8705835,0.6413767267981991,0.6268525385469023,0.3964288300021025,0.00853288312827905,0.07703951488844328
1789203253.8766513,0.6413733682335286,0.6263596082253808,0.3963538885918515,0.007706759747843531,0.07571093573141467
1789203253.8800883,0.641362778285271,0.6260330161660064,0.3962870509387091,0.007004097848795535,0.07485626442911696
1789203253.8863018,0.6413358368295566,0.6255465571101751,0.3961633247245021,0.0057186518384217,0.07363414486136903
1789203253.8900495,0.6413234064771873,0.625223779689655,0.39608607525695316,0.004961330603588214,0.07276549473248929
1789203253.8961864,0.6413194382499935,0.6247520588935422,0.39597552777635164,0.004240261663252114,0.07125337024045326
1789203253.8997614,0.6413253141000244,0.6244446965904076,0.3959206123402659,0.003980028649538286,0.0700690257895738
1789203253.9058468,0.6413441516556948,0.6239941446685913,0.3958739445967169,0.003783916688643243,0.06810120368067385
1789203253.9098394,0.6413690533696593,0.6236840355250031,0.3958615430513305,0.0037403294857825315,0.06667432029611152
1789203253.9170218,0.6414254334015693,0.6231943097237772,0.395864623192046,0.0037704729443837812,0.06447691105788905
1789203253.9198341,0.6414712675790459,0.6228544506762566,0.39588043542897156,0.0038277916985842014,0.06298605184808771
1789203253.9259672,0.641548566856753,0.6223232314937317,0.39591328227092504,0.003950968557051151,0.06075407489289171
1789203253.930676,0.6416068067956927,0.6219561401432644,0.3959322446217008,0.004050793951556829,0.05928624722390269
1789203253.9367824,0.6416983276419749,0.621381837238881,0.3959550993651081,0.004220008062518457,0.057147369161551664
1789203253.9402847,0.6417568567426941,0.6209826520379105,0.39595944742870537,0.004334532699308512,0.05583825751354326
1789203253.9461434,0.6418296471178316,0.6203728536620849,0.3959312183342224,0.004413377825560851,0.05409538916975347
1789203253.949559,0.641867208999242,0.6199600007256407,0.39588293923038975,0.004358327743451616,0.05303212433139939
1789203253.9559224,0.6419183073843274,0.6193298030859968,0.39578796832397656,0.004112935727497567,0.05160770419178626
1789203253.9606311,0.6419624152817938,0.6189052858507413,0.3957310929792826,0.004033828323105735,0.050587571741762226
1789203253.9664557,0.6420432689828997,0.6182696728866883,0.39566242838269844,0.00402261806099886,0.04887498351289972
1789203253.9701333,0.6421069715489968,0.6178493660083276,0.39563062045025715,0.004075144305147415,0.04759274700140695
1789203253.975869,0.6422261242827132,0.6172294407846973,0.39560506940548584,0.004270321347164661,0.0454475596722686
1789203253.9805326,0.64232008620066,0.6168235166962914,0.3955928768785505,0.004484458473092339,0.043867720872910174
1789203253.9856055,0.6424765937005205,0.6162059827218824,0.39556392622454195,0.004823960781435158,0.04138940508991579
1789203253.990232,0.6425920028007163,0.6157949456107943,0.3955312695311389,0.005092976208385954,0.039655617062997014
1789203253.9961524,0.6427848970182302,0.6151767156202774,0.3954544128416872,0.005624471921443677,0.03705397656882924
1789203253.9997578,0.6429119024538604,0.6147634873848945,0.3953669974286547,0.006022477240303823,0.03538852345486976
1789203254.0057678,0.643085748046249,0.6141311410589494,0.39518897399730035,0.006518574040833806,0.03299566851085757
1789203254.010356,0.6431878247737982,0.6136917242915659,0.395040948223391,0.006774181776107588,0.031516044531451154
1789203254.016292,0.6433142506233989,0.6130180275804746,0.3947689985707752,0.0070439824033648925,0.029457764901713628
1789203254.0197532,0.6433781072481666,0.6125686591169792,0.39454255273257033,0.007101646384095701,0.028174948623164376
1789203254.0256028,0.6434450404587957,0.6118998945876986,0.39414755556427317,0.006888455784259256,0.026331862549561002
1789203254.030275,0.6434828006622598,0.6114565320670453,0.39387433765427976,0.006756503496657903,0.025070755324085266
1789203254.0360243,0.6435331355359614,0.6108073842866657,0.39345189462364616,0.006586964069392325,0.02313774033496685
1789203254.0395448,0.6435736309844742,0.6104006279367667,0.39315102383184586,0.006597468830502245,0.0217127385710637
1789203254.0488408,0.6436416694637712,0.6098203960820345,0.3926709200682779,0.006824976274348622,0.019303946312048535
1789203254.0505483,0.6436839710643558,0.6094437888327603,0.3923286540072566,0.00702605303911207,0.017595586764820415
1789203254.0564172,0.6437411634467978,0.6088985673794287,0.3917748797247444,0.007384026335053487,0.014872857565653064
1789203254.0599535,0.6437758988305051,0.6085516109359872,0.3913423511869994,0.0076787702462309615,0.012981547974065026
1789203254.0659308,0.643819545200513,0.6080579692946273,0.3906032982753284,0.008268736202704078,0.010049517343953446
1789203254.0705142,0.6438393405491425,0.6077399226409504,0.39006412466668094,0.008710860840753145,0.00806119369351497
1789203254.0763562,0.6438435151770032,0.6072601303250801,0.38917130178235554,0.009242349223633792,0.005141306012075784
1789203254.0798302,0.6438322798133109,0.6069473388661205,0.3884980029326996,0.009559541375853277,0.0032306548535122616
1789203254.0857618,0.6437938528507261,0.6064940485065679,0.3874102027144965,0.009959641716099171,0.0003956074371058825
1789203254.0902853,0.6437565579084037,0.6062078117786982,0.3866490806441001,0.010176075496825998,-0.001492953326316161
1789203254.0961707,0.6436846572435239,0.6057972009931758,0.3854737812342068,0.010356188027435948,-0.004314219334627063
1789203254.0999224,0.64363246232755,0.6055418870007018,0.3846563642113755,0.010534805676478475,-0.00626741017268771
1789203254.1058223,0.6435476544373968,0.6051899205088308,0.38339888473101336,0.011012193049128375,-0.009355967683921936
1789203254.1103528,0.6434853056709274,0.6049771000617699,0.38255228628985943,0.011424257097070513,-0.011489648106894066
1789203254.1176634,0.6433820904931059,0.6046856829822619,0.38126211586457326,0.012155170010998181,-0.014773612980104748
1789203254.1203237,0.6433020262621525,0.6044987121907867,0.38037278923183593,0.012713315710261113,-0.017018276494776538
1789203254.1264913,0.6431681906796266,0.6042383022904468,0.37902419712616775,0.01350330678701466,-0.02043369472849205
1789203254.1301792,0.6430735347927289,0.6040841182069495,0.37813096054035994,0.014009051758090777,-0.02275329856612664
1789203254.1362686,0.6429248128448493,0.6038760131806634,0.37681313753580514,0.01463400848833764,-0.026251702259866477
1789203254.1397703,0.6428261340517714,0.6037608682758431,0.375931638425642,0.015104777732151858,-0.028659110268113363
1789203254.146697,0.6426775096938899,0.6036236208418635,0.37461780727473853,0.016030647671140593,-0.03242436029822134
1789203254.1503987,0.6425672818281029,0.6035358892245184,0.3737625309111851,0.0166703666156792,-0.03497732648238291
1789203254.1564984,0.6423853450332051,0.6034177391632101,0.3725253448723149,0.017378446246994774,-0.03879538022279775
1789203254.160104,0.6422642050167763,0.6033669462758711,0.3717066631871779,0.017870590164551784,-0.041416247377810925
1789203254.1662228,0.6420805744660614,0.6033294227032021,0.37049836369085115,0.018777972371884475,-0.04548698611547705
1789203254.1702678,0.6419647479773061,0.6033114226912711,0.36971904637703673,0.01938460558194636,-0.04822424829949658
1789203254.17647,0.6418111929155179,0.6032840453110655,0.36860425282595205,0.02024697406986914,-0.05214626319755033
1789203254.1801553,0.6417245827726867,0.6032630633299323,0.3678839203463212,0.020940995841237073,-0.054610054862660705
1789203254.1865187,0.6416059800977225,0.6031984521207935,0.3668610683353187,0.021906409864905774,-0.058026601096482805
1789203254.1899374,0.6415407831641388,0.6031501225680888,0.366222098983271,0.022466652136267903,-0.06008506491553003
1789203254.1956892,0.6414595641078106,0.6031020920422958,0.3653124840691163,0.023415864786861,-0.06295775398958336
1789203254.200143,0.6414123681047166,0.6030946929643751,0.3647209738135783,0.024250936533497778,-0.06491577291319972
1789203254.2059882,0.6413470196243857,0.6031194212443414,0.3638629675020723,0.0256747225839633,-0.0679435961070261
1789203254.2104716,0.6413051903151612,0.6031576659249029,0.3633145721645766,0.026634239449297485,-0.07000513988716558
1789203254.2162554,0.6412417371565177,0.6032278113138316,0.3625394430932432,0.027886446905223412,-0.07311890762348239
1789203254.2197776,0.6411869514184116,0.6032676952196788,0.3620454392438392,0.02847179508596606,-0.07522529985674568
1789203254.2266297,0.6410838870265219,0.6033231146265207,0.36135025717353064,0.028972361446286846,-0.07844352635977918
1789203254.2299669,0.6410055700257534,0.6033696562277518,0.36091795566481444,0.029093497995456893,-0.08062100500958735
1789203254.2356887,0.6408800746603421,0.6034738236480005,0.3603067351233732,0.029149432914306057,-0.08389281390735315
1789203254.2401114,0.6407925662623614,0.6035716872141906,0.35991637922478736,0.02933970757365946,-0.08615219235809264
1789203254.2460508,0.6406534300051806,0.6037573782677826,0.3593609678317533,0.02972306946238848,-0.08966313440226506
1789203254.2507377,0.6405598301520867,0.6038979660402145,0.3590159652456745,0.029892861156203935,-0.09207902185766159
1789203254.255599,0.6404400138014704,0.6040995051274825,0.3585355080059836,0.030068946040491543,-0.09555693529408733
1789203254.260291,0.6403722132690464,0.6042205324584693,0.35823961893586087,0.030340236400309164,-0.09767326798729686
1789203254.2663653,0.6402690956831332,0.6043486466746357,0.35786836841364666,0.030718863326115585,-0.10051550120852876
1789203254.2696922,0.6401933136577734,0.6044142095873052,0.35767656615653487,0.030906260988077777,-0.1021814322443411
1789203254.2764254,0.6400746319471828,0.6045265605343438,0.35744718890026794,0.031191695634164032,-0.10442270955965804
1789203254.2798162,0.6399945981499234,0.6046212947379995,0.3573141057942541,0.03141472519062115,-0.10585730698837006
1789203254.2854815,0.6398698361069021,0.6047954404735402,0.3571384210669771,0.03171108625671803,-0.10805535597516241
1789203254.2900715,0.6397829984901906,0.6049277646149313,0.35703872467534103,0.03182595294957044,-0.10955373943035362
1789203254.2959073,0.6396405534586191,0.6051435068681598,0.35691215461022163,0.03182099108528808,-0.1118813315901265
1789203254.2994726,0.6395222822700827,0.6052829661082035,0.35684881119879036,0.031690262192503336,-0.11347610115616036
1789203254.3064466,0.6393233466492013,0.6055153849905307,0.35677557033426144,0.03132177856221966,-0.11591253312353797
1789203254.3099694,0.6391774235619015,0.6056924119756074,0.35674043628034613,0.031019963256444138,-0.11753214051142571
1789203254.3162048,0.6389389180690259,0.6059615278341756,0.3567135814636166,0.030490806558438544,-0.11993571382504509
1789203254.3201606,0.6387743874792423,0.6061181274540208,0.35671901754317836,0.030081239301645368,-0.12144632930243168
1789203254.3264732,0.6385346169789362,0.6063449737733282,0.3567547930927227,0.029507225747698127,-0.12341562158035138
1789203254.3302572,0.6383806753355569,0.6064909274473758,0.3567984872708999,0.029191655943668314,-0.12448899656684444
1789203254.336812,0.6381563147152276,0.6067171219575327,0.3568895402206523,0.02891237281242207,-0.12571556449977775
1789203254.340191,0.6380052040250194,0.6068878926250423,0.35695921241260337,0.028867801098914448,-0.1263916088450282
1789203254.3457203,0.6377721623948197,0.6071771906195508,0.3570685164964698,0.029004659622851422,-0.12726838622408002
1789203254.3502393,0.6376007616502073,0.6073793053946547,0.3571524118518057,0.029136091311710226,-0.12779738406309235
1789203254.3559155,0.6373149418474341,0.6077005558057506,0.3572865705913342,0.028977545180878608,-0.12862116639182808
1789203254.3603692,0.6371106017198924,0.607932138878072,0.3573684552845488,0.028770489844014254,-0.1291622894722769
1789203254.3664215,0.6367839232163469,0.6083077090223414,0.35748160977167426,0.028263003990548385,-0.13004237762488763
1789203254.370098,0.6365524377162001,0.608578938132078,0.3575527903484521,0.02782874909334868,-0.13066286243312736
1789203254.3762329,0.6361716872231955,0.6090197584677006,0.3576469943628767,0.027048480859184352,-0.1315957587469183
1789203254.3796914,0.6359004857280154,0.6093407344490239,0.3577040108334993,0.02653672347134724,-0.13222069295238428
1789203254.3859518,0.635452236314264,0.6098598281825511,0.3578032641764305,0.025717189411110203,-0.13329161222163924
1789203254.3896916,0.6351480197320346,0.6102092658574159,0.35786520157593155,0.02510003588115517,-0.13403487090169258
1789203254.3958282,0.634700400021319,0.6107215589773227,0.35795428089184117,0.024256690232711844,-0.1348765519175458
1789203254.400448,0.6344128320205593,0.6110534120466671,0.35801472689525765,0.023846869547209455,-0.13521776789828072
1789203254.4065485,0.633995454698686,0.6115270727771981,0.3581202328899226,0.023485886796004014,-0.13534624089939404
1789203254.410027,0.6337201654212687,0.6118376182225443,0.35820722969939295,0.023199725561623037,-0.1352348802463977
1789203254.415944,0.6333150658613469,0.6123305912635516,0.3583520724986462,0.022937852207332923,-0.1348908962083249
1789203254.4197593,0.6330447925598114,0.6126803818771162,0.35845298015243726,0.022820071930568238,-0.13459168720235654
1789203254.4256344,0.6326346160762417,0.6132391104930035,0.35860336331853776,0.022608173365442918,-0.13409715414629342
1789203254.4301805,0.6323561935026776,0.6136350911322195,0.3586987809462057,0.022432566595101677,-0.13374444622132176
1789203254.4362636,0.6319281717928342,0.614263871705628,0.3588263657205887,0.022065895429482948,-0.1332006683971745
1789203254.4399357,0.6316289340008359,0.6146877615365219,0.3589043757837843,0.021688759341302394,-0.132828076723232
1789203254.4461813,0.6311512903313194,0.6153302920018902,0.359009915080402,0.020741215874954953,-0.13237448930283527
1789203254.4497972,0.6308188758759549,0.6157801321600661,0.3590724235616898,0.019970860621991923,-0.13210679923877444
1789203254.4560375,0.6303011439543649,0.6164944187933148,0.35915720545341695,0.01873330205422714,-0.1318006123911574
1789203254.4606442,0.6299392207455763,0.6170033157461424,0.35921498465140866,0.01792611470947295,-0.13161229406725478
1789203254.4657516,0.6293876004635658,0.6177992771563214,0.35930227771129003,0.016953187805262736,-0.1313985751200459
1789203254.4707375,0.6290303157595488,0.6183206645655235,0.359357185286703,0.01643355406403211,-0.13115283834765065
1789203254.4760678,0.6285109457507911,0.6190813748262199,0.35944671065390166,0.015791516313305966,-0.13046434746370572
1789203254.4798324,0.6281774323770918,0.6195750707390552,0.35951950315288994,0.01524746336274787,-0.12984532201018154
1789203254.4860697,0.6277066685950151,0.6203071846228462,0.3596456366846547,0.014528284327104781,-0.12859021305684268
1789203254.4909713,0.6274146991770287,0.6207908753033303,0.35974325040677335,0.014192808184893824,-0.12751707482573538
1789203254.496661,0.6269951689135048,0.6215386413411154,0.3599084938758262,0.013940505587174907,-0.12563856160767742
1789203254.5000703,0.6267166154477259,0.6220537102622375,0.3600361620299151,0.013667212506623784,-0.12439622317067162
1789203254.5060651,0.6262998961810995,0.6228623411921205,0.36024498018620227,0.01306678080228159,-0.12262104764180344
1789203254.5095003,0.6260222902618622,0.6234309981659929,0.36038828444919957,0.012660613311372403,-0.12148559642782757
1789203254.5172079,0.625602295516921,0.624327072817358,0.3605983350752271,0.012054519091666323,-0.11986507000373892
1789203254.520636,0.625315472569423,0.6249469205812572,0.3607296617857981,0.011647756062160721,-0.11878546789479152
1789203254.5263236,0.624864956884657,0.625905745675425,0.36090749153989393,0.01093974005423476,-0.11715137424260845
1789203254.5298574,0.6245328453610979,0.6265701438461637,0.36100418282667723,0.010268538211875962,-0.11607052418626103
1789203254.5364006,0.6240111938055471,0.6276082464894871,0.36113801221344355,0.009104582979891264,-0.11461560209235411
1789203254.5400608,0.6236578077416308,0.628317298634599,0.3612167221348091,0.008373667275298915,-0.11370222883845156
1789203254.5461304,0.6231246223144552,0.6294113025708702,0.3613199591048764,0.007414523287158601,-0.11238299090372633
1789203254.5497684,0.6227641783662106,0.6301600761369339,0.3613813505743045,0.006819941641538967,-0.11155746774283534
1789203254.5559256,0.6222129513551794,0.6313092728816222,0.36147467262268695,0.005704087427006435,-0.11046544418393933
1789203254.5605073,0.621842978452418,0.6320992227256268,0.3615446551513836,0.004893889136668557,-0.10977607571475917
1789203254.566566,0.6212654314931452,0.6333173810969938,0.3616360361564149,0.0036363274012551046,-0.1087585118285438
1789203254.5704303,0.6208803262099395,0.63411862742964,0.3616978435220211,0.0027710923736490593,-0.10792777168832378
1789203254.576808,0.620297036337252,0.6353185277789596,0.3618309575183943,0.0014590725615568393,-0.10652710192455093
1789203254.58082,0.6199261849756472,0.6360980111865464,0.3619464894242007,0.0006039453668952872,-0.10541339466236767
1789203254.5863695,0.6194106090518556,0.6372463787430901,0.36215276164917054,-0.0004567547818712779,-0.10334438334012355
1789203254.5899472,0.6190962448604455,0.6379997272359692,0.3623101955349737,-0.0009610303155996417,-0.10167393813125129
1789203254.5961752,0.6186590459248722,0.639126172563137,0.36258258623328476,-0.0014667894023455109,-0.09879330436392496
1789203254.5995808,0.618377916762366,0.6398945083577484,0.36279162362350514,-0.0017589477495143645,-0.09683159858580603
1789203254.606692,0.6179659259279536,0.6410815131133586,0.3631347667325616,-0.002336449676077573,-0.09400890040522561
1789203254.6100326,0.6176968724505928,0.6419015920303034,0.36337342193524264,-0.0027217593115926603,-0.09219399074126812
1789203254.6159625,0.6172892005163885,0.6431718077483118,0.36373518044788755,-0.0033076664161494607,-0.08961725843368658
1789203254.6203809,0.6169942723437687,0.6440439921903288,0.3639589129290449,-0.0038103513802290215,-0.08792204167503782
1789203254.6263244,0.616504910188822,0.6454021336234351,0.36426780235218104,-0.0047739689087681215,-0.08534540641308488
1789203254.6296546,0.616158951055521,0.6463482559218751,0.3644685699412327,-0.005526769175917973,-0.08377339613288491
1789203254.6365228,0.6156166861517348,0.647829912825632,0.36475884132782715,-0.006619243807857049,-0.08164057383410121
1789203254.6400225,0.6152519708563986,0.6488287278963366,0.3649487336361133,-0.007397559796755805,-0.08035636907831292
1789203254.6463163,0.6147099230448766,0.6503490114043022,0.36521792417346655,-0.008556770969325974,-0.0786034807609971
1789203254.6504974,0.6143511606984199,0.6513794483153874,0.3653870636601133,-0.00927066609100882,-0.07751492292971887
1789203254.6558769,0.6137987973043691,0.6529492681347081,0.3656261519664517,-0.010403025939118134,-0.07603396035678218
1789203254.6606796,0.6134155083139216,0.6540164543998003,0.3657781606529243,-0.011143674996976013,-0.0750020847299027
1789203254.6668391,0.6128030861099178,0.6556365064809663,0.36598948042801976,-0.01237332370832872,-0.07331677492820356
1789203254.670677,0.6123927041070927,0.6567182096751278,0.36615003976141614,-0.013286766746883047,-0.07209389728936932
1789203254.675963,0.6117872931156053,0.6583422348070568,0.36643879983826144,-0.01452130935594538,-0.07005796946478203
1789203254.679847,0.6114284573292966,0.6594066320547473,0.36666263745393896,-0.015234045135983362,-0.06853184883560057
1789203254.6863375,0.6109776326503327,0.6609797243552936,0.36704259845323656,-0.015880864950316608,-0.06589347758121872
1789203254.6904163,0.6107313767973856,0.6620099693842496,0.36732693647518305,-0.01613841215288186,-0.06392247162730913
1789203254.6966634,0.6104327181262682,0.6635409044422682,0.36780230694305793,-0.016401150598562203,-0.0606828421450504
1789203254.7000577,0.6102568053460616,0.6645767475438976,0.36815192073752234,-0.016526085071723477,-0.058446420357631694
1789203254.7059658,0.6100126509172791,0.6661575388705827,0.3687146990504426,-0.016761140366518608,-0.055148693116480484
1789203254.7105958,0.6098613482100661,0.6672396872355755,0.36910335136805894,-0.016850375082864265,-0.053030634157396804
1789203254.7165563,0.6096188905880804,0.6689001632665537,0.3696732541296713,-0.016968576463596657,-0.0500177430021899
1789203254.7202263,0.6094308544148673,0.6700269680383678,0.37003807915150266,-0.01722249692238204,-0.04802734224144854
1789203254.7259822,0.609092729498705,0.6717689191485007,0.3705255880494048,-0.01791718163353091,-0.04500473437588135
1789203254.730751,0.6088263531067989,0.6729608505024957,0.3708099992417112,-0.01867496053996485,-0.04299289046413298
1789203254.7364318,0.608402181415592,0.6747629717676888,0.3712711753005826,-0.01982994273212893,-0.04033364690317614
1789203254.7398276,0.6081234461057773,0.6758869464531536,0.3716934316430108,-0.02042350211065822,-0.039544155980938286
1789203254.7458487,0.6076725380950988,0.6776226642279712,0.3723216279973118,-0.02100848581982792,-0.03905500716404285
1789203254.7506325,0.6073644867278165,0.6788013125612998,0.37274347110491585,-0.02113072784198347,-0.038942416091491724
1789203254.7565262,0.6069148523755762,0.6805722154130757,0.37338543114553435,-0.021028797161799975,-0.03887848639329285
1789203254.7600858,0.6066213685407835,0.6817618978093819,0.37381647958031766,-0.021000097625640483,-0.03859848556572905
1789203254.7664819,0.6061834982015804,0.6835677303862474,0.37444672011008184,-0.02101042558990978,-0.03773889005698793
1789203254.7703092,0.6059073224992748,0.6847428900241791,0.3748588049761316,-0.021033709304453804,-0.03684766451886592
1789203254.7765615,0.6054818570497801,0.686458484487655,0.37543753060258334,-0.02122079623553164,-0.03498009244216041
1789203254.7802835,0.6051793240343292,0.6875063608575502,0.37582012629198036,-0.021476298340089107,-0.03345102479283114
1789203254.7864747,0.604720246129071,0.6888800879468426,0.37641981992840434,-0.022225499551238294,-0.030659019549286924
1789203254.7898908,0.6044063888749315,0.6896782030199214,0.3768333962728913,-0.022992014582333364,-0.02848915214194414
1789203254.7960074,0.6039503759105028,0.6907222583246413,0.37748960731415365,-0.024460083540675526,-0.024888717928546092
1789203254.7997665,0.6036843091147794,0.6913318440724628,0.37796757815901744,-0.02537810747709834,-0.022492565208952806
1789203254.805594,0.603313064350136,0.6921804347803049,0.3787486550895536,-0.026520539689248973,-0.019146516308162626
1789203254.8100486,0.6030803264897809,0.6927428548205852,0.3792945344767959,-0.02704477046910972,-0.017281787112640903
1789203254.8160655,0.6027359196531278,0.6936158990838159,0.3801043925035882,-0.027562033381872762,-0.014964557441226914
1789203254.8202634,0.6025037222541295,0.6942240888370607,0.38063452221011196,-0.027811923986899037,-0.013663659653678644
1789203254.8258784,0.602168690431857,0.6951562707446154,0.3814029808235745,-0.027938173564353578,-0.011876639374906501
1789203254.830365,0.6019535447884429,0.6958010849796566,0.3818788988809808,-0.02780583750994233,-0.010726072629705619
1789203254.836025,0.6016328458444854,0.6967917979961369,0.3825329198300291,-0.027245868440220283,-0.009022795889123745
1789203254.839556,0.6014128392258864,0.697440533312726,0.3829445158514635,-0.026865301270985978,-0.007995261799848078
1789203254.8466332,0.6010749256794772,0.6983519252474032,0.38350648557647327,-0.026362988178054277,-0.006662335267608465
1789203254.850324,0.6008631329933961,0.6989517666870749,0.38389117099196296,-0.02602072182818403,-0.00599576187803616
1789203254.856205,0.6006019640100245,0.6998876229775945,0.3845058071823157,-0.025106977602720897,-0.005749090458242041
1789203254.8600466,0.6004845506265784,0.7005221786487744,0.3849392382293812,-0.024441851062318727,-0.0061522808946451206
1789203254.8662236,0.6003844970060391,0.701470299280748,0.38561698592226984,-0.023421121811184668,-0.007565453808232842
1789203254.8699956,0.6003641191162304,0.7020832312326521,0.3860814111693516,-0.02280496200524094,-0.00895517197582462
1789203254.875992,0.6003682487790728,0.7029851160750594,0.38677816767543605,-0.021927998351249596,-0.011628054166959277
1789203254.8796399,0.6003784603712307,0.7035507569608824,0.38724812113448026,-0.021555943040189332,-0.013582073467377527
1789203254.8861892,0.6004154245896862,0.7042775649725965,0.3879420890190466,-0.021469398801303725,-0.01650417532277379
1789203254.8899856,0.6004744034511506,0.7046291187957263,0.3883820772580222,-0.021804736793505818,-0.01824773498614161
1789203254.8959482,0.6005929651582719,0.7049852543712798,0.38896222167516553,-0.02272563266747624,-0.020556330503129255
1789203254.8996878,0.6006764388520253,0.7051292384308133,0.38926326571079595,-0.023869666049170443,-0.02201881435315946
1789203254.9056716,0.6007930091889949,0.705282259345909,0.3896574258980942,-0.025682344633171695,-0.024429530909646707
1789203254.9103546,0.6008661306759542,0.7053529581216261,0.38990341157942043,-0.026715191205354646,-0.026167738614440376
1789203254.917213,0.6009645833695791,0.7054329969861189,0.39023095620257403,-0.02815916144206852,-0.029016199896350032
1789203254.920723,0.6010209746404024,0.7054738675904864,0.39039323323648506,-0.02944246195069677,-0.03129033814039453
1789203254.926874,0.6010928863280794,0.7055269007714919,0.3905987896658959,-0.03164380726046166,-0.03521958081203215
1789203254.9307737,0.6011343920112431,0.7055588368984972,0.39072679262300175,-0.033148541865816464,-0.038122098345028936
1789203254.935638,0.6011975709471992,0.7055990916835327,0.3908898758271259,-0.03527767901710675,-0.04271559761076271
1789203254.940081,0.6012415077079204,0.7056282394388808,0.3909719168653833,-0.03664537818538142,-0.045936196492139994
1789203254.9457057,0.6013093251059834,0.7056824207685214,0.39109426469614783,-0.03856491827152814,-0.050948550074870376
1789203254.950526,0.6013558342459008,0.7057279642457139,0.39118982388130735,-0.039681322775385997,-0.05435125153077947
1789203254.956515,0.6014278253778006,0.7058145770333605,0.39136793442863255,-0.04102935580438913,-0.059463215327635335
1789203254.9599147,0.6014781133351529,0.7058880336080194,0.39150163296248985,-0.04167920504087483,-0.06290102502291456
1789203254.9658248,0.6015579938141293,0.7060255007260725,0.3917364902265473,-0.04226115558031448,-0.06810047399928382
1789203254.970527,0.6016150400789583,0.7061371502080921,0.39192412166579776,-0.04240912614528619,-0.07155799755131187
1789203254.976311,0.6017082714563471,0.7063364683821374,0.3922391994794329,-0.04238294625860081,-0.07671421884799007
1789203254.9801106,0.6017773382757672,0.7064892416804548,0.39245566489091466,-0.04223974454207303,-0.0802312926926541
1789203254.986044,0.6018922869174005,0.7067485092185484,0.3928043916386676,-0.04181641532237816,-0.08557705252708259
1789203254.9905462,0.6019766213039632,0.7069423656283479,0.393059731623604,-0.04138172121574486,-0.089149837025534
1789203254.9960725,0.6021153069760717,0.7072647875911948,0.39348018493033343,-0.040478615643673076,-0.09445132016708854
1789203254.9996116,0.6022179061325142,0.7074968678299739,0.3937692691987367,-0.0397574923305367,-0.09798863829202954
1789203255.0062916,0.6023870560610782,0.7078718220616322,0.39422283917420076,-0.03852891165775535,-0.1033092925318653
1789203255.0097115,0.6025095460827212,0.708141209768283,0.39454534398159563,-0.037592325284188176,-0.10682562907112657
1789203255.0167024,0.6027081233281643,0.7085761594419185,0.39506232454890794,-0.03598773232817935,-0.11200084057714554
1789203255.0201662,0.6028534433540464,0.7088856910414713,0.39541340932534436,-0.03485235705011617,-0.1154319541289909
1789203255.0260103,0.6030902012162718,0.7093816481992697,0.3959552754753944,-0.03307510468662353,-0.12057068705759061
1789203255.0306325,0.6032596237999075,0.7097351051771861,0.3963324833000753,-0.03177723498605724,-0.12395768986715866
1789203255.0364466,0.6035327953845132,0.7103009599689014,0.3969171466427942,-0.02962261065026082,-0.12895662583127276
1789203255.0398784,0.6037299500024709,0.7107022153844785,0.39731056310623586,-0.028096777220630406,-0.1322909737793575
1789203255.0457613,0.6040470469804671,0.711343482607375,0.3979161348625698,-0.025678932148712273,-0.13726421200200692
1789203255.0504565,0.6042721508927837,0.7117985700911349,0.39833281131847087,-0.023989758072106206,-0.14054621087185007
1789203255.0563803,0.6046307468338908,0.7125211960881969,0.3989794512207933,-0.02133442916399329,-0.14537628744853057
1789203255.0597565,0.6048834855182628,0.7130288878614955,0.3994186778230343,-0.01953585309557196,-0.1485696068230099
1789203255.0664752,0.6052827857421613,0.7138307468291148,0.4000933517634838,-0.01681980282316623,-0.15333416197098199
1789203255.0698605,0.605562289158109,0.7143932967416208,0.40055671903000767,-0.014966436220598298,-0.15646657503546263
1789203255.0756452,0.6060011749310031,0.715279658306611,0.4012690392477482,-0.012115681049189801,-0.1610761979614822
1789203255.0800745,0.6063065493488249,0.7158986513897819,0.40175128859491294,-0.010231431593757091,-0.16411034560778875
1789203255.0859184,0.6067805281695754,0.7168712109591869,0.4024877896063296,-0.007436738179718021,-0.1685821194661841
1789203255.0907085,0.607114266160701,0.7175535684335532,0.4029891999966893,-0.005560642517263009,-0.17149371940879493
1789203255.0963612,0.6076397377522439,0.7186245272959113,0.40375822220606467,-0.0026830335406437486,-0.17574222308444404
1789203255.0996017,0.6079975979408405,0.7193625399200707,0.4042829041518396,-0.0008624370140307043,-0.17848359317768764
1789203255.106554,0.6085462541916604,0.7205092845391464,0.40508661234421833,0.00174805114268078,-0.1824537422800319
1789203255.109945,0.6089254287474625,0.721305581243913,0.4056326148235998,0.003478749234852915,-0.1850145970046246
1789203255.1160133,0.6095075565919122,0.722543084716453,0.40646410488417395,0.006091073276830501,-0.18873188806187557
1789203255.1197345,0.6099053364988632,0.7233952540616243,0.40702575553684445,0.007798368504814304,-0.19111594425211642
1789203255.1257806,0.6105106183661116,0.7247128923237846,0.40787584054915377,0.010310734546813591,-0.1945520690101796
1789203255.1303475,0.610920121287066,0.7256188399624477,0.4084459278580722,0.01198401607073692,-0.19675409414463346
1789203255.136273,0.6115423928552272,0.7270171786256837,0.4093047615815987,0.014511096978181636,-0.19993024160523365
1789203255.139515,0.6119675391088597,0.7279779576826797,0.4098803110112315,0.01616165053098118,-0.20196340517048056
1789203255.146689,0.6126105118407026,0.7294552145363694,0.41074367422128616,0.01863631645564287,-0.2048984924658635
1789203255.1500683,0.6130426147504479,0.7304626594041527,0.41131599065410956,0.020319071904779096,-0.20678308977469081
1789203255.1560376,0.6136944047507406,0.7320051796418817,0.4121668336123727,0.022906504436271943,-0.20949759235367618
1789203255.160581,0.6141304602070703,0.733050680417876,0.4127308136832421,0.024591608421118037,-0.21123243022864568
1789203255.1665106,0.6147947515032299,0.7346513199570174,0.4135712382039619,0.027039764005328024,-0.21372341573873319
1789203255.170111,0.6152414984201117,0.7357376476175961,0.4141260830881608,0.02864573668639343,-0.21531292641276392
1789203255.1759937,0.6159135673293942,0.7373931728148918,0.4149487937477945,0.031035552995807673,-0.21759368831400092
1789203255.1808164,0.6163608138471354,0.7385112651681615,0.41549427300573394,0.03257313328275509,-0.21905468061815056
1789203255.1865926,0.6170311640577102,0.7402104236784763,0.4163070494335815,0.034783992926103464,-0.22116864308341436
1789203255.1900332,0.6174785383756638,0.741358676687972,0.4168439434515129,0.03622280263534795,-0.22252932709745513
1789203255.195883,0.6181495606113854,0.7431022953242062,0.41764530133118133,0.03833922071492231,-0.22450660060334382
1789203255.2002566,0.6185996756474955,0.7442806744397608,0.4181815348032166,0.03964424997842817,-0.2257912319147014
1789203255.2063894,0.6192789978567722,0.7460712068825279,0.4189874542871263,0.04150243844604485,-0.22767732044912758
1789203255.2096994,0.6197315530406058,0.7472750971039781,0.41952389699591647,0.042684027001498724,-0.22891102192484683
1789203255.216574,0.6204087790653353,0.7490941639703476,0.42032888624255976,0.04439174439403681,-0.23072182180526457
1789203255.2201433,0.6208576145482463,0.7503139198978098,0.4208684134975056,0.04542661914641495,-0.23190269576611997
1789203255.225951,0.6215285476059433,0.7521552888726967,0.4216809389182364,0.04685304905968886,-0.23363561375422034
1789203255.2305605,0.6219830252289933,0.7533911470374155,0.4222210497408569,0.047742869709279476,-0.23475467250538365
1789203255.236524,0.6226678445528999,0.7552626683720968,0.4230331990283128,0.04896950639972925,-0.2363807011772069
1789203255.2399764,0.6231261630700103,0.7565229298556796,0.4235787313989965,0.04968386891983424,-0.2374489725298606
1789203255.2460048,0.6238076545426666,0.7584249401337677,0.4244024501120639,0.050553514072955906,-0.2390662657747787
1789203255.249795,0.6242586599562067,0.7597009422371498,0.424955042254466,0.05102605340531923,-0.2401652363127966
1789203255.255704,0.6249380207799722,0.7616216905454429,0.4257907468137777,0.051676012434093935,-0.24177519604521586
1789203255.2604527,0.6253923217089222,0.7629109683709714,0.4263570060232507,0.05203772868935584,-0.24280430796072125
1789203255.2662776,0.6260744126861737,0.7648567727235466,0.42722128403113546,0.05253654224033598,-0.24429084813834614
1789203255.2699053,0.626526318593665,0.7661585377735591,0.4278065079699086,0.05284235633452865,-0.2452537585427115
1789203255.275841,0.6272202935355577,0.768125323865537,0.4286890345501054,0.05335905779209797,-0.24664220347884144
1789203255.280539,0.6276924643361373,0.7694585517684945,0.42928918751536527,0.053708199128140136,-0.24754559258691045
1789203255.2864597,0.6283915701157667,0.7714634583943415,0.43020979446571367,0.054135273899921184,-0.24892221359393776
1789203255.2901025,0.6288534172889938,0.7728050422839258,0.4308359979508665,0.054377580329089466,-0.2498582232196545
1789203255.2958448,0.6295463064480193,0.7748217604123636,0.43179149998359073,0.05476492168079976,-0.25124444930914014
1789203255.30046,0.6300135673263981,0.7761689327833038,0.43243506030248663,0.055058046316874075,-0.25211188494430214
1789203255.3064926,0.6307314826781752,0.7782246718833664,0.433416907885037,0.055477536193409525,-0.253386468143059
1789203255.3103077,0.6312141815462002,0.779605870291637,0.43408336562739047,0.05579438709931926,-0.2542209399575827
1789203255.3162148,0.6319396741945541,0.7816805352872087,0.43509763205408813,0.05625850297288576,-0.25546044599472195
1789203255.3207939,0.6324219011364421,0.7830657535361012,0.43578772101024704,0.05658420469848487,-0.25623671740245646
1789203255.3266838,0.6331503506369475,0.7851628054448929,0.436844197724768,0.057020639388150905,-0.2574182907707131
1789203255.3298686,0.6336436805483844,0.7865708671422742,0.43755994249642327,0.05736351881594521,-0.25819081764621593
1789203255.3358607,0.6343938695691056,0.7886910389367443,0.43864866094766897,0.05797636815119077,-0.2592547178975608
1789203255.3403244,0.6349004852656418,0.7901220048603583,0.4393960098321407,0.05832771212942579,-0.2599553070194146
1789203255.3462288,0.6356657398622785,0.7922706296877604,0.44053231880066107,0.058810221734322134,-0.2609499959705179
1789203255.3495946,0.6361841020469944,0.7937199188052587,0.4413025524367444,0.05913008142966265,-0.261587732645964
1789203255.3565125,0.6369607333291978,0.7959003118053949,0.4424772311985152,0.05965657930985468,-0.2625500278590205
1789203255.359775,0.6374834163505821,0.7973573771405328,0.4432661235029449,0.06002407784602379,-0.2631473513536776
1789203255.3665862,0.6382961055587343,0.7995810238471517,0.44444635950127337,0.06068930905739752,-0.2638809299968978
1789203255.3699386,0.6388519694276479,0.8010909129296255,0.44524693560752376,0.06116812638843757,-0.2643541055394089
1789203255.3759336,0.6396884495798497,0.8033783176559035,0.4464774256490954,0.06191940122903432,-0.26508145115697135
1789203255.3805053,0.6402304027000328,0.8048995392279602,0.44732710033265277,0.06232894259052249,-0.265618427732126
1789203255.3863397,0.6410250184843773,0.8071812973932474,0.4486387705334625,0.06283613895775525,-0.2665092816162128
1789203255.3897333,0.6415524067738125,0.8087041339250438,0.4495232183777723,0.0631420852414028,-0.26713052429062
1789203255.3965824,0.6423523626963377,0.8109945010245756,0.45084720898993697,0.06368948112559368,-0.26791223712311435
1789203255.3997989,0.6429045386182937,0.812543155948571,0.4517124743980314,0.06411385114933774,-0.26826214362570094
1789203255.405624,0.6437528065241215,0.8148923484555525,0.45302025734246043,0.06488237569226656,-0.2685913543199312
1789203255.410224,0.6443195730680076,0.8164527067221374,0.45391109200353125,0.06536078946247462,-0.26866926241007777
1789203255.4161427,0.6451658118862538,0.8187995555624382,0.4552861535128068,0.0659393270786736,-0.26849169622040003
1789203255.4196079,0.6457100975379547,0.8203588715849148,0.4562521430892861,0.06608692998009788,-0.2682428013997321
1789203255.4263184,0.6464891847653739,0.8226953707133883,0.4577674461551791,0.0658063120317007,-0.2678824000784993
1789203255.4296987,0.646994821940165,0.8242588388716398,0.45880026636489646,0.06532369544094481,-0.26765183679038057
1789203255.4364917,0.6477402193717575,0.8266245045914328,0.46034228605236155,0.06437305782046306,-0.26724844032262235
1789203255.4399137,0.648248622249082,0.8282301380536047,0.4613510290021336,0.0637151283950038,-0.266903830243217
1789203255.4459298,0.6490488566676477,0.83069117994006,0.46279996648360877,0.06295368667363016,-0.26608593964721333
1789203255.4504871,0.6495988828567746,0.8323580745352778,0.46375111108447603,0.06258378165151617,-0.2654037389361008
1789203255.4565527,0.6504422525326292,0.8349005228849952,0.4651674675851246,0.06203761039193295,-0.26452944387857885
1789203255.459946,0.6510149930022647,0.8366296355124235,0.46611487222860654,0.06162290620118911,-0.2640254712544337
1789203255.4660485,0.6518801195205611,0.8392718874148635,0.4675342819178488,0.060903568862594126,-0.26344084893094166
1789203255.4705923,0.6524465964722433,0.8410276145174742,0.4684759763072073,0.06037984540655604,-0.26316910535148513
1789203255.4762452,0.653258495111489,0.8436140394721987,0.4698804468389468,0.05936455226666874,-0.2626378831881057
1789203255.479593,0.6537608171300181,0.8453045488236755,0.47076818725420694,0.058680209090362194,-0.2620087932767363
1789203255.4865265,0.6544586676541805,0.8477948565934719,0.472017241921087,0.057643321398630966,-0.2606292057590957
1789203255.4900277,0.6548975154881425,0.8494442595693553,0.47277750614970576,0.0568449313035346,-0.25940569566625155
1789203255.4956632,0.6555405771896167,0.8518624069002636,0.4737395145289123,0.05528872484016154,-0.25737027401936796
1789203255.5002913,0.6559682267686515,0.8534421713685493,0.47425517430145603,0.05406838957340175,-0.2560024257545752
1789203255.5061336,0.6565875100826291,0.8558128650722023,0.47486169839073517,0.0517124314383081,-0.2540633440082823
1789203255.5105844,0.656974898119711,0.8573868295522,0.4751721323352408,0.04972763514114111,-0.25286770833785144
1789203255.5164454,0.6575130163276889,0.8597466433215369,0.47545323861483507,0.04623348908673953,-0.2512925407694771
1789203255.5197527,0.6578242454963426,0.8612589440843186,0.47548302809709847,0.04403912238268153,-0.25025567034606494
1789203255.5267556,0.658229744532407,0.8634148573711922,0.4753049177332986,0.04084194129927054,-0.2480812143244498
1789203255.5302024,0.6584996221760798,0.8647566345623154,0.47508350936253313,0.03917407515758947,-0.24628810639792875
1789203255.5360336,0.6589097661272996,0.8666596101072792,0.4746372106725346,0.037479477554980246,-0.2431806596999264
1789203255.5405085,0.6592017928398929,0.8678696348965806,0.4743021015465043,0.03672169215164036,-0.24114897788357606
1789203255.546203,0.6596815589515943,0.869635412784124,0.4737711109482669,0.03605249918122517,-0.23850763184833348
1789203255.549719,0.6600366943043205,0.8707995569539008,0.47341404058140857,0.035956068905892605,-0.23713576747972998
1789203255.5555394,0.6605997979675414,0.872476172989188,0.47291520487986904,0.03599298951063639,-0.23531312509061766
1789203255.5601773,0.6609784400726851,0.87356306480018,0.4725970539632724,0.03584741649502058,-0.2342860319072474
1789203255.5660374,0.6615640415998124,0.8751644958861297,0.4721503715838639,0.035339942709086906,-0.23293272190897998
1789203255.5702105,0.6619683790701187,0.8762043230766795,0.47189698627571974,0.03498235393920606,-0.2321723709975641
1789203255.5761256,0.6625830307047073,0.8777081280964995,0.47158600582278604,0.03435729206292332,-0.23078139186809743
1789203255.579794,0.6630094558030394,0.8787133364711528,0.47139138788837265,0.03403619326270178,-0.22994193825402556
1789203255.5858514,0.6636503193738678,0.8801594451858077,0.47116808959836826,0.033752643100487964,-0.22866466491398016
1789203255.5904095,0.6640842015824214,0.8810858021840426,0.47107702344936214,0.033566737750423216,-0.22754712387010512
1789203255.5961778,0.6647738505874745,0.8824863331121002,0.4709969749073698,0.03361008126208696,-0.2257639875520267
1789203255.5998847,0.6652226308838761,0.8833821330494823,0.4709518443877213,0.03388825437694646,-0.22461408086402715
1789203255.6060362,0.665898009439367,0.8847202107605601,0.47086987444329315,0.034467980602087084,-0.22275350257535664
1789203255.610457,0.6663601061035566,0.8856282123601069,0.4708029372538287,0.03522282068627852,-0.22167003497311452
1789203255.6163247,0.6670819577219584,0.8870124454467165,0.4706684127787694,0.0370395742498444,-0.22037058864494455
1789203255.6198049,0.6675700485192331,0.8879388655855234,0.47051504506237257,0.03863259241069918,-0.21979377101450281
1789203255.6255,0.6683198532186136,0.8893362609522831,0.4701710027733425,0.041578817034205504,-0.21945625827651102
1789203255.6300085,0.6688386165180323,0.8902757565495131,0.46986000343405426,0.0440968785233981,-0.21963438337303115
1789203255.6359453,0.6696318850872778,0.8916853538851577,0.46924826451950225,0.04881331554468736,-0.2205314487678974
1789203255.640367,0.6701514466283414,0.8926149856782786,0.4687247836618178,0.05223725732306197,-0.2213397058445558
1789203255.6461933,0.6709378296277013,0.8939920402979957,0.4677544929535041,0.05795941147086969,-0.22292844017827984
1789203255.649645,0.6714785570795968,0.8948977188336652,0.46697762496826317,0.06234381054087848,-0.2243413858001457
1789203255.6563632,0.6723196237137185,0.8962370215482014,0.4656066982796844,0.0699201488632148,-0.22712342302400046
1789203255.659756,0.672862237996708,0.8971043511301743,0.46457983010043385,0.07513413450251094,-0.22923037264486903
1789203255.665673,0.6735177427393102,0.8982123212634615,0.46319618510772703,0.08098013678110075,-0.23139769710901578
1789203255.6705492,0.6738122687641857,0.8987459656530227,0.4625159607684835,0.08388434781558993,-0.2333482304096218
1789203255.676532,0.6740741436056218,0.89935759161798,0.46181503627865,0.08653537883857454,-0.23643415156749095
1789203255.6800988,0.6741728686221773,0.8997167058580715,0.4615360139921448,0.08748235535011754,-0.23832637516642782
1789203255.6863902,0.6742363953230711,0.9002627727406294,0.4613518426535607,0.08780629714178623,-0.2406505426693013
1789203255.6897085,0.6742319934386922,0.9006632696060557,0.46135747583205045,0.08717376311902054,-0.24157464739594872
1789203255.695642,0.6741632799704426,0.901346005682357,0.4615486950801218,0.08517073548662267,-0.242271807459604
1789203255.7001212,0.6740922188238262,0.9018777189928457,0.4617864065657814,0.08350473538310968,-0.24277550069680712
1789203255.7058532,0.673951853711257,0.9027956409383021,0.4622967120525349,0.08082223850299113,-0.243742565651826
1789203255.710096,0.6738370789002419,0.9034903251100578,0.46273154178785525,0.07902132409730953,-0.24459792492367963
1789203255.716801,0.6736293012882505,0.9046542613075931,0.46352055728769875,0.0764556872212248,-0.24625929004246105
1789203255.7198496,0.6734473314967272,0.9054986867967819,0.46413517773547297,0.07462617914415558,-0.24757429880828125
1789203255.7263436,0.673113260120369,0.9068700955300958,0.4651597060132226,0.07158090396159959,-0.24955493084296537
1789203255.7296772,0.6728564126936819,0.9078575980234431,0.465900599387498,0.06958652973434523,-0.25092844110987655
1789203255.7368953,0.6724241771711269,0.9094458059186814,0.4670833572242284,0.06679710609439504,-0.2531520444395117
1789203255.7403393,0.672107157539256,0.9105613160138842,0.46791018933073214,0.06504648595849145,-0.25451667607896844
1789203255.746358,0.6715880612163804,0.91231871061181,0.4691859748772575,0.0624927707606891,-0.25620984506323397
1789203255.7498236,0.671213766080829,0.9135496546868055,0.47005111824161405,0.06072892024929648,-0.2571744412549035
1789203255.7557595,0.6706163560481112,0.9154836441167554,0.4713628170251335,0.0581282666828825,-0.25850081366734723
1789203255.7601871,0.6701970773443534,0.9168243678280549,0.47224018880260504,0.056514740615252884,-0.2591312365532939
1789203255.7658975,0.6695408165759021,0.9189124945656735,0.4735409132296631,0.054394468247506725,-0.2597815127289077
1789203255.770502,0.6691026574809193,0.9203416489567433,0.47437520910637143,0.05322596634471062,-0.2601159813520334
1789203255.77631,0.6684482668310645,0.922538253344763,0.4755726641314064,0.05176368935065457,-0.2608103686293737
1789203255.7797275,0.6680124952093899,0.9240241347745518,0.47634774821568004,0.05081109257846726,-0.26105919438215075
1789203255.7866,0.6673545478490619,0.9262880466502358,0.47746416479619086,0.049549693325074584,-0.2610132182947499
1789203255.7899733,0.6669087615658641,0.9278230223348779,0.4781625668537544,0.04881551460778044,-0.2608088165186169
1789203255.7956796,0.6662124920789769,0.9301672796858846,0.47910558682911697,0.04769284953052892,-0.260192138490778
1789203255.8003597,0.6657350444998618,0.9317533003461884,0.47966292657377885,0.046950272194675215,-0.2595095259301749
1789203255.8063562,0.6649967779617152,0.9341729929591006,0.48037681650827,0.045793692711031356,-0.2582201532638845
1789203255.809771,0.6645020224890681,0.935810432055076,0.48075978210644743,0.044913175319952155,-0.2573210390736789
1789203255.8157353,0.663803052403082,0.9382392439947058,0.4812281701018941,0.04405908358531609,-0.2561695279295371
1789203255.8203146,0.6633431677852878,0.939817240709185,0.4815227505287452,0.04377718733166252,-0.2553070574909275
1789203255.8263643,0.6626900973478591,0.9420914378277581,0.4819803595179628,0.04365623320753749,-0.25382814295979644
1789203255.8298283,0.6622886874272201,0.9435549312639131,0.48228909055468605,0.04390400215357822,-0.2526205071702568
1789203255.8359165,0.661757920942845,0.9456994311810697,0.48274625152175576,0.04490020021595687,-0.25072867936395776
1789203255.8404377,0.6614160716314026,0.9471178590128222,0.48306450448704374,0.0460552749846021,-0.24955846357341585
1789203255.846592,0.660902775470994,0.9492291844271626,0.4835746851836473,0.04816960827335369,-0.2479069232313853
1789203255.8505034,0.6605611051204657,0.9506292588148567,0.4839385547888856,0.04976292983578662,-0.24676412853393787
1789203255.8563826,0.6600943203010626,0.9527190188366813,0.48449010711393997,0.05219994112090805,-0.2450976282056431
1789203255.860174,0.6598948193085311,0.954071736567256,0.4848542530769422,0.05366570356145056,-0.24466893477723728
1789203255.8660662,0.6597489631423118,0.9560413879869194,0.4854198181334745,0.05564682810495567,-0.24497416102687963
1789203255.86992,0.6597086761857925,0.9573518250277433,0.48580160162540137,0.05667637750915396,-0.2454444442676658
1789203255.87592,0.659718401395829,0.9593125286234072,0.48637501231509084,0.05771985877026892,-0.24625476215990397
1789203255.8804648,0.6597725218609158,0.9606155620863654,0.4867554047165371,0.05816669683420013,-0.24701234207340042
1789203255.8858893,0.6599219830600414,0.962453395758883,0.48738125530998877,0.05858771701486035,-0.24837442858029676
1789203255.8907301,0.6600796629904153,0.9635657134435094,0.4878754864443615,0.05887745435135669,-0.249511243884278
1789203255.895675,0.660357618727776,0.9651145634113132,0.48872282964312774,0.059287390640789084,-0.25118825793512234
1789203255.900701,0.6605550415791678,0.9661040245696839,0.489321995503106,0.05936419966569693,-0.25225962128052365
1789203255.9058602,0.6608790412309887,0.9675190469738063,0.490297340230928,0.0591774863840938,-0.25382790445412146
1789203255.9108412,0.661147508208969,0.9683780412548644,0.49103131971517217,0.059099693585454305,-0.25487669309634153
1789203255.9156857,0.6615683531979679,0.9696120702220572,0.49221948304095325,0.05905894146486909,-0.2563366792589027
1789203255.920573,0.6618896626288351,0.9703780167168514,0.4930757034055557,0.059006976885612884,-0.25737207554278574
1789203255.9264529,0.66240262390855,0.9714739926016318,0.4944534608784797,0.05909517168739205,-0.25908465897798433
1789203255.9298303,0.6627806669920803,0.972153470582173,0.4954469149630578,0.059281592547820804,-0.2602740460923105
1789203255.936042,0.6633488710157044,0.9731640658976338,0.497017885038082,0.05955982565682646,-0.2620208341478019
1789203255.9405007,0.6637662868396,0.9738011743014099,0.4981300751602179,0.05985084460246642,-0.2633428285890711
1789203255.9462988,0.664458845669135,0.9746973763977219,0.49990264769546155,0.06085747989476485,-0.2657661849974759
1789203255.9495595,0.6649313499408331,0.9752943540623811,0.501136615621261,0.06167349850564879,-0.26751882616044426
1789203255.956552,0.6656770175559752,0.9761736411739361,0.5030712488513982,0.06298934675960703,-0.2702800638507481
1789203255.9602315,0.6661995567586011,0.976751013613375,0.5044169312347628,0.06412945067273253,-0.2723967926552043
1789203255.9660058,0.6670253595294038,0.9776078147509233,0.5065156590118114,0.0659886904520606,-0.27593526823805326
1789203255.970915,0.667620033199785,0.9781610433453647,0.5079705669559406,0.06751588764325017,-0.27865278594436615
1789203255.9765573,0.6685502807092827,0.9789976320294544,0.5102241426001334,0.07003417729877577,-0.28313444293083523
1789203255.9800608,0.6692073213051515,0.9795487819151445,0.5117850555319307,0.07188778961570381,-0.28642744446121854
1789203255.9863956,0.6702477483126862,0.980370375666391,0.5142037773945056,0.07492057012179325,-0.29180329890642287
1789203255.989768,0.6709742520598476,0.9809203660666388,0.5158590729474941,0.07712717785540793,-0.29567190670619836
1789203255.9965909,0.6721029862654372,0.9817618977854321,0.518391877245071,0.08062988327154963,-0.30185537389590017
1789203256.0000582,0.6728882820859937,0.9823136348164032,0.5201280542987752,0.08299671637736966,-0.3061240123457461
1789203256.0058594,0.6741023636249468,0.9831448604469305,0.5227861466028006,0.08669989709040009,-0.31272518926489806
1789203256.0102792,0.6749374936554406,0.9837035396841856,0.5245838541704609,0.08919993360571708,-0.3172198210903874
1789203256.0160284,0.67623803260184,0.9845315189215863,0.5273194789785519,0.09312526505505157,-0.3241509091412587
1789203256.020507,0.677126278684318,0.9850819174102765,0.5291680062235644,0.09572967841215281,-0.32874584096988496
1789203256.0262012,0.6784922876745562,0.9859106469011384,0.5319567309085584,0.09965130843492041,-0.33559642253681043
1789203256.029664,0.6794299961422715,0.9864631311472157,0.5338176669650121,0.10234005519090801,-0.34017156575956276
1789203256.036419,0.6808704028829768,0.9872917248609524,0.5366116037047203,0.10646929160867885,-0.347041429936338
1789203256.039924,0.681850071758892,0.9878354766911345,0.5384857505027258,0.10908962707263684,-0.35149573677025486
1789203256.0456648,0.6833511033294023,0.9886458012556731,0.5412903764843738,0.11292891082829305,-0.35802431845710747
1789203256.0502532,0.684374386899067,0.9891859885932212,0.5431439508582949,0.11552992506384906,-0.362320939390948
1789203256.0559568,0.6859443236449843,0.9899999883341266,0.545886965748694,0.11962908633289089,-0.3687493070555208
1789203256.0604572,0.6870118400497364,0.9905375917854194,0.5477036879350458,0.1222894112139063,-0.3729548264056991
1789203256.0660987,0.6886509957795,0.9913414193079969,0.55039583203698,0.12607340808109396,-0.37909362118467377
1789203256.0695248,0.6897736447499555,0.9918799586693445,0.5521567501782849,0.12859980864868004,-0.3830808380184005
1789203256.0762734,0.6914958286723988,0.9926907024378168,0.5547549274185394,0.13241480917963586,-0.38897110474297414
1789203256.0797186,0.6926768726972439,0.9932427577475709,0.5564686804840459,0.1347626796120509,-0.3927619865125507
1789203256.086563,0.6944853511233009,0.9940713404020031,0.5589956168898446,0.13810916883403385,-0.39829966709566306
1789203256.0898418,0.6957189726568987,0.9946258504444785,0.5606407346257128,0.14032284160951403,-0.4019095376163647
1789203256.0956979,0.6976160198091842,0.9954675807227994,0.5630442106892604,0.14371338022480518,-0.4072119609404441
1789203256.1000543,0.6989216680140009,0.9960485671813812,0.564603949731431,0.14581580842050607,-0.4105835579759994
1789203256.105787,0.7009264566066364,0.9969415477649067,0.5668938372417253,0.14890012644231648,-0.4155468102931835
1789203256.11042,0.7022797410641425,0.9975344687552283,0.5683832113135024,0.1509611237004264,-0.41883668165936355
1789203256.1165447,0.7043296463473468,0.9984151909501076,0.5705714604717286,0.15411119817597993,-0.423780083685192
1789203256.1199617,0.7057047475470706,0.9989756438604455,0.5720120399346317,0.15605947193419129,-0.4270350574167681
1789203256.1258144,0.7077622798018338,0.9997062912338018,0.5741371172786297,0.15871764454034068,-0.4311412453955295
1789203256.1303601,0.7091373642767513,1.000137922319646,0.575528170062587,0.16039549516275606,-0.43329970443203814
1789203256.136145,0.7112303842046364,1.0007473845187245,0.5775677109687798,0.1627806298124363,-0.43565754642740656
1789203256.1406453,0.7126430985546438,1.0011304396130203,0.5789138868032664,0.1641665507679891,-0.43672864859721644
1789203256.1465225,0.714764428668885,1.0016592378710463,0.5809642989180238,0.16589225679252412,-0.4379063564572232
1789203256.1498091,0.7161814766122452,1.0019905291339863,0.5823459433013997,0.16684467378812626,-0.4384548368157002
1789203256.1557379,0.7182742426399011,1.0024282780360443,0.5844586129167012,0.1680379511199228,-0.43901135297024324
1789203256.1603742,0.719656280060088,1.0027016638602861,0.5859012801409748,0.16874275027641034,-0.43946383992710636
1789203256.1660392,0.721720476711062,1.0030978043530365,0.5881040673771666,0.16969135844059796,-0.4404233635565864
1789203256.1706388,0.7230995035587044,1.0033509659881878,0.5895714453517571,0.1702526090225662,-0.44123820213988635
1789203256.176483,0.7251851938799099,1.0037163739526274,0.5917319149949203,0.17096923573610773,-0.44256777297888156
1789203256.180113,0.7266037033684002,1.0039598351151044,0.5931349583746063,0.1714565431307943,-0.44346125484691173
1789203256.1860027,0.7287823042467769,1.004337778645909,0.5951704098870909,0.17233549043900712,-0.444665693809805
1789203256.1904178,0.7302608370313663,1.0045863080207098,0.5965057545672674,0.1729821732819194,-0.44557996796447474
1789203256.1959932,0.7325199340734954,1.0049590096262075,0.5984900194465961,0.17401536478095897,-0.4472502716820323
1789203256.2005188,0.734055624761669,1.005209132881785,0.599813105732599,0.17480142414336422,-0.4483913609722551
1789203256.2066236,0.7364039030832691,1.0055989745280645,0.6017815734008728,0.17610076045961828,-0.4501766035157309
1789203256.2100675,0.7379928004329952,1.0058574321596168,0.6030737443312232,0.17700333319580652,-0.4514564122798525
1789203256.216137,0.7403861128035704,1.006212188194814,0.6049679292982983,0.17824647989978473,-0.4535954633459096
1789203256.2204735,0.7419910286891895,1.006436676006002,0.6061986748303416,0.17915752594273684,-0.45506590645917455
1789203256.226602,0.7444137116479237,1.0067673536605881,0.60798403380912,0.18081879125400332,-0.4571471144735368
1789203256.229736,0.7460430665014585,1.006987859560874,0.6091190644457168,0.1820512077522979,-0.4585069386493932
1789203256.2363286,0.7485307326704318,1.0073303710435813,0.6106883991859527,0.1839769049026016,-0.46047991043690506
1789203256.2396097,0.7502020631777968,1.0075209530383062,0.6116554129240889,0.18520720883241087,-0.4614939140651601
1789203256.2464151,0.752702570139657,1.0077401473332537,0.6129793854314355,0.18676486100489662,-0.46205464025925624
1789203256.249844,0.7543690070274397,1.0078455597386287,0.6137781374339432,0.1876860694047442,-0.46180931110153123
1789203256.2554326,0.7568865350091964,1.0080105575609462,0.6148194132772573,0.18884747264497914,-0.4608424186902125
1789203256.2599342,0.758580654560157,1.0081424718576473,0.6154002152805301,0.18918565010185068,-0.4600801049036057
1789203256.2656431,0.761153916581544,1.0083624178321888,0.6160851099197517,0.18915042786227915,-0.4588303663029481
1789203256.2699003,0.7628940185688048,1.008525447627738,0.6164080562548616,0.18889925323757004,-0.45792178980446363
1789203256.2754493,0.7655138232010227,1.0087475200943206,0.616682519976281,0.18838688521620345,-0.4563079014767176
1789203256.27984,0.7672589197093953,1.0088863735022242,0.6167116354834814,0.18794349416948253,-0.4548815234978204
1789203256.2855415,0.76988050988551,1.0091113089666945,0.6165092057722519,0.1872654011498697,-0.4525632634826031
1789203256.2898748,0.7716326796667121,1.0092764578775748,0.6162041732481389,0.18681423113749904,-0.4509869972965756
1789203256.29538,0.7742648078023843,1.0095481842889724,0.6154744416493888,0.18619112953810957,-0.44870856472986553
1789203256.2998004,0.7760005494731248,1.0097333393915464,0.6147832283289687,0.18577650021162512,-0.4472592742376735
1789203256.3064127,0.7785824818681458,1.0100174109322475,0.6134393125663256,0.18514039732929655,-0.44519737931967535
1789203256.3098567,0.7802979090467177,1.0102130564851501,0.6123421746471168,0.18474031808560787,-0.4439107212892681
1789203256.3156328,0.7828660731708592,1.010517991591384,0.6103910554569083,0.1842418347799646,-0.4421391493983846
1789203256.320297,0.7845504304145997,1.0107275796493937,0.608866961502479,0.18369515236277215,-0.4412154337418657
1789203256.325933,0.787046457228948,1.0110505247953727,0.6062532983598459,0.18241002939458476,-0.44034062409610164
1789203256.3302908,0.7887014295387619,1.0112713487483829,0.6042988021942134,0.1814007415783582,-0.44007447779341974
1789203256.3360271,0.7911379621906962,1.011571616816658,0.6011459828032698,0.17961742711767995,-0.439838980383963
1789203256.3404686,0.7926776827233782,1.011714583429882,0.5989994456360103,0.17725964124650131,-0.4387365947176659
1789203256.3461022,0.7948777544913246,1.0118606597724875,0.5957510567874541,0.1716456049071128,-0.43526494531753873
1789203256.3495975,0.7962827904322525,1.0119203104715109,0.5935997077435482,0.1665615480558076,-0.4316075562376761
1789203256.3561356,0.7983199274510041,1.0119846495472145,0.590414353774123,0.1570767221164646,-0.42410117622399635
1789203256.359489,0.7996579433300659,1.0120572485674197,0.5883138012296836,0.1505189025105027,-0.41835972178741215
1789203256.3663278,0.8016451586075535,1.0122304274100582,0.5852043779903888,0.14107334766651708,-0.409279428793425
1789203256.3697188,0.8029641881911378,1.0123869221335637,0.583165046764622,0.13476794643789558,-0.40289569250221174
1789203256.376633,0.8049756837655193,1.0126442522276953,0.5802008749687861,0.12724271873136905,-0.3930327469908427
1789203256.3801532,0.8063382020697261,1.0128355904923814,0.5783252514700405,0.12411767017572391,-0.38682085732689653
1789203256.3859575,0.8084202215020208,1.0131636595498388,0.5757139167264407,0.12204128345635548,-0.3782294328353565
1789203256.3905234,0.8098313233396165,1.0134116324381581,0.574129677920999,0.12215788568528708,-0.37298040821301615
1789203256.3964245,0.8119219594498546,1.0138139832889015,0.5719705200550573,0.12388741717118955,-0.3657615712649185
1789203256.3998125,0.813271425749432,1.0141120438174385,0.5706431296349976,0.12522388797172593,-0.3614132470856642
1789203256.405665,0.8152405644996749,1.0146171504620631,0.5688714501491653,0.12756570288342695,-0.35541114852235134
1789203256.4102495,0.8165213783496488,1.014997351900924,0.56784682196846,0.12948100659048398,-0.35167693407502565
1789203256.4159365,0.8183979588899833,1.0156374478746688,0.5665413559446435,0.13300360951846796,-0.34644334023202866
1789203256.420596,0.8196073499848767,1.0161149503635567,0.5657891451643619,0.13548111301032725,-0.34318889560453325
1789203256.4265714,0.8213648502387342,1.0169134871052725,0.564836873268278,0.13915370222862788,-0.3385994572766848
1789203256.4298687,0.8225051229211051,1.0175041525249011,0.5643234865202801,0.14166088062863202,-0.3356863006427383
1789203256.435769,0.8241527965728627,1.018391672393888,0.5637431711587214,0.14555242217751777,-0.33144265844469295
1789203256.4400907,0.8251390370758521,1.0187033926746287,0.5635294031096717,0.14861322712819308,-0.32937442810875817
1789203256.4461336,0.826485522403999,1.0188300870521192,0.5634254981728236,0.1537686694303627,-0.32746404747109625
1789203256.44988,0.8273187703489254,1.0187668172709308,0.5634703497036865,0.15721861523347563,-0.32660882771785194
1789203256.4560435,0.8284920684453715,1.0185445708028458,0.563690903174995,0.1620944268887356,-0.3255545772105963
1789203256.460658,0.8292269765228347,1.0183484753684038,0.5639429732947135,0.16495690395609863,-0.3248120348572891
1789203256.4665911,0.8302715232562351,1.0180237733004227,0.56445933257918,0.16871625160865042,-0.32348904196092226
1789203256.4702797,0.8308986297532748,1.0177872949160056,0.5649077040922721,0.17078265867893075,-0.3224432145749604
1789203256.476523,0.8317243332008656,1.017415983513015,0.5657383319237508,0.17268635561912046,-0.3206904492390293
1789203256.480676,0.8322080254791809,1.0171698858064624,0.5663759800469849,0.173135088519872,-0.3194577810213443
1789203256.486357,0.8328457778940677,1.0168256194785208,0.5674427803068445,0.1728875609075333,-0.317513762080939
1789203256.4899032,0.8332200390619157,1.0166135379102115,0.5682314426793562,0.17208086698479458,-0.3162091685315571
1789203256.4957154,0.8337069690413792,1.0163450290240585,0.5695216473306218,0.16989824860666244,-0.3143638309658743
1789203256.5003638,0.8339843859516846,1.0162099890708398,0.5704532460201259,0.16809113325714564,-0.3133501702108803
1789203256.5062184,0.8343354775073832,1.0160771471914418,0.5719559809544156,0.1649745391934759,-0.312207755902142
1789203256.5096345,0.8345470671649361,1.0160496603157556,0.5730135467035248,0.16272406779992668,-0.3116625945280899
1789203256.5163198,0.8348434470128209,1.01611485018367,0.5746638043867535,0.15928377555773893,-0.3110918682917408
1789203256.5200064,0.835027751596789,1.0162274566570502,0.5758075080779018,0.15717552757600042,-0.31091299045888376
1789203256.5259695,0.8352787738895644,1.0165050172129937,0.5775712888461312,0.15435288783769893,-0.310959597384079
1789203256.5304947,0.8354309747135475,1.0167612270177684,0.5787768061265215,0.1527230909456659,-0.31119696671038893
1789203256.536291,0.835642679332175,1.017242059385305,0.5806332521493723,0.15049426436991598,-0.31190518585381155
1789203256.5396774,0.8357679961375339,1.0176117611859958,0.5819058652877804,0.14911348715531744,-0.31246883580349544
1789203256.5455759,0.8358977558800612,1.0182151471124028,0.5838714627821707,0.1470686304287054,-0.3133500099710759
1789203256.5503047,0.8359270627024754,1.0186281170269103,0.585236448053923,0.14549832939876628,-0.31407227923862524
1789203256.5562887,0.8359037591345748,1.0192717717345552,0.5873650631792133,0.1427785846343168,-0.3154008253789825
1789203256.559857,0.8358519315455112,1.019724332342852,0.5888302393925481,0.14071987405974845,-0.3163988016993233
1789203256.5656707,0.8357386723809304,1.0204745504849002,0.5910581377786499,0.1376619461918995,-0.31795683050946144
1789203256.5701835,0.835640393031694,1.0210231025663055,0.5925593940563931,0.13575494016371956,-0.31902930766893306
1789203256.5759134,0.8354673773971173,1.0219073511110983,0.5948494273816958,0.13305566712568395,-0.32075437647573923
1789203256.5806134,0.8353272364615213,1.022534613977979,0.5963950376165441,0.13138097812962599,-0.3218781502787348
1789203256.5867434,0.8350625936550444,1.0235092137443687,0.5987492006008225,0.1286151395843525,-0.3235553886441314
1789203256.5900981,0.8348616006856965,1.0241958715962893,0.6003349843177691,0.12671009591473623,-0.32470456643193985
1789203256.595884,0.8345455323582817,1.0252798076812806,0.6027204159858727,0.12405690596254396,-0.3265375405377652
1789203256.6004875,0.8343259912577083,1.0260363295217374,0.6043084588413891,0.1225521798796172,-0.32765915919187955
1789203256.60683,0.8339829423784106,1.0272094939899543,0.6066926767276404,0.12058390334442837,-0.32915267379409585
1789203256.6105664,0.833741652877375,1.0280166515595273,0.6082770254621563,0.11916222829564439,-0.3301092371942192
1789203256.6164768,0.8333659897756959,1.0292776601565257,0.6106349624990755,0.11728695615347581,-0.33140086702475424
1789203256.619932,0.8331096969820678,1.0301400285560824,0.6122053342031393,0.11615052741365976,-0.33207883963416684
1789203256.6258113,0.8327140038547062,1.0314732432917846,0.6145394948682129,0.11447202778738669,-0.3329259606631285
1789203256.6304283,0.8324389953279087,1.0323961388589231,0.6160632546465897,0.11355003187887827,-0.33333580602255725
1789203256.636535,0.832012345643854,1.0338259797681506,0.6183048590853214,0.11249775063524659,-0.33374422998651493
1789203256.6398594,0.8317224130311636,1.0348018817151907,0.619779569955169,0.11182309113920981,-0.3337826126782087
1789203256.64581,0.8312773224975024,1.036306403408397,0.6219464152330437,0.11065966306991824,-0.33361266197194034
1789203256.6503656,0.8309699094750004,1.0373447101462898,0.6233413660342172,0.10995665190419351,-0.3333315562616749
1789203256.6562412,0.8304942927421967,1.0389550579560665,0.6253565800008205,0.10909934248396742,-0.3327213013164125
1789203256.6596491,0.83017190253834,1.0400574511381095,0.6266516101494878,0.10838777276439908,-0.3321655908644589
1789203256.665903,0.829677339262413,1.0417643494993885,0.6285074169541323,0.10704760388424081,-0.33101876298370514
1789203256.6704588,0.8293409418316298,1.0429381065563992,0.6296893600195953,0.10606274855966691,-0.33015495228245145
1789203256.6764786,0.8288246820546934,1.0447600456929922,0.6313748818624116,0.1045500742115038,-0.32874541766697063
1789203256.680172,0.8284745384816868,1.0460102811152012,0.632446774008099,0.10377767836529041,-0.327615812508376
1789203256.6862433,0.8279399185617115,1.0479381362296478,0.6339654110897766,0.10280191469757452,-0.3257377439729129
1789203256.69002,0.8275776865529988,1.049260254496333,0.6349064448390601,0.10226895734814902,-0.3244009131766747
1789203256.6960387,0.827027090200232,1.0512945587217097,0.6362203299495217,0.10166951438375382,-0.32231871884383884
1789203256.7003436,0.8266562716257808,1.052681240257617,0.6370430422556419,0.10135303969365167,-0.32081551801482383
1789203256.7061927,0.8260926950172619,1.054810307472272,0.6381858313350414,0.10094122255827194,-0.31845225575794783
1789203256.7096975,0.825709014065166,1.0562663511179922,0.638876509982099,0.10064804849015689,-0.31685131567161545
1789203256.716052,0.8251096938186926,1.0585007627782603,0.6398097757778005,0.09978813113348807,-0.31450469769512385
1789203256.7199218,0.8247002630401676,1.0600138017014773,0.6403898147846516,0.09886553422938364,-0.3129892300441281
1789203256.7264373,0.8240782648049144,1.0623274348169218,0.6411995493580711,0.0970569883262351,-0.3108231541962983
1789203256.7300441,0.8236637501706938,1.0639055987922794,0.6416861122134547,0.09568667769002355,-0.3094528627679523
1789203256.7359695,0.823043072595028,1.0663215154322239,0.6423410662194134,0.09360604704099844,-0.30746150629418817
1789203256.7406828,0.8226141413254117,1.0679607075332809,0.6427493966836476,0.09246695067476468,-0.3060409033760805
1789203256.7463913,0.8219415999420991,1.0704721621047177,0.6433184865829297,0.09055988748988429,-0.3038512336708105
1789203256.7499552,0.8214849809864094,1.0721692321329224,0.6436714920019495,0.08921114455652042,-0.30243936338615224
1789203256.7557788,0.8208032500582813,1.0747508821081324,0.6441401911283113,0.08720233648016798,-0.30036913679487226
1789203256.7605195,0.8203420227800016,1.0764867782871277,0.6444284631400241,0.08611736424270466,-0.29885647230272167
1789203256.7662635,0.8196192897554384,1.0791192348133294,0.6448033054583753,0.08437767793575325,-0.29658518473272305
1789203256.7698534,0.8191152357813029,1.0809091536283666,0.6449906406888962,0.08300080137447773,-0.2951410204849366
1789203256.775779,0.8183525820148376,1.0836406369075913,0.6452068570013377,0.08063396592441238,-0.29306556872193434
1789203256.7806292,0.8178249584916828,1.085473034852941,0.6453395357652146,0.07897613559638914,-0.2917228933666023
1789203256.786772,0.8169942988737109,1.0882510799158875,0.6454737157099839,0.07649156640665263,-0.28956351117905405
1789203256.7901165,0.8164045924622109,1.090122223014745,0.6455119830776329,0.07469566143344877,-0.28804427123913756
1789203256.7959611,0.8154792797245126,1.0929510445516983,0.645506541906546,0.07166768546557736,-0.2859015225392843
1789203256.8004742,0.8148230718474643,1.0948618555887644,0.6454434835616085,0.06995712395547002,-0.28455433111215617
1789203256.806282,0.8137729123689272,1.0977738748663515,0.6452354506325148,0.06759736100440365,-0.28320822662487
1789203256.8097577,0.8130303862036242,1.0997455699879932,0.6450352782579069,0.06591134408251657,-0.2826900202919055
1789203256.8159723,0.8119085295749684,1.1026831621646975,0.644682867212513,0.06360534426487993,-0.2821012159939691
1789203256.820446,0.8111746793134111,1.1046102453516535,0.6444129466241036,0.06338403016811511,-0.2814380549587313
1789203256.8263829,0.8101079309237912,1.107477059272025,0.6439580711813517,0.06491882835663447,-0.2797501381909333
1789203256.8299193,0.8094060255703425,1.1093639646191797,0.6436560273081628,0.06674745095516786,-0.27811231190875607
1789203256.836131,0.8083694236170347,1.112174827419323,0.6432204027612409,0.07008549126014936,-0.2749376065490324
1789203256.839633,0.8076939361586079,1.1140549460960771,0.6429636650575825,0.07214004802712454,-0.27267671456163856
1789203256.8459044,0.8067022990944964,1.1168951663671387,0.6426453078305028,0.07445094290486412,-0.2693358167302173
1789203256.8501458,0.8060530200086145,1.1188046772572309,0.6424802203733015,0.07548521742356397,-0.2671090158223409
1789203256.8559263,0.8051047911893481,1.1216968575427857,0.6422754886181264,0.07637102566545079,-0.26387944597402063
1789203256.8603795,0.804497005719105,1.1236440048950715,0.6421455895238485,0.07673248754805932,-0.26188954321170554
1789203256.8662412,0.8036387512409203,1.1265538643143094,0.6420071983495372,0.07691697683684026,-0.25895232295878806
1789203256.8696723,0.8031897331015407,1.1283714798843458,0.6420357655823123,0.07713811402256125,-0.2573256853882836
1789203256.8766792,0.8027112424030132,1.1309368194543372,0.6422187010105265,0.07770929163572805,-0.25538987028245125
1789203256.8800445,0.8025036028736888,1.1325503145726434,0.6424106694752477,0.07801925980133737,-0.2545363564373919
1789203256.8861527,0.8023470562014828,1.1348304588502232,0.6428184760237828,0.0783367644250271,-0.2537256286519325
1789203256.8907607,0.8023336477995336,1.1362671187215887,0.6431741938472515,0.0784373174664543,-0.25330750401769153
1789203256.896583,0.8024308940110018,1.1383152837356876,0.6438031798564853,0.07853214355611154,-0.25277931161245515
1789203256.8997018,0.802521957425872,1.1396626117098017,0.6442270257066778,0.07853275188196487,-0.25264432904011075
1789203256.9066055,0.8026706019509613,1.1416668574661568,0.6448821390978119,0.0784275014964097,-0.252513554501202
1789203256.9101477,0.8027723686786572,1.1429926864997242,0.6453386521913616,0.07835302656641928,-0.2523598706381198
1789203256.9161212,0.8029604994089837,1.144936522266964,0.6460661732104249,0.07824695479189399,-0.25195663091479187
1789203256.9210758,0.8032004676935655,1.1461192217916083,0.6466201386259997,0.07849560368087552,-0.2518612652573628
1789203256.9259021,0.8037030058149492,1.1477355218408707,0.6475550513939264,0.07939774645546824,-0.251883972312056
1789203256.9308002,0.8040827236213092,1.1487639588650138,0.6482188177075497,0.08019289499145503,-0.2518483745478341
1789203256.9364748,0.8046660776555352,1.1502819890939442,0.6492473481598414,0.08116909785309719,-0.2513376700633316
1789203256.9397376,0.805055635741557,1.151275108468699,0.6499522681359394,0.08173583204170942,-0.25081291621235047
1789203256.946716,0.8057006481156626,1.1526896316772768,0.6510673821895616,0.0826722979900958,-0.2500765098922113
1789203256.950238,0.8062152807451113,1.1535396827028257,0.6518745172875593,0.08372259033888974,-0.2498661425880414
1789203256.95615,0.8070447808214218,1.154731228010829,0.6531581014322816,0.08572101012702175,-0.24975044816859623
1789203256.9597495,0.8076077302807209,1.1555261694634211,0.6540265940398472,0.0870205771337016,-0.24970806471715082
1789203256.965581,0.808514147649085,1.1566782189685156,0.6553703989755995,0.0889798779502279,-0.24991299967003353
1789203256.9700682,0.8091819184713422,1.1573965192564786,0.6563067171541704,0.09060119111206918,-0.2504146650139735
1789203256.976126,0.8101881133844397,1.1584752712615551,0.6577424625249213,0.0929907924821513,-0.25130107081390046
1789203256.9807088,0.8108812011488747,1.1591843088762888,0.6587260909687846,0.09451443860923878,-0.2519951895409346
1789203256.9866457,0.8120233962691575,1.1601608282071043,0.6602777019374984,0.09724567434997006,-0.2536410865525447
1789203256.9901516,0.8128154036566059,1.1607963077519168,0.6613412661406031,0.09930152093362674,-0.25506787955393534
1789203256.996076,0.8140433668622825,1.1617405470981417,0.6629725935684434,0.10244111246852271,-0.2575308937239071
1789203256.9995458,0.8148939312312012,1.162363551534385,0.6640862855070536,0.1045976200877018,-0.2595125823611143
1789203257.006712,0.8162434846253833,1.1632655093822626,0.6658061061086529,0.10810896103936267,-0.26312905334057946
1789203257.0101364,0.8171709572125665,1.1638690117122144,0.666971472367411,0.11058922241209988,-0.26591750758742727
1789203257.0162892,0.8186347210596082,1.1647454596310698,0.6687625739105725,0.11447102612707272,-0.2705971766236565
1789203257.019766,0.8196449280254682,1.1653299937898853,0.6699801874936986,0.1172337496923278,-0.2741131544965497
1789203257.025604,0.8211940505451327,1.1662306464256762,0.6718258757133542,0.12144708637634728,-0.27980675676211364
1789203257.0302174,0.8222671979896164,1.166827299533385,0.6730746833697782,0.12434996292224566,-0.28389263038295237
1789203257.036087,0.823940770101207,1.1677162463169999,0.6749729434142235,0.12904511534855853,-0.29054334396197706
1789203257.039645,0.8250845996078894,1.16832218963459,0.6762567331614087,0.13224260420763959,-0.29520750155338504
1789203257.0467618,0.8268399539365067,1.1692558688996224,0.6782015709545678,0.13705637750751723,-0.30245471872270463
1789203257.0501842,0.8280370520393796,1.1698955470388728,0.6795043186724948,0.14030587286805685,-0.3074482105238076
1789203257.05604,0.8298715733481727,1.170878083385348,0.6814654422451134,0.1452505746598159,-0.31514528807419795
1789203257.0607622,0.8311188555712267,1.1715455108592165,0.6827794172754083,0.148523510512692,-0.32032198666845196
1789203257.0667193,0.8330182490251848,1.17255488441466,0.684748199109111,0.15342750530573443,-0.32814948020729146
1789203257.0702684,0.834295416168262,1.1732236083812935,0.6860537167619499,0.1566362924050896,-0.33343091064208513
1789203257.0764403,0.8362266875108076,1.1742196568910666,0.6879912723762708,0.16135391182513584,-0.3414370218763484
1789203257.0800226,0.8375225815006833,1.1748725471356456,0.6892768383029794,0.16433568776901158,-0.34676143555170896
1789203257.0859327,0.8394807453502652,1.1758371017939226,0.6911871030367217,0.1685461047495348,-0.3546672545801016
1789203257.090589,0.8407972401250472,1.176472855582933,0.6924410282708101,0.17129555057855422,-0.3598997204720919
1789203257.0964832,0.8427897417273699,1.1774169435268074,0.6942866644272767,0.17549808132217212,-0.36771246185822104
1789203257.1000285,0.8441266527773456,1.1780330644227912,0.6955046044325001,0.17812906596405165,-0.37284821372032373
1789203257.1062443,0.8461470604455765,1.1789394802646391,0.6973048660417794,0.18172271254161645,-0.3804171061629308
1789203257.1096098,0.8475059922597382,1.179534559253169,0.6984799268209416,0.1840336802050252,-0.3854009412537131
1789203257.1165762,0.8495655290055232,1.1804159777923062,0.7001948189126374,0.18757972099616266,-0.3928198686017122
1789203257.1205177,0.8509540234740788,1.180992869088019,0.7013075557702477,0.1898393062837443,-0.3976599122901522
1789203257.1262417,0.8530637569251971,1.1818537674282215,0.7029342669907055,0.19306892867644168,-0.40481307240418135
1789203257.1298788,0.8544877187869799,1.1824246106341672,0.7039845226614346,0.19530826521595815,-0.40953944250144614
1789203257.1359608,0.8566455592128446,1.1832635111506535,0.7054989765014427,0.19874233666893917,-0.41654495897608856
1789203257.1406827,0.8581080642008944,1.183824024537307,0.7064624345824139,0.2008038046652876,-0.42106408352736613
1789203257.14666,0.8603146598265847,1.1846474430654053,0.7078982131132803,0.20363515508853994,-0.42730703916197144
1789203257.150085,0.8617820972285348,1.185170387429358,0.7088455617679154,0.20544835216715882,-0.43125213683782776
1789203257.1563401,0.8639728474488555,1.1859224888350046,0.7102525991651222,0.20822883312748808,-0.43691589420052607
1789203257.1597939,0.8654228142114,1.1864077053647097,0.7111911168148665,0.20997245902604905,-0.4405578417422673
1789203257.1665025,0.8675897624497846,1.1871252242212715,0.7125833408528628,0.212352224000622,-0.4458152010406206
1789203257.169891,0.8690443472958084,1.18761503948836,0.713482745882307,0.21388791353828113,-0.4491653335555174
1789203257.1754255,0.8712593160726864,1.188388246570171,0.7147722338876656,0.21630412250203981,-0.4538949639538592
1789203257.1800916,0.8727619947420119,1.1889043714495577,0.7155921356213393,0.2176898582734746,-0.4568762866724634
1789203257.1858346,0.875012654787519,1.1895790439516145,0.7168126625470962,0.21956290328560535,-0.460804672128074
1789203257.190456,0.8764846067794322,1.1899454214612932,0.7176304150207226,0.22063615142464266,-0.46306851250258435
1789203257.1963358,0.8786434056412993,1.190381236442667,0.7188629559052276,0.22194560867914054,-0.4658908752501764
1789203257.199678,0.8800348963958027,1.190601611241501,0.7196921147765853,0.22238047404976585,-0.4672901403554281
1789203257.206429,0.8820765678362332,1.1908600540125018,0.7209295734869612,0.22228989011628902,-0.4687234226542367
1789203257.2097795,0.8834362355443222,1.191033234995368,0.7217163087354143,0.22183392628809037,-0.46943540080249374
1789203257.2155337,0.8854842502133307,1.1912796787108932,0.7228452731171408,0.2209713805040773,-0.470027037024012
1789203257.2199872,0.8868656195970692,1.191423390035793,0.7235542755869667,0.2204229977649851,-0.47002889747089077
1789203257.225478,0.8889653314242234,1.1916190124051005,0.7245317568411433,0.21976823615728827,-0.46943879275095324
1789203257.2299187,0.8903760581652695,1.1917578484720972,0.7251079731104252,0.2194842526929474,-0.4687504071453306
1789203257.2357366,0.8924797696786329,1.1919691767413891,0.7259304591492627,0.21930815412335927,-0.46787173402610266
1789203257.2408397,0.8938739198329774,1.1921135376221905,0.726464570103895,0.21922694471512727,-0.4676070350358373
1789203257.2462995,0.8959290012590674,1.1923041419046547,0.7272303635408767,0.21931564205087303,-0.4674187912515235
1789203257.2501693,0.8972640856884546,1.1924103955155163,0.7277190505435953,0.2195445363486228,-0.46731381919220294
1789203257.2560697,0.8991778243704239,1.1925057564577357,0.7284292921672337,0.21991865399539948,-0.46729759475237215
1789203257.2606318,0.9003888641240063,1.192540290176134,0.7288773797502756,0.2200531947501851,-0.46725771358562534
1789203257.2662914,0.9021137835843567,1.1925584317342564,0.72949926734605,0.21976417413034482,-0.46705060274216026
1789203257.270044,0.9032256052482672,1.1925594504694483,0.729881482785773,0.2193234448546448,-0.46687073849605565
1789203257.2760332,0.9048819832325811,1.1925573050980904,0.7303916553102312,0.2186235170651559,-0.46620977510615885
1789203257.2806082,0.9059850568377624,1.1925547145211965,0.7306886124685243,0.21809204880948138,-0.46541787061968404
1789203257.2863789,0.9076423050033079,1.1925557680922458,0.7310586597426295,0.2171853435444234,-0.46370868173750457
1789203257.2898011,0.9087509295361992,1.192560696233443,0.731248147077628,0.21650077206795482,-0.4622328096583618
1789203257.2964654,0.910408356754684,1.192590573628806,0.731428913346343,0.21525360899889967,-0.45960536563257987
1789203257.2998257,0.9115070749724427,1.192625468551843,0.7314768523049545,0.21406691619932564,-0.4575867026699743
1789203257.3058193,0.913141111917575,1.1926934881463884,0.7314378240851804,0.21176132660433203,-0.4541835986099096
1789203257.3105807,0.9142146222212747,1.192742314699242,0.731338773447598,0.20984564195099784,-0.45169728104642504
1789203257.3180385,0.9163139731909681,1.1928538173565002,0.7309580587997258,0.20516157464891116,-0.4463227089752501
1789203257.320085,0.916823560223362,1.192882809334134,0.730820769637585,0.203752122545447,-0.44492221561086587
1789203257.3261096,0.9183187239066773,1.1929720701599094,0.7303186097785521,0.19896402186142015,-0.4405647178308252
1789203257.330513,0.9192906765174861,1.193034236169149,0.7299167837676405,0.19536948440058718,-0.4374906806625036
1789203257.3362763,0.920708840963679,1.193130860431512,0.7292272133238719,0.18947004712000542,-0.4325904174129055
1789203257.3396719,0.92162325170281,1.1931963083120336,0.7287183986760545,0.18524909523375674,-0.42917981473607725
1789203257.3466966,0.922955600345383,1.1933000565788645,0.7279037094074405,0.17852799417053994,-0.42376556690158906
1789203257.3499079,0.9238198729298194,1.1933768685985529,0.7273376328766163,0.17379838977932907,-0.4198864656760547
1789203257.3565316,0.9250846518247137,1.1935193468847862,0.7264644374402063,0.16636820487892257,-0.4135257034168722
1789203257.3598049,0.9258941384338932,1.1936421049703982,0.7258527517186353,0.16142586080317348,-0.40907284345227557
1789203257.3655477,0.9270566350163021,1.193870842038967,0.7249089014845125,0.1542631180466102,-0.4021161030291551
1789203257.3700452,0.9277987580185244,1.1940530729755485,0.7242724026151668,0.14966672034915812,-0.39719994049303975
1789203257.3757458,0.9288690733146013,1.1943749797177539,0.7233197549854422,0.14281406119923065,-0.389267311331471
1789203257.3803763,0.9295538340610596,1.1946265130038167,0.7226767843190521,0.13830578073567,-0.38367436744394595
1789203257.386139,0.9305548170749842,1.1950467960600732,0.7217090808618782,0.13189364029428755,-0.3749106991088715
1789203257.3896112,0.9312200913138434,1.1953330205670025,0.7210837457432531,0.12868352690494614,-0.368935413850336
1789203257.3965576,0.9322222303918914,1.1957844643310955,0.720204994861272,0.12551286566030923,-0.3600140615861649
1789203257.4000022,0.9328991136892112,1.196112646710436,0.7196649642419635,0.12445886602998588,-0.3541887586892261
1789203257.4056919,0.9339340943352337,1.1966524996201755,0.7189447780926511,0.12417942512902796,-0.3456850992178986
1789203257.4100757,0.9346350965155666,1.1970460489283314,0.718531616369177,0.12466438495640504,-0.3402653711857624
1789203257.4157288,0.9357180383857143,1.1976956860286179,0.7180157504343229,0.12628706618442267,-0.3325144220547643
1789203257.4201639,0.936445469596473,1.1981768418994647,0.7177333400278928,0.12759601395903944,-0.32755524990903634
1789203257.4257405,0.9375507332826918,1.1989804167916749,0.7174029099198194,0.1294896366910913,-0.3204653155199605
1789203257.4302526,0.9382964576685959,1.1995716848771045,0.7172473088783233,0.13079303444967819,-0.31592945823341
1789203257.4359632,0.9394324192626203,1.200548794050382,0.7171061377798177,0.13285865995312746,-0.30945774451215274
1789203257.440306,0.9401921110317301,1.201264148590536,0.7170606302034136,0.13416825278552325,-0.3052684594269769
1789203257.4461586,0.9413355135728725,1.2024366404857865,0.717064300863477,0.13593416455558974,-0.2991238112154807
1789203257.4494843,0.9421019808526742,1.2032861035389357,0.7171159095238931,0.1370721511274084,-0.295109479953793
1789203257.4564588,0.9432541936141864,1.204662985835223,0.7172580131417274,0.13879362031826611,-0.2891872073692032
1789203257.4597855,0.9440194874613174,1.2056478195908622,0.7173876657797309,0.1398002088110577,-0.2852755636922849
1789203257.4663465,0.9451686242854248,1.207229438300413,0.717635507927902,0.14124293203317909,-0.2794525721353594
1789203257.4697413,0.9459372320532168,1.2083552862487423,0.7178366479313362,0.14226133961552628,-0.2755961175927846
1789203257.4764454,0.9470679623730542,1.2100058863010412,0.7182064184422987,0.14392993966300444,-0.2698318083142737
1789203257.4799032,0.9477294358524283,1.210624240939439,0.7185478687536538,0.1451811908631573,-0.2666818732772355
1789203257.4857218,0.9485676793132514,1.2109936653141715,0.7191891922124029,0.14694866227649755,-0.26309085027226725
1789203257.4903722,0.9490456150426536,1.2110032559737551,0.7196856789043862,0.14769467985867568,-0.26111063241333016
1789203257.4964418,0.9496684700990828,1.2108185548858317,0.7205110809490425,0.14810079226747572,-0.25842406802313783
1789203257.4996746,0.9500227909813346,1.2106228493645368,0.7211086680904705,0.1480177748045513,-0.2567066599138981
1789203257.506673,0.9504772754548433,1.21028503427267,0.7220736107764147,0.14740967507807898,-0.2541017570239252
1789203257.5099838,0.9507366912928213,1.210053609686222,0.7227599873255838,0.1466834090962978,-0.25230306419171206
1789203257.5171518,0.9510594460824546,1.2097164384858845,0.7238592446478203,0.14513763391626094,-0.24947402210805977
1789203257.5204325,0.9512343062851649,1.2095020429565033,0.7246428330396038,0.14380509534728017,-0.24750169529545596
1789203257.5265024,0.9514628643717359,1.2092232925375352,0.7258665024366825,0.14170371922530647,-0.244354153859032
1789203257.5301645,0.9515971630011425,1.2090646706586035,0.726711959894105,0.14029143475537992,-0.24213367593038787
1789203257.536094,0.9517766503716704,1.20886425157122,0.7280125375924373,0.13817102619298186,-0.23865019495207576
1789203257.540576,0.9518848280791242,1.2087534515727696,0.7288918875062796,0.13693308958965122,-0.2362560500704306
1789203257.5464296,0.9520353635927119,1.2086179309370686,0.7302269979623487,0.13541586751901813,-0.23257601149445295
1789203257.5497315,0.9521305326554912,1.208546069297747,0.7311276093814476,0.1346379487680282,-0.2300687172228338
1789203257.5565372,0.9522422825289676,1.2084451451780438,0.7325034992014597,0.13364822984762215,-0.22625896359494913
1789203257.5602384,0.9522758136455077,1.2083694257531827,0.7334339314265946,0.13299892506530772,-0.2238022928054737
1789203257.56619,0.9522762656404793,1.2082541599920713,0.7348469891137398,0.13195663177373085,-0.22025040463173212
1789203257.5696635,0.9522580157542682,1.2081910099893873,0.7357949836795559,0.1312450937613612,-0.2179274767604908
1789203257.5765,0.9522286623547854,1.2081899866979435,0.7372655044370293,0.13039329834166527,-0.21463926329754146
1789203257.5799255,0.9522085284187704,1.20826171774405,0.7382837424329156,0.13001859510783215,-0.21283552548101148
1789203257.5856743,0.9521759188243115,1.2084757373520905,0.7398656741577726,0.1299228603885998,-0.21062111994495603
1789203257.5900838,0.9521520379655569,1.20868835582209,0.7409566758229126,0.1302295932833838,-0.2094342696690512
1789203257.595908,0.9521044176430544,1.2090862142605214,0.7426356623449671,0.13118011996401158,-0.20803425263146366
1789203257.6006455,0.9520591882654788,1.2093841813309276,0.7437751064608157,0.13158908635429564,-0.20735781848243984
1789203257.6062717,0.9519766130152861,1.2098891911344956,0.7455299635689439,0.13194030088150174,-0.20669698914761298
1789203257.6094587,0.9519175576588315,1.2102750369659188,0.7467422379435071,0.1320097958012496,-0.2065217212352257
1789203257.6166441,0.9518152572314909,1.2109423934121464,0.7486040758137613,0.1324565971952615,-0.20654656939436872
1789203257.619922,0.9517366498528675,1.2114401965735748,0.7498747977310558,0.1330321521918701,-0.20677521178677033
1789203257.6256256,0.9516016126359181,1.2122654661467536,0.7518263102385327,0.13442223799539765,-0.20748746648953106
1789203257.6301217,0.9515012904089939,1.212868325624278,0.7531606669069333,0.13577256271655577,-0.2081905266928727
1789203257.6358056,0.9513366790706875,1.2138431180979803,0.7552129293930707,0.13822519439402203,-0.20961383669558728
1789203257.6402867,0.9512077133376559,1.2145194777810941,0.7565881754984998,0.13948028236094331,-0.21066572748716766
1789203257.6461995,0.9509876076579771,1.215577369196355,0.7586741827004012,0.1403306070712812,-0.21238203862801633
1789203257.6505184,0.9508314818471355,1.2163204390303701,0.7601005793134638,0.14026305021023547,-0.21370530774750995
1789203257.656537,0.950578331337176,1.2175071549515468,0.7622707210774979,0.13972882871434195,-0.21595855899003197
1789203257.6599944,0.9504026043358259,1.2183424529906584,0.7637422702941977,0.1394587267729453,-0.21757060617910992
1789203257.666602,0.9501362177723796,1.2196614058232151,0.7659963226954378,0.13913340426514795,-0.22030244966771378
1789203257.6700137,0.9499531047564039,1.220591565273587,0.767505928421704,0.13919829835099293,-0.22226448339308522
1789203257.675661,0.9496713100936331,1.2220428274951114,0.769762877821973,0.1395256657412588,-0.22527716010030346
1789203257.6800578,0.949483204063819,1.223044088627346,0.7712800619779563,0.13921368568656184,-0.22722649030973788
1789203257.6856105,0.9492033040460356,1.2246071516038985,0.7735742333582333,0.13813818779551384,-0.2302187202982713
1789203257.6900592,0.9490152215463681,1.2256967274616,0.7750946290564255,0.13714148440898488,-0.2322304206751064
1789203257.6956933,0.9487368846779632,1.2274014493833671,0.7773680830780957,0.1355729014675599,-0.2352142213868595
1789203257.700071,0.948559238154562,1.2285774800549292,0.778889741989253,0.134421301012542,-0.23705147425644296
1789203257.705834,0.9483026819758736,1.2304061044115335,0.7811544961747968,0.1328103369423366,-0.23938753163966447
1789203257.710407,0.9481420740422414,1.2316628139211019,0.7826304911315163,0.1318497414510444,-0.2407057612526234
1789203257.716323,0.9479246385205998,1.2335985903353914,0.7847737226212063,0.1306806756241686,-0.24234076202753924
1789203257.719908,0.947800431533626,1.2349157462346205,0.7861673141636211,0.13005491220669682,-0.24309608089614532
1789203257.725707,0.9476439771033376,1.2369326871015125,0.7881839757766675,0.12929723829691328,-0.24366329089799535
1789203257.7302778,0.9475539848846235,1.238305616048205,0.7894660782583285,0.12885341756150578,-0.24373441665780718
1789203257.7361007,0.9474229375908241,1.2403857830138068,0.7913165437951737,0.12765666014232366,-0.24348014709305882
1789203257.7394807,0.9473392160955713,1.2417735758962718,0.7925237327274965,0.12653247831935863,-0.24298704399422802
1789203257.746183,0.9472276114643466,1.2438841513549475,0.794249643396025,0.12464246521489783,-0.24180209998915497
1789203257.7496967,0.9471397673699619,1.245298824342397,0.7953527898132553,0.12306739007340345,-0.240889695448816
1789203257.756322,0.9469746655156673,1.2474317442710892,0.7969583092854623,0.12035706341009623,-0.2395031040231302
1789203257.7597518,0.9468307354120947,1.2488523203093242,0.798029290301273,0.11870085007213022,-0.23850422361798523
1789203257.7655807,0.9465680197616648,1.2510019923379858,0.7995885144772252,0.11640693311708841,-0.23703492986137167
1789203257.7701752,0.9463730591390747,1.25246398760453,0.8005580121816721,0.11505145070429851,-0.236058263048013
1789203257.7762022,0.9460162972942475,1.254669360218219,0.801953426727244,0.11277869961563276,-0.23491080992317134
1789203257.7805355,0.9457320278451254,1.2561499796682012,0.8028673560447414,0.11135194006770738,-0.23435509961430362
1789203257.7862604,0.9452365282733642,1.2583844624539118,0.8041934190492854,0.10952595055650495,-0.23382392179893421
1789203257.7896636,0.9448597819324106,1.259883688185422,0.805034998210328,0.10835398952287922,-0.23371684879942517
1789203257.7967484,0.9442236656210368,1.2621555743563577,0.8062059455528651,0.1066103892694384,-0.23399595898339068
1789203257.8003285,0.943765122537669,1.2636952582559324,0.8068961537420924,0.10596091638775022,-0.23442682355323788
1789203257.806491,0.9430047349642792,1.2660226083360566,0.8078236138213735,0.1054048442935128,-0.23547219643990264
1789203257.8097708,0.9424486439325396,1.2675933232450656,0.8083623011966072,0.10499725452549101,-0.2365131937864365
1789203257.815898,0.941548724737656,1.2699696557550617,0.8090290397378754,0.10421624092305218,-0.23856317216994002
1789203257.8205194,0.9409014620992194,1.27156036427936,0.8093692222755622,0.10398951124059191,-0.24023222478396783
1789203257.8263566,0.9398520751430879,1.2739611104568451,0.8097053677589904,0.1037900247456037,-0.2433090026375697
1789203257.8296862,0.9391027391242959,1.2755743858724455,0.8098186704253073,0.1035272076611358,-0.24581262239945456
1789203257.8369355,0.9379062487769483,1.2780132918228482,0.809832923340546,0.10253142447957649,-0.2499889596544888
1789203257.8402762,0.9370806455919791,1.2796492506669597,0.8097070643244586,0.1020481891146175,-0.25294649664056823
1789203257.8462365,0.9357722240411025,1.2820969514323006,0.8093431370359477,0.10185694147862806,-0.25762851248757274
1789203257.8495018,0.9348456656492637,1.2837262591411933,0.8089838298325808,0.10164630118224882,-0.2609695865340195
1789203257.8562534,0.933372363311727,1.2861687248890956,0.8082655638964438,0.10076365207422142,-0.2663109194738782
1789203257.859985,0.9323591232070914,1.2877826512027282,0.8076739379992953,0.10027154572577367,-0.2701529248743228
1789203257.8659048,0.9308658016000181,1.2901198417208488,0.8067305843637208,0.10115329638978426,-0.2751871997602383
1789203257.870429,0.9298858206594425,1.2916340395245252,0.8060878834364593,0.1026313033973991,-0.27784925575052843
1789203257.8763554,0.9284436237094083,1.293852501782942,0.8051711199555173,0.10558295357568441,-0.28056139095932525
1789203257.8801558,0.9275148994305187,1.2953133190287864,0.8046293367102041,0.10765835161497687,-0.2816629177906629
1789203257.8858066,0.9261723018642166,1.2974937327591578,0.8039283290539732,0.11069167062922626,-0.28231656449978376
1789203257.890454,0.9253102858180414,1.2989466345951894,0.8035375430277089,0.11260661864141455,-0.2821477316542348
1789203257.8963401,0.9240567169512549,1.301128457442338,0.8030787018084411,0.11511047845527109,-0.2809285970687095
1789203257.8999724,0.9233539299760057,1.3024594612068847,0.8029132525221607,0.11669908210664162,-0.27998114584282763
1789203257.9059894,0.9225461476341095,1.304200247060133,0.8029281594791727,0.11961321698855078,-0.27930762439398243
1789203257.9103994,0.9221658449721762,1.3052182253264109,0.8030995432021855,0.12159521143437445,-0.27917956237953107
1789203257.9165697,0.9218096740430627,1.3065683394181409,0.8035673591744762,0.12439342050271077,-0.27937179541777674
1789203257.9203238,0.9216902970425227,1.3073866127832963,0.8039365338976394,0.12610128263087247,-0.27997868551387817
1789203257.926529,0.9216759029480379,1.3085090096902408,0.804565877159919,0.1283791943398574,-0.2817336685453973
1789203257.9302711,0.9217723379177976,1.3091965774292063,0.805042292563658,0.12971457058270183,-0.28337259073372345
1789203257.936411,0.9219844109153177,1.3102201129053348,0.8057784499615078,0.13131925738941147,-0.2861234659591098
1789203257.9399984,0.9221551502555743,1.3109116077846559,0.8062475408864137,0.13209980867764243,-0.28803355755014837
1789203257.9453921,0.9224426978766856,1.3119594536739294,0.8069337290358616,0.13297230210806743,-0.29094902348921453
1789203257.9498682,0.9226511699521633,1.312663495446435,0.8073882093850627,0.13343026473084632,-0.292891260011972
1789203257.9556365,0.9229818748891782,1.3137097519996888,0.808082796055749,0.1340181095045115,-0.2955141876292404
1789203257.9601612,0.923219883829217,1.3143978915443157,0.8085568501747596,0.13440879196219885,-0.2969340777175477
1789203257.9658926,0.9235940934303668,1.3154142943421046,0.8092947037124963,0.13501898936526963,-0.29844294949731626
1789203257.9704382,0.9238501704882696,1.3160797737116092,0.8098080877329014,0.1354413351430037,-0.2990601518076515
1789203257.976141,0.9242422684826413,1.317064799344208,0.8106127136126049,0.13601805915739487,-0.29927698264211633
1789203257.9795744,0.9245150290298577,1.3177201408923653,0.8111777061063205,0.1363962214425881,-0.29910068175459675
1789203257.9864056,0.9249313775739783,1.3186931139451183,0.812074045309528,0.13692593891280994,-0.2984174076977135
1789203257.9895954,0.9252070125945696,1.3193300369087397,0.8127070125555944,0.13714483673155778,-0.29754712949192463
1789203257.9963474,0.9256242485307272,1.320285543169365,0.8136985918451556,0.13727546432742166,-0.2958499677197074
1789203257.9997363,0.9259085493222867,1.3209259150591663,0.8143827990361979,0.13726204974580145,-0.29453214540074485
1789203258.0054781,0.9263771625904269,1.3218585200801294,0.8154563237954706,0.13718335022877876,-0.2925779675256508
1789203258.0100498,0.9267301690085967,1.3224430574265706,0.8162143508258783,0.1373532934622186,-0.29150162102817534
1789203258.0157933,0.9272611967371881,1.3233295067313005,0.8173982202840229,0.1373936644201957,-0.28973248612387187
1789203258.0201843,0.9276244738628826,1.3239392280769315,0.81820574470103,0.13724703706753574,-0.2885873032071337
1789203258.0258062,0.9281840563147283,1.324886618996958,0.8194337295297395,0.13678859905919977,-0.2871334591635212
1789203258.0303888,0.9285666205021883,1.3255424317212818,0.8202579633194659,0.13631898055107447,-0.2863658248673622
1789203258.0362215,0.9291421378844636,1.3265482650005498,0.8215156002260006,0.13527589923265015,-0.2853740738705922
1789203258.0394716,0.9295341904359662,1.327236353699488,0.8223663202356778,0.1344932282856173,-0.2847520428695162
1789203258.0461411,0.9301507304267087,1.3282730415599677,0.8236607685461123,0.13344285873640668,-0.2840033640894043
1789203258.0498998,0.9305920754577437,1.3289520437138058,0.824538637428939,0.13322722459471414,-0.2837724990259564
1789203258.0565228,0.9312800542702725,1.3299971332966205,0.8258694086508269,0.13333873849832423,-0.2837964552712106
1789203258.0603895,0.9317507796451217,1.330710965869667,0.8267721963341049,0.13344267037270283,-0.2839475832826612
1789203258.066423,0.9324685270879266,1.3318054253782117,0.8281439066924228,0.13362153546257485,-0.28422670094261593
1789203258.0699093,0.9329591067173418,1.332556441017307,0.8290584688749335,0.13373469267093646,-0.2845447405378776
1789203258.0760956,0.9337111074690106,1.3337125912011494,0.830428892766099,0.1339124097056199,-0.2852393952392929
1789203258.0806491,0.93422180420907,1.3344991806477655,0.8313457093276891,0.13404075770031185,-0.28573230718698817
1789203258.086642,0.9350180133981897,1.3356788278657303,0.8327204315484775,0.1344659248091591,-0.2866074337909715
1789203258.090157,0.9355657619161172,1.336479049942241,0.8336272396849086,0.13501373713302126,-0.28736180557646346
1789203258.0961313,0.9364091452980247,1.3377131749533508,0.8349639704422109,0.13600569960892228,-0.28872903117620324
1789203258.1005619,0.9369831187883625,1.3385531387199725,0.8358466054942572,0.13670909376661095,-0.2897139770708599
1789203258.1062515,0.9378624408846239,1.339840532074825,0.8371476741563227,0.13778421093183527,-0.2912478581438799
1789203258.1098063,0.9384618993025322,1.3407190153483066,0.8379918208367665,0.13853548200519078,-0.2923495583829167
1789203258.115879,0.9393774688965734,1.3420600598518797,0.8392278750986389,0.13971473147362323,-0.2941094200362829
1789203258.120735,0.9399953960448125,1.3429651909934242,0.8400399812720812,0.14046144771944796,-0.29521058846923015
1789203258.1266623,0.9409399799731265,1.3443473277929847,0.8412208032509054,0.1415792620734775,-0.29682434259323454
1789203258.1302688,0.9415780079805796,1.3452833102378408,0.8419849395811116,0.1423470809831274,-0.297908958308574
1789203258.1365693,0.9425482394151675,1.3467121078984825,0.8430903513685013,0.14349808717663617,-0.29949974205509605
1789203258.1402693,0.9432045148551528,1.3476849763005587,0.8438070246004585,0.14425876395251033,-0.3005526827041229
1789203258.1462865,0.9441969242928291,1.3491706664594991,0.8448593630608372,0.14535061458439083,-0.30206365310293
1789203258.1496153,0.944865687537692,1.3501823754036457,0.8455364945952387,0.1460708926400376,-0.3030321176854442
1789203258.1565976,0.9458754455270583,1.351728383453856,0.8465287815065302,0.14715286767901345,-0.3044316548806438
1789203258.1600115,0.9465616732257893,1.35278737118762,0.8471628680344604,0.14780749261251191,-0.3053000571951672
1789203258.1657977,0.9475933799754576,1.3544022197878849,0.8481015956228511,0.1486879450303853,-0.306542043220822
1789203258.1702912,0.9482827400690871,1.3554977149804939,0.8487132157001449,0.14924916381396752,-0.3073049572312097
1789203258.1760244,0.9493195689662571,1.3571739058104013,0.849605653244131,0.15016280191710207,-0.30845403546913597
1789203258.180675,0.9500115690302927,1.3583157646706847,0.8501970971652042,0.15078201752599057,-0.309177793761627
1789203258.186736,0.9510536736005338,1.360079053014294,0.851049957896403,0.151664838779055,-0.31043123585278826
1789203258.1901414,0.9517504553195785,1.3612799667248356,0.8516007512069518,0.15226957153916906,-0.31132950310349744
1789203258.1962397,0.9527978681861367,1.3631164607598534,0.8524052206574696,0.15331724129182028,-0.31260062599357474
1789203258.1998067,0.953487468011112,1.3643498020229425,0.8529439430900377,0.15402651768777698,-0.3133763157711733
1789203258.2058427,0.9544828021360933,1.3661658131216416,0.8537556719457284,0.1548850984735057,-0.3143830464661326
1789203258.2103903,0.9551301529105901,1.367368436357253,0.8542789128899996,0.15526507132556178,-0.31501622831893983
1789203258.2162857,0.9560715753485277,1.3691535445196463,0.8550628687986613,0.15545059071615855,-0.31597190777330736
1789203258.21996,0.9566771916562719,1.3703307060374343,0.8556009340349866,0.1551783854141458,-0.31648445368305317
1789203258.2257454,0.9575611010297139,1.3720909376227426,0.8564115099991441,0.1542681956093378,-0.3171211775469616
1789203258.2303216,0.9581473828174671,1.3732899891391428,0.8569233049282138,0.1534706079116572,-0.3174803350736066
1789203258.2362587,0.9590366162603993,1.3751269583129189,0.8576401692607204,0.15219037911814687,-0.31787909128694325
1789203258.2397845,0.9596257624904417,1.3763635394227076,0.8581240646305276,0.15127897809149393,-0.31814233713009976
1789203258.2459645,0.9604927288041447,1.378230852133418,0.8588766459319414,0.14986091899129378,-0.3187164676465418
1789203258.2506278,0.961057813780332,1.379488972940021,0.8593878289717592,0.14895991497849834,-0.31920023073460646
1789203258.2560387,0.9618682200305823,1.3813767987427517,0.8601683858417372,0.14775958325421795,-0.32010045616522925
1789203258.2606642,0.9623672113197821,1.3826183514567023,0.8607070295146062,0.1469008454247179,-0.32080207277533285
1789203258.2665265,0.9630587091231075,1.384451771391596,0.8615199397888303,0.14536574417893194,-0.3220894219956871
1789203258.2702737,0.9634899971559165,1.3856348183606413,0.8620667686347602,0.14415064045001286,-0.32283193899780965
1789203258.2764442,0.9640998991519931,1.3873615057936954,0.862890491094384,0.14211359683789151,-0.3236779541877159
1789203258.2797995,0.964497637231344,1.3885014740649007,0.8634417313358631,0.14049572790719597,-0.32401730149287533
1789203258.2857716,0.9650910672499237,1.3902270908257708,0.8642434254663524,0.137777924031669,-0.32413686333458935
1789203258.290358,0.9654825362724226,1.3913905338973014,0.8647509710382965,0.13584962998060954,-0.32404724507312277
1789203258.2962825,0.9660766217383265,1.393145966015302,0.8654695574006106,0.13304854102803923,-0.32378255287238694
1789203258.2998219,0.9664763810551962,1.3943319879415927,0.8659114049877078,0.13135002855008893,-0.3236852792565694
1789203258.305931,0.967064813057511,1.3961417785161492,0.8665318225804245,0.12889486864663913,-0.32371314896948944
1789203258.310719,0.967439973081592,1.3973610303488841,0.8669368835191948,0.12735882014684247,-0.32409905912495557
1789203258.3169165,0.9679922940728054,1.399180271664379,0.8675385135337027,0.1253376635030859,-0.3247482428778569
1789203258.3208916,0.9683442814443791,1.4003743284576553,0.8679308528781201,0.1242518424935415,-0.32507504243684354
1789203258.3260157,0.9688010512955414,1.4020753872461604,0.8685044408162607,0.12287976173344713,-0.3252239188218636
1789203258.3307083,0.9690560625749017,1.4031767172438172,0.8688699827001871,0.12188636612092134,-0.32513419533412274
1789203258.3368714,0.9693661050404703,1.4047957399905764,0.8693934636944521,0.1199207081244286,-0.3247837121404615
1789203258.340488,0.9695271698601431,1.405854166946212,0.86973278012315,0.11838473715410432,-0.32454792898281004
1789203258.3464763,0.9696986228025651,1.4074169397552203,0.8702303920505133,0.11582921584062995,-0.3242216148842615
1789203258.350156,0.9697647340541864,1.408448984329837,0.8705500986782315,0.11386761660652565,-0.324009146828836
1789203258.356184,0.9698116817559191,1.4100005739450543,0.8709973110684393,0.11048626514393019,-0.3236298556213977
1789203258.359597,0.9698194575974929,1.4110374396741074,0.8712646888737601,0.10818849792747798,-0.32350009464618085
1789203258.3663435,0.969803205075726,1.412591413122946,0.8716221910238392,0.1046305043600712,-0.32355375469059794
1789203258.3701317,0.9697783963139365,1.41362480807988,0.8718402543151885,0.10234542050417345,-0.32370720825132643
1789203258.3758101,0.969721200291787,1.4151743758983362,0.8721392517593621,0.09907975558290279,-0.3240221051299415
1789203258.3804398,0.9696695024623363,1.4162034630410185,0.872304275651991,0.0970554716055346,-0.3243718729762431
1789203258.386328,0.9695744912610068,1.4177377278695695,0.8725170769655077,0.09440627296198745,-0.3251040798552415
1789203258.3898327,0.9695020803945363,1.4187545182118515,0.8726472535397869,0.09290603452833038,-0.3256342140004622
1789203258.3956225,0.9693723948345089,1.4202794803472092,0.8728297976387183,0.09089464357676087,-0.326409654314126
1789203258.4002066,0.9692698928917628,1.4212948503783975,0.872947999912673,0.08970833911330083,-0.3270157044581548
1789203258.4059994,0.9691119326380063,1.422797058991432,0.8731315329136659,0.08818972591461927,-0.3278844237952343
1789203258.41049,0.9690068539300278,1.4237808634119191,0.8732718344426988,0.08739548576119885,-0.3282769357334737
1789203258.4163032,0.9688398017229148,1.425243356203554,0.8735140151126736,0.08659795444905721,-0.32848309402972
1789203258.4199777,0.9687140338656913,1.4262162561145784,0.873692355788057,0.08627417410580725,-0.32849814109863446
1789203258.425981,0.9684847142196652,1.4274188635380807,0.874039734918003,0.08606280137810193,-0.3283515305049459
1789203258.4306664,0.9682941221170527,1.4278988696266364,0.8743520689006721,0.08579198335119699,-0.3284711308003035
1789203258.4369767,0.9679779118397509,1.4283557837057694,0.8749200037821171,0.08528380862414771,-0.328710845804558
1789203258.4403234,0.9677454974067833,1.4285700231862872,0.8753364348411705,0.08498212051966976,-0.32889926443043316
1789203258.4460683,0.9673689507657923,1.4289128555780408,0.8759917799930641,0.08478260738213779,-0.3291408186076537
1789203258.450079,0.9671019683588468,1.4291736999528024,0.8764486838143313,0.08507274948755818,-0.3291134141859673
1789203258.4564342,0.9666718394102861,1.4295635878480675,0.8771612106411253,0.08573960029777644,-0.32870429638365156
1789203258.4601548,0.9663674132812494,1.429824123103835,0.8776486733491512,0.08592774719835504,-0.32819912442960403
1789203258.4662297,0.9658826554572093,1.4302288359821589,0.8784107396012787,0.08584706311193206,-0.32719002308248585
1789203258.470008,0.9655428037699996,1.4305164653122917,0.87894450258859,0.085603485856225,-0.3264144177858861
1789203258.4759045,0.965015492588614,1.430998399571816,0.879781187238849,0.08518016677732765,-0.3252027166327515
1789203258.4805284,0.9646514027258648,1.4313593189962004,0.8803601886287644,0.08506981081089889,-0.32463697070552094
1789203258.486584,0.9640888021095179,1.4319622187648953,0.881268203155686,0.08523261557370802,-0.3242008792334726
1789203258.4898875,0.963704101108799,1.4324062672174487,0.881904632006249,0.08554830970431251,-0.32415739150608186
1789203258.4958382,0.9631115008131585,1.4331335800505596,0.8829073294028029,0.0862918992315717,-0.32439701862224374
1789203258.500459,0.9627002854052915,1.4336531326252462,0.8835944220584498,0.08694446839818927,-0.3247056133993646
1789203258.5066893,0.9620522817048238,1.4344721742034143,0.8846542492316978,0.08804775691387592,-0.3253443590637538
1789203258.5102513,0.9615949584449318,1.4350358498243503,0.8853860703323699,0.08852573910100132,-0.3258755653440346
1789203258.5162785,0.960872546722372,1.4359215829235155,0.8865303276535941,0.08879050450349463,-0.32687316909891156
1789203258.5200734,0.9603675687181022,1.4365449956118301,0.8873251914937578,0.08878252297573275,-0.32769016024212594
1789203258.5262375,0.9595746486430713,1.4375341708250244,0.8885700075745985,0.08862913139516582,-0.32913375220175306
1789203258.5306983,0.9590225290282808,1.4382326003272798,0.8894364821257242,0.08850176214118138,-0.33023573887852375
1789203258.5364811,0.9581496725258026,1.4393167147063894,0.8907936330625914,0.08807779844917134,-0.33208950187594954
1789203258.5399823,0.9575394173571214,1.4400623882314447,0.891738029022225,0.08731758156878812,-0.3333452987000713
1789203258.5459232,0.9565785920907265,1.4412182771080484,0.8932156110207302,0.08574066020333798,-0.33517492301957336
1789203258.5504615,0.9559061629202907,1.4420202148116736,0.8942414952291842,0.08426456063924026,-0.3364061329925099
1789203258.556199,0.9548548749141057,1.4432797406313296,0.8958411113805637,0.08192898383781458,-0.3383526087433461
1789203258.5595672,0.9541273050803198,1.4441479295868505,0.8969477499124,0.08040109073141116,-0.3396412337990909
1789203258.5664258,0.952990478883981,1.4454801845633847,0.8986675601384437,0.07762272798851767,-0.3415479803513624
1789203258.569924,0.9522052114372552,1.4464009843935441,0.8998482568548289,0.07547280341520086,-0.3428602564755946
1789203258.5757124,0.9509892338877027,1.4478327127649229,0.9016680846283717,0.07235393052393334,-0.3448862163545499
1789203258.5806668,0.9501524576861449,1.4488163902671358,0.902915337665843,0.07035582146323917,-0.3460863103710266
1789203258.5867643,0.9488565617784592,1.4503387902521128,0.9048224896328361,0.06750969463621147,-0.3477126703427768
1789203258.590019,0.9479665916078529,1.451382582501053,0.9061032511043592,0.06548138508136654,-0.34870928895930414
1789203258.5957856,0.9465978230723265,1.4529919533981512,0.9080370282034913,0.062489575550661716,-0.3501514064815593
1789203258.600447,0.9456661023663628,1.4540832104342496,0.9093383147934024,0.060520174266245244,-0.350890744460407
1789203258.6064324,0.9442373341874052,1.4557607058326618,0.9112730199693759,0.057512497566254386,-0.35175654556743363
1789203258.6097271,0.9432627274888281,1.456913538198905,0.9125380080846043,0.055297102155608444,-0.35216879135564316
1789203258.6154444,0.9417702046397267,1.4586923297533605,0.9143940816552721,0.05189116388226381,-0.3527222495283916
1789203258.6200194,0.9407601003514493,1.4599003375239017,0.9156055872575294,0.04973938856082201,-0.3529111877117508
1789203258.625975,0.9392230426116945,1.461747202100596,0.9173712730056969,0.046557432951930794,-0.35289602695631317
1789203258.6305795,0.938182632319187,1.4630090396406716,0.9184942546706777,0.04449462807177382,-0.352738158449239
1789203258.6362379,0.9366059405769243,1.464952137496603,0.9200736879093794,0.041604988577720006,-0.35236500802751175
1789203258.6397228,0.9355476086173212,1.466278052944292,0.9210556336518867,0.0400441963275098,-0.3518627236859201
1789203258.6455388,0.933946778899466,1.4683056230878928,0.9223950593570538,0.03746148237952651,-0.3507735477927631
1789203258.6501505,0.9328703073149627,1.4696874970266176,0.9231904523859294,0.035708972668568525,-0.3499148571448646
1789203258.6560636,0.9312419985321694,1.471807976629497,0.9242197677757876,0.032731360250988356,-0.34859500618973527
1789203258.6605217,0.9301527385746348,1.4732451904333304,0.9247990536511618,0.03066826202076309,-0.3475486972670038
1789203258.666052,0.9285093993052573,1.4754492502855625,0.9254833095915695,0.02795923137973191,-0.34566269136388733
1789203258.6695216,0.9274282492338035,1.4769331837484354,0.9258273848239881,0.02602916915157205,-0.34434889021734794
1789203258.6762505,0.925855656315636,1.4791634052873706,0.9262121024379598,0.023169900399082864,-0.34209997563338446
1789203258.679715,0.9248587296779097,1.4806396273196603,0.926410177790815,0.02202475991192815,-0.3400618033070125
1789203258.6863914,0.9234195024374462,1.4828314500731408,0.9266581020665102,0.02165165470957251,-0.3362511386082504
1789203258.6901157,0.9225029586129109,1.4842862618161539,0.9267873486762791,0.0220410122541479,-0.33331620526362904
1789203258.695707,0.9211859216479403,1.486484788691989,0.9269498752598816,0.023302519662903417,-0.3285778513516348
1789203258.7003765,0.9203474655513982,1.487985583688532,0.9270490810326346,0.0245434806025231,-0.32565796638710004
1789203258.7066908,0.9191366182266777,1.4902781784138979,0.9271960305600965,0.026858431730555535,-0.3215776545755701
1789203258.7100496,0.9183570553693798,1.4918289804560692,0.9273016354227026,0.028387399389924045,-0.3190995243157227
1789203258.7169313,0.9172408738537081,1.4941943663844,0.9274511665037353,0.030511548652953756,-0.3157059418107467
1789203258.7206254,0.9165369474806778,1.4957957811126834,0.9275282308622402,0.031804792600922865,-0.31383217722502293
1789203258.726731,0.9155358920704904,1.4982278842382708,0.9276287300317906,0.03341665349563716,-0.31148134112532416
1789203258.7303572,0.9149020513141576,1.4998647630625936,0.9276979603740736,0.0342288730999778,-0.31009608998753857
1789203258.7362475,0.9140060870727861,1.5023418941091466,0.9278168452001733,0.03503171381171872,-0.30808716420307236
1789203258.7398334,0.9134545674524079,1.5040022927860026,0.9278847424812122,0.03554102286519965,-0.3067717567071091
1789203258.7461565,0.9126815467949086,1.5064936307046388,0.9279889251492982,0.036147379718151226,-0.30490908644136994
1789203258.7505062,0.9121990016373759,1.5081546208351566,0.928074674808025,0.03638816101520402,-0.3036078718679563
1789203258.7565136,0.9115246015447197,1.5106443858835232,0.9282287762889384,0.036486702946439645,-0.30145094690620466
1789203258.7599878,0.9111748162022284,1.5122153016247757,0.9283925439697511,0.03658508234359364,-0.30011477334838554
1789203258.7659025,0.9108331499370343,1.51438497448937,0.9287706323048998,0.037162762814814586,-0.29866332809655505
1789203258.769653,0.9107073087824774,1.515724219363732,0.9291079732034322,0.03764768703642604,-0.29787206512174763
1789203258.775729,0.9106535088521808,1.517599878671927,0.929731269667849,0.03840661622916976,-0.2968287516947343
1789203258.7804039,0.9106984258730919,1.5187731361970132,0.9302093145787561,0.03888938986455234,-0.29652109024275053
1789203258.786496,0.9108423957209063,1.5204641021590557,0.9310215993807629,0.03957385386851172,-0.2964270879898768
1789203258.7899652,0.9109547824504329,1.5215831414600964,0.9316135542338689,0.03986772359413325,-0.2963238315745033
1789203258.79593,0.9111398910743771,1.5232498526041491,0.9325747421575941,0.04017061034525476,-0.2959544226943029
1789203258.7994711,0.9112797530381775,1.524355488710071,0.93324189685831,0.0403734552780108,-0.2956694405256062
1789203258.8057566,0.9116157604169826,1.5258810130271276,0.9343511074042905,0.04111893013632481,-0.29548492055750114
1789203258.8104692,0.9119203331064235,1.5268061722666555,0.9351675983846359,0.0420732850553669,-0.29562894671309947
1789203258.816674,0.9124712886789254,1.5280787247859533,0.9364949964190826,0.044000979440912205,-0.29608306979656834
1789203258.8202322,0.9128542066862882,1.5289085183337277,0.9374221449383225,0.045344297740940474,-0.29642816008363043
1789203258.8260365,0.9134295454798694,1.5301389461384058,0.9388619673081747,0.047212105075519144,-0.2968648097319296
1789203258.8297062,0.9138620080228259,1.5308967178715078,0.9398840005570388,0.048498880672845995,-0.29716146720071845
1789203258.8357108,0.9146071828293774,1.5319135204474295,0.9415232291332202,0.05109291623633902,-0.29794954012910113
1789203258.840312,0.9151492229106366,1.532535883562307,0.9426750223067143,0.0531491784103463,-0.29865706801358965
1789203258.8464112,0.915956949217317,1.5334609997189754,0.944443562835522,0.05618566780519972,-0.29971626682696584
1789203258.8500316,0.916495242919753,1.5340773357565989,0.945648612774744,0.05811899300160258,-0.30038966218856233
1789203258.8557165,0.9173177559874265,1.5349872994329998,0.947498303028161,0.06100094944179844,-0.3014136782133336
1789203258.8604126,0.9179190409146497,1.5355284771989195,0.9487834132413767,0.06320551985132265,-0.3022652098981566
1789203258.8669496,0.9188914241485497,1.536252101453106,0.9507736206221358,0.06712175718369606,-0.3039071362712676
1789203258.8705978,0.919575876431482,1.5366859452903598,0.9521305478954206,0.06991038394573368,-0.30521926221937834
1789203258.876318,0.9206190859355559,1.537328461265911,0.9541879050428108,0.07425295567530828,-0.30740250788754003
1789203258.879709,0.921316443463679,1.5377582133808247,0.9555693212860391,0.07702150122554079,-0.3088890991362932
1789203258.8862875,0.9223647636716938,1.5384086227647784,0.9576404594364258,0.08105841595772872,-0.3112293192388313
1789203258.8897195,0.9230654845164883,1.5388486741550453,0.959012143861462,0.08376088465954262,-0.31291512004764066
1789203258.8957386,0.9241624483564821,1.5394569712240787,0.9610824050390546,0.08803741272443924,-0.31573492358883504
1789203258.9004524,0.9249256164903652,1.539822644360898,0.9624804404737728,0.0910304017476675,-0.3176716432764382
1789203258.9062538,0.926111477810995,1.540335300225842,0.9645783894458151,0.09576352409766095,-0.32065508799583936
1789203258.909735,0.9269165180929815,1.5406768526470753,0.96595933878062,0.09905870001131502,-0.3226918537791463
1789203258.9157753,0.9281309310660699,1.5411964643666218,0.9679894150335886,0.10406914929580861,-0.32585263364241757
1789203258.9201784,0.9289450209964253,1.5415438441210934,0.9693203545682066,0.10724331492786514,-0.3279595709878467
1789203258.9259362,0.9301747543320583,1.5420701985308967,0.9712698660891722,0.11171889651767997,-0.33109646015713257
1789203258.9304168,0.9309990442906511,1.5424273163784468,0.972529071901744,0.11461480154028766,-0.33323680447804027
1789203258.9363244,0.9322312318462251,1.5429677704280715,0.9743655641866006,0.11870635243092585,-0.3364980034627936
1789203258.9397385,0.9330509873250907,1.543328039896745,0.975567827629799,0.12122986620150619,-0.3384957604589785
1789203258.946439,0.9342899029142463,1.5438783227297412,0.9773193910439717,0.12481382243174123,-0.3412786590031563
1789203258.9497237,0.9351215805369183,1.5442545795644211,0.9784468288863432,0.12712818353318409,-0.34307384885927383
1789203258.9554968,0.936374883581285,1.5448338543784554,0.980083634786329,0.13051335519444152,-0.34571891927568693
1789203258.9599452,0.9372081443268151,1.5452260253622423,0.9811566270891687,0.13265209644970638,-0.34730674669242284
1789203258.9657705,0.9384595119578868,1.5458309678995221,0.9827234965036584,0.13569930185624518,-0.34949900913036164
1789203258.970427,0.9392991049518957,1.5462508987406811,0.9837289019205127,0.13764219915002887,-0.35089092825984364
1789203258.9759836,0.9405647153164252,1.5469076085403335,0.9851754834020425,0.14050087960259258,-0.35300988386338295
1789203258.9806046,0.9414110781971653,1.5473609042208072,0.9861130429717383,0.14233506920129088,-0.35437853026668337
1789203258.9865525,0.942683973807097,1.5480629915657553,0.9874751190004617,0.14492544167031615,-0.35616442316553276
1789203258.9901636,0.9435302832239613,1.5485479509628877,0.9883554978678745,0.14657600129076334,-0.3572458768501133
1789203258.9960134,0.9447955630605207,1.5493027344524035,0.9896391339525515,0.14898396599812977,-0.35878675444271324
1789203258.99965,0.9456325274309236,1.5498214851566563,0.9904815750478139,0.15045261836774956,-0.3596851457519381
1789203259.0066383,0.946888684757172,1.550635065544283,0.9916988975383321,0.15248734472831868,-0.36099127695073696
1789203259.0101843,0.9477244122503375,1.5511987787665769,0.9924823090680616,0.15378763267731527,-0.36192526573838574
1789203259.0159168,0.9489712340468272,1.5520701371128072,0.9936172107641238,0.1557848034037,-0.3633075449177312
1789203259.02078,0.9497967743991808,1.5526634226220344,0.9943571921017816,0.15708930457462564,-0.3641093934565807
1789203259.02693,0.9510253270063183,1.5535738156334258,0.9954403902753581,0.15898075805942838,-0.36501958522829675
1789203259.0305836,0.9518358984603781,1.554195511211263,0.9961410027545465,0.1602148706911649,-0.3655217474666051
1789203259.0363443,0.9530390789630836,1.5551542883439444,0.997151566557818,0.16206011734185827,-0.3662059748087582
1789203259.0399177,0.9538313289991224,1.5558089700089717,0.9978136393585876,0.16319620914884303,-0.36664669377068787
1789203259.0459464,0.9550010369908825,1.5568167836674838,0.9987860025827846,0.16474925735989032,-0.36716773062482266
1789203259.050767,0.9557700463692232,1.5575089102378286,0.9994089808029648,0.1656830664955565,-0.36753159598997337
1789203259.056794,0.9569086799241275,1.5585706429757777,1.000313552731694,0.16705574302639284,-0.36795012911319425
1789203259.0603685,0.957656078537679,1.5592897524587215,1.000906461713943,0.1678877236643603,-0.36813373471985156
1789203259.0663345,0.9587558582387039,1.5603855572213714,1.0017782987920063,0.16905548252443509,-0.36817843807101125
1789203259.0696957,0.9594745579012784,1.5611295877599065,1.002342459297717,0.1698049243483237,-0.36810889949725034
1789203259.076539,0.9605357696470467,1.562258392706426,1.003159035997994,0.17088764810013904,-0.3678732143754958
1789203259.0800536,0.9612283805403735,1.563006459470665,1.0036993129772263,0.17144771457793193,-0.36753573598707423
1789203259.0863414,0.9622252878151556,1.5640789609928885,1.0045003305322762,0.17202537465922352,-0.3667851855022014
1789203259.089505,0.9628646711801364,1.5647628283563069,1.0050205284312312,0.17220625412921514,-0.3661079152885113
1789203259.096917,0.9637853482613872,1.5657472479856185,1.0057751170226736,0.1721969865769905,-0.3648698381879745
1789203259.1003966,0.9643698162200256,1.5663749199528234,1.0062825876982815,0.17189059217237485,-0.36385460385600604
1789203259.106547,0.9652090742315028,1.567292600843832,1.007044982841322,0.1709292597314498,-0.3620178883495968
1789203259.1098728,0.9657570076206865,1.5679116804743847,1.007536679191475,0.1700782480702953,-0.36061337918349384
1789203259.1160645,0.9665673334969928,1.5688433069028382,1.0082363264966852,0.16865346827032868,-0.3582678773189869
1789203259.1206326,0.9670865584380107,1.5694559406237922,1.008708132203438,0.1675860747022315,-0.35669967062711555
1789203259.125813,0.967832680470931,1.570371364925356,1.0094246213888152,0.1658593869962272,-0.3544127399668827
1789203259.130397,0.9683020348125256,1.5709951688964974,1.0098971735960793,0.1646778930810041,-0.35294735289638424
1789203259.1364584,0.9689455947744445,1.5719380581205245,1.0105896606761757,0.16281598559757027,-0.3510213766265493
1789203259.1398833,0.9693217564343135,1.5725461959519067,1.0110439582406745,0.1614234850999926,-0.3498010675582004
1789203259.1461697,0.9698118133420857,1.5734459771553433,1.0117064763536803,0.15905116978363237,-0.34795148016048677
1789203259.1504166,0.9700932006647595,1.5740394519354686,1.012132418863852,0.15724729242994484,-0.34670712504929674
1789203259.156327,0.9704602602847998,1.5749037313936292,1.0127522608004564,0.1542602210454476,-0.3446498790112902
1789203259.159693,0.9706809608466255,1.5754757557297645,1.0131557917621854,0.1521061028302409,-0.3430908245414378
1789203259.1666188,0.9709877679060128,1.5763430424584859,1.0137366644096846,0.1487790585468045,-0.34039437060528904
1789203259.1698942,0.9711776517706114,1.5769287837654635,1.014100705777766,0.14654769199326986,-0.3383533456039658
1789203259.1755993,0.9714351795032514,1.5778226344127535,1.0145976714062253,0.14320102397559786,-0.3349401574932098
1789203259.1803167,0.9715824716591057,1.57843676613929,1.0148912234433667,0.140817527890743,-0.33257649154401625
1789203259.1859388,0.9717655105122736,1.5793877280698543,1.015269137743033,0.13706555653708594,-0.32890330675475077
1789203259.1902869,0.9718637582708356,1.5800426033503925,1.0154755273655813,0.1344350201279138,-0.32634534268937015
1789203259.1959662,0.9719839740262111,1.5810463164681932,1.0157139610454171,0.13018143960946418,-0.3223135161487567
1789203259.200474,0.9720669365081944,1.5816902262335728,1.0158363469537957,0.12770551329290045,-0.31975049970509567
1789203259.206246,0.9722000501452127,1.5826186611292905,1.0159868073836857,0.12499904758651124,-0.3162729352116056
1789203259.2096763,0.9722970779773954,1.5832162933557032,1.0160810602292312,0.12385126801695105,-0.3141326390223188
1789203259.2165718,0.9724577971831122,1.584089065420319,1.016233785909202,0.12293659951334837,-0.3110912997923863
1789203259.2200139,0.972565960681123,1.5846699317656538,1.0163446113078507,0.12254434901945102,-0.30930635881648877
1789203259.225673,0.9727304734282296,1.5855425478609897,1.0165431839155985,0.12206084585586308,-0.30703792900623406
1789203259.230106,0.9728455050101095,1.5861234618077649,1.0167089375288745,0.12184690417827221,-0.3056907432805658
1789203259.2358477,0.9730231512361122,1.5870082188303423,1.017017960157617,0.12164873078053978,-0.3038313256755102
1789203259.2404177,0.9731391988673505,1.5876220108133792,1.0172678355322742,0.12145892959249167,-0.30284761836124563
1789203259.2470274,0.9733165056251308,1.5885735452235539,1.017726304696732,0.12116887674242711,-0.30163359201299983
1789203259.249602,0.9734397949589425,1.589226690401484,1.0180948774975864,0.12099062414400628,-0.30090016050764384
1789203259.2560165,0.9736316768287325,1.5902378996176512,1.018746743446846,0.12077942463856794,-0.2998026527024212
1789203259.2607746,0.973750311479157,1.5909481485151253,1.0192367839804308,0.1205817442350806,-0.2991365400743942
1789203259.2666123,0.973913039345983,1.5920715959393807,1.0200575553468079,0.12007892430838321,-0.29824815868110954
1789203259.2700903,0.9740131040236433,1.5928588895654254,1.0206653140566575,0.11956070265155094,-0.2976588928293856
1789203259.2760146,0.9741516117104316,1.5940959383916107,1.021664882560719,0.11877055100743594,-0.29668971135702243
1789203259.2795663,0.9742284852158664,1.5949649219821351,1.0223738784137828,0.11820493263071467,-0.2960490806816518
1789203259.2866256,0.9743213013478749,1.5963359256252536,1.0235035193567237,0.11727077718066889,-0.29513191094028185
1789203259.2901087,0.9743675532945519,1.5972949284820284,1.0243052801370063,0.11660523809165273,-0.2945010350349007
1789203259.2958708,0.9744117044188167,1.5988028247870592,1.0255813055910297,0.11570030373057584,-0.2934690726211573
1789203259.3002412,0.9744170921041118,1.5998582980980325,1.0264616357798342,0.1151171091693599,-0.29282237154232293
1789203259.3062513,0.9743894516623203,1.6015160614423498,1.0278239466320842,0.1144349358657158,-0.2919339863228427
1789203259.3106265,0.9743489735833629,1.6026707406620062,1.0287643194292733,0.11410939517198818,-0.29136045142395806
1789203259.3165412,0.9742663087156324,1.6044737920400183,1.030218597775104,0.11377600072637156,-0.2904833399079164
1789203259.3201365,0.9741934765447732,1.6057224375064283,1.0312011323941934,0.1137111060142144,-0.28993557072647513
1789203259.3260336,0.9740547088922209,1.607663456562528,1.0327009999884194,0.11390116128035664,-0.28919983657405063
1789203259.33093,0.9739448269978229,1.6090016543322982,1.0337223349472318,0.11415219567742933,-0.2887448775392966
1789203259.336624,0.9737535984432287,1.6110595792663172,1.035272547270748,0.11473696321470261,-0.28806288138241026
1789203259.340039,0.9735955534595535,1.6124318865250142,1.0363034154568462,0.11507807331533265,-0.28758926832664944
1789203259.3459702,0.973318673001761,1.6144865802741608,1.0378631365141429,0.1152956366390474,-0.2867869175639107
1789203259.3507085,0.9731081708768473,1.615858704505206,1.0389171839181963,0.11522024869575266,-0.2861945849508347
1789203259.3566463,0.9727543948287155,1.6179229362523477,1.0405226538360408,0.11483571155511045,-0.285237363526204
1789203259.3603566,0.9724957845220766,1.61930932782513,1.0416041850901059,0.11446188677196155,-0.284740694145178
1789203259.3663723,0.9720785110037351,1.6214000306149206,1.0432509415033189,0.11380518676077295,-0.28434857457126167
1789203259.3703463,0.9717832329772402,1.6228037046797172,1.0443719659815167,0.11332750021614396,-0.2842947372509057
1789203259.3761575,0.9713192863588943,1.6249354553656816,1.0460921110992918,0.11273703253518552,-0.2845282767227692
1789203259.3798616,0.9709930003811889,1.626375589298615,1.0472662077110566,0.11257569782402725,-0.28492640689660936
1789203259.3860247,0.9704758792667294,1.628569103184671,1.0490769169434244,0.11273557871868177,-0.28586535437692845
1789203259.3904958,0.9701100007208235,1.6300586943286548,1.050321876396727,0.11310928772919597,-0.2867008216759005
1789203259.3964183,0.9695243279282064,1.632331769941438,1.0522394361079714,0.1139386550476521,-0.28825996758230077
1789203259.3998702,0.9691055975288955,1.6338686152596322,1.0535429426845824,0.11439007128744949,-0.28946194254627
1789203259.4058683,0.9684379273718194,1.6362098541608872,1.0555481109121818,0.1148163549874686,-0.2915054355208978
1789203259.4103773,0.9679616883439575,1.6378031886380973,1.0569113767130638,0.11508151440112141,-0.29298143631354356
1789203259.4165783,0.9672022719122414,1.6402335998775137,1.0589910242503149,0.1154041454946012,-0.29532844351348786
1789203259.420014,0.9666678013142853,1.6418608105699453,1.0603976727221285,0.1150231233252468,-0.2967269250307215
1789203259.4259832,0.9658269404272526,1.6443186547032762,1.062546740198802,0.11334830592022133,-0.2984739112500251
1789203259.4306579,0.9652439672396365,1.6459740721384535,1.0640141134846637,0.11160536831016418,-0.29956572023428657
1789203259.4357448,0.9643316054919355,1.6484950304995323,1.0662492425809749,0.10865592179786013,-0.3010607542475902
1789203259.4402997,0.9637071195459411,1.6501884105276041,1.067767372780268,0.10671976777069934,-0.30178281663244333
1789203259.448228,0.9627444687000769,1.6527585723986162,1.0700727526623055,0.104043222614692,-0.30255106154429284
1789203259.4497812,0.9620849316900518,1.6544980145526997,1.0716191111218203,0.10245235305911563,-0.30294398798206185
1789203259.45591,0.9610703498442629,1.6571442362138102,1.0739609643223138,0.10016181685383328,-0.30345556032984233
1789203259.460544,0.9603777409487324,1.6589290245943242,1.0755250094922435,0.09856325020822768,-0.30345938124585603
1789203259.4664848,0.9593167091967619,1.6616448970425066,1.0778506991051322,0.09590444440721234,-0.3030415891139102
1789203259.4699872,0.9585966566692591,1.663486177442473,1.0793763434829493,0.09396245833339052,-0.3025805523055497
1789203259.4759061,0.9575008459186102,1.6663017671555738,1.0815992226234195,0.09078982433268794,-0.30169809483236554
1789203259.4805446,0.956770452550056,1.6682016709117717,1.0830295026123786,0.08891300496872157,-0.30064233025437115
1789203259.4863691,0.9556745174237904,1.6710954116154901,1.0850733282031444,0.08635629615814175,-0.29855799102819025
1789203259.489708,0.9549412110853072,1.6730630260916937,1.086352187253564,0.08474583427402246,-0.29699524168434877
1789203259.4955444,0.9538423479276041,1.6760695840049826,1.088130134497673,0.08236529984964633,-0.2944093198424083
1789203259.5000982,0.9531156436257956,1.6780979827672031,1.089207903003825,0.0810856368504196,-0.29228612392650605
1789203259.5056376,0.9520072805701787,1.681164876194076,1.090657583077631,0.07910765515102178,-0.28866540388282197
1789203259.5100565,0.951249586320586,1.6832300741200004,1.0915048295729273,0.07728065106484397,-0.28619648817953985
1789203259.5158792,0.9500860459878716,1.6863644119290226,1.092613677206316,0.07394961273229567,-0.2827825427775905
1789203259.5206842,0.949285977817948,1.6884713311439774,1.0932741314335472,0.07211383312327742,-0.2807553827157647
1789203259.52629,0.9480406773417167,1.691661546664093,1.0941326055777376,0.06983453933159202,-0.27831204849465735
1789203259.5297735,0.9471801817126951,1.6938155476876318,1.0945999401966229,0.06838878429044773,-0.2771484872202823
1789203259.5366151,0.9458506043495769,1.6970931177547315,1.0951109779341823,0.06602407083090828,-0.27616982221168246
1789203259.539952,0.9449421637438672,1.6992890592230505,1.0953182026571837,0.06478987241776418,-0.27595898308017947
1789203259.5459223,0.9435356975203687,1.7025995986916054,1.0954264723342144,0.06353792043127333,-0.2762924229258266
1789203259.5502431,0.942559606690383,1.7048195182148391,1.0953636014801214,0.06266746344190778,-0.2769813846580754
1789203259.5559766,0.9410447812869267,1.7081791464733278,1.0950430101950266,0.06079305638000426,-0.27872220066540526
1789203259.5603921,0.9400138980839583,1.7104206064411318,1.0946672803669077,0.059531831420165646,-0.2803109529259585
1789203259.5663264,0.93851565356582,1.713692738465516,1.0939739595675615,0.058378536350911794,-0.28287981253208117
1789203259.5702102,0.9375503780902216,1.7158112320722303,1.0934569182841107,0.058367967305797956,-0.2841507135062693
1789203259.5761087,0.9361549335297399,1.7189099452741001,1.0926548347195224,0.05913220456128219,-0.2851084837096021
1789203259.5795898,0.9352723444681711,1.7209397090004486,1.0921406130646711,0.06016564864132115,-0.285226240671223
1789203259.5867105,0.9340101111532059,1.7239287922870181,1.0914515568053833,0.06223417066246398,-0.28471450219982575
1789203259.5901234,0.9332070242262941,1.7258900968633175,1.0910592732119215,0.06372648150399939,-0.2837586334105461
1789203259.5962903,0.9321544833186817,1.7286796797380142,1.0906512400911217,0.06601281419796708,-0.2814434259243141
1789203259.5998757,0.9316482871969061,1.7303817200599672,1.0905339685554414,0.06788636829808724,-0.28019214056784447
1789203259.6059768,0.9311263527248043,1.7327096618338518,1.0906239887856455,0.07069140574013343,-0.27899338635754134
1789203259.6105273,0.9309216457637486,1.7341323646558209,1.090864717117219,0.07231208046269064,-0.2784573448832146
1789203259.616474,0.9308038443931456,1.7361123278744535,1.0914300988526833,0.0743924200427534,-0.2779942205213072
1789203259.6201057,0.9308439851813847,1.737357268271164,1.0918896073488997,0.07561400215183141,-0.2785981396433938
1789203259.6260185,0.9310606709366781,1.7391192928728667,1.0927269053447755,0.07716204222608994,-0.28065867946427964
1789203259.6295302,0.9313038348959815,1.7402235159745059,1.0934003276881792,0.07810060903745626,-0.28256594573991783
1789203259.6363392,0.9317925154006662,1.741792167854486,1.0945552991127285,0.07948344835801378,-0.2860085824340005
1789203259.6398203,0.9321551806593846,1.7428320203145913,1.0953653367919833,0.08035469079456864,-0.2887259455574692
1789203259.6457272,0.9327262054531514,1.744393691368649,1.0966505368292014,0.08154821924339341,-0.2931234665707658
1789203259.6504853,0.9331179742245732,1.7454353183902755,1.0975704766900458,0.08235326873303575,-0.2961125263549806
1789203259.6564138,0.9337884933627868,1.7469353281308948,1.0990923493168911,0.08384240526184787,-0.30059599913994717
1789203259.6603997,0.9343553613426108,1.7478450728929116,1.1002235633075979,0.08528078775524431,-0.3038421098280843
1789203259.666508,0.9353524325349315,1.749108222783051,1.1020784031299478,0.08798760604840775,-0.3089319800917314
1789203259.6699746,0.9360890943246193,1.7499082641612234,1.1034074598917456,0.09010788787309057,-0.31235119066426115
1789203259.6757817,0.9372228585711464,1.751125530720568,1.1054896102977894,0.09339445058226092,-0.3171478660373784
1789203259.6802406,0.9379910703680671,1.7519586434511554,1.1069268775915124,0.09556832498927743,-0.3203100096814218
1789203259.6860547,0.9391589717818775,1.7532458950979288,1.1091455581226772,0.09882797071374604,-0.32525025615645675
1789203259.6896963,0.9399822408180715,1.7540920953879386,1.110680927186255,0.10115081803504535,-0.3287392435782177
1789203259.6958807,0.9413026752390689,1.7553281122896014,1.1130772360119991,0.1052319178750002,-0.3345380413721068
1789203259.7003329,0.9422316445661425,1.7561433593544344,1.1147336602962805,0.10825197552518263,-0.3386532734583288
1789203259.7063918,0.943656041469719,1.7574036020942794,1.1172664922757014,0.11301991399067148,-0.3449688787849327
1789203259.70973,0.9446268724159573,1.758270328281524,1.1189765444739628,0.11639320767439663,-0.34927174957340035
1789203259.7157862,0.9461150765440982,1.7596110962487659,1.1215617352744247,0.12182217854744691,-0.3559155894350055
1789203259.7204785,0.9471263861355058,1.76052735507089,1.123309677469471,0.1255151956431398,-0.3604107172859208
1789203259.727049,0.9486727470622893,1.7619377048421623,1.12595389913959,0.13105186425078658,-0.3672164918308486
1789203259.7299547,0.9497247290226526,1.7629053097684575,1.1277203203361283,0.13482831429021033,-0.37183574674027875
1789203259.7358356,0.9513364733433232,1.7643997644304905,1.1303602120054528,0.14072231876757585,-0.3789401752791365
1789203259.7402925,0.952434373441674,1.7654175654627255,1.132117011435772,0.144614113727825,-0.38368898000722823
1789203259.7464223,0.9541186068835309,1.7669799515757787,1.1347304583302926,0.15028947394591832,-0.39076113647736627
1789203259.7497141,0.9552678917137511,1.7680491660774886,1.136446087359099,0.15406105830819827,-0.395483700029659
1789203259.7557118,0.9570378019672899,1.7696987308608432,1.1389619725829994,0.15974149583404618,-0.402573656119826
1789203259.760389,0.9582410553278998,1.7708243608288963,1.1406125579709105,0.16333522738364883,-0.4072669117625338
1789203259.7663722,0.960086557521487,1.7725552720326172,1.1430276079079393,0.1685341676515145,-0.4142803501861048
1789203259.7701077,0.961346500566583,1.7737414728329763,1.1445862225877368,0.17200777137132628,-0.41897847298534585
1789203259.7758083,0.9632855855192692,1.7755738863564814,1.1468321968470065,0.17739009852040127,-0.42610343061070627
1789203259.7803357,0.9646122487309443,1.776831065288525,1.1482648431497346,0.18093178549688008,-0.43080438243961605
1789203259.7861443,0.9666433869065767,1.778764540419298,1.1503250195929244,0.18606398281250455,-0.4378428630706299
1789203259.789712,0.9680232040546438,1.7800963996484993,1.1516168967461904,0.1894859542783237,-0.4426476428143256
1789203259.7957098,0.9701047564290756,1.782086577978746,1.1534621276378616,0.19463978909094362,-0.45000594825123175
1789203259.8007112,0.9714947983807677,1.7834012966393025,1.1546346686322893,0.1977954919132787,-0.4548525039512976
1789203259.8065858,0.9735567923576423,1.7853359969313154,1.156365863562265,0.20204255594282042,-0.4617886804064634
1789203259.8101053,0.9749179357240124,1.786604689371069,1.1575057921790808,0.2044934044406073,-0.4659624628152212
1789203259.8160534,0.9769468377451275,1.7884868073100464,1.1592045119503531,0.20767148115130094,-0.47167069074584944
1789203259.8205268,0.9782814200186516,1.789728825655405,1.1603618451616688,0.20933565948424313,-0.4751116695584503
1789203259.826298,0.9802850227030434,1.791613123346067,1.1621094014411641,0.2111470442835111,-0.4798604371075237
1789203259.8297017,0.9816284991748837,1.792887908302816,1.1632719913210365,0.21211519652898253,-0.48267724158215086
1789203259.836571,0.9836474227777126,1.7947950236075054,1.164984332622451,0.21334963119073924,-0.4863644982012854
1789203259.8402784,0.9849895290021234,1.7960411673962593,1.166096946916175,0.21394864968590566,-0.4882848207119996
1789203259.8462481,0.9870050785683453,1.7978808844112142,1.1677218478668305,0.21450874814130144,-0.49031990287484245
1789203259.8497372,0.9883513478027457,1.799091297015818,1.1687719997731953,0.21465636936066676,-0.4911694628154603
1789203259.8565643,0.9903896829758714,1.8008380932784185,1.1702848546238376,0.21448528999477073,-0.4916088071284307
1789203259.859956,0.9917595866645945,1.801949044131603,1.1712517135111018,0.21405002565999862,-0.4911901963713859
1789203259.8655179,0.9938415886509102,1.8035531234342792,1.1726210210566996,0.21288477465304792,-0.4894916167998154
1789203259.869964,0.9952621023391595,1.8046141899231827,1.173459145847584,0.21185725280167353,-0.48786192830939085
1789203259.8754156,0.9974339776345897,1.806179631326065,1.1746171049240277,0.21024348575527135,-0.4848525931160798
1789203259.8799334,0.998886521458504,1.807198593405948,1.175341541123874,0.20930549723179995,-0.48237264787716144
1789203259.8856974,1.0010404630668754,1.8086960668507917,1.176372801765205,0.20826127400004046,-0.47830931775717317
1789203259.8902159,1.0024353130811805,1.8096763869802655,1.1770561245307891,0.2077322101658956,-0.47581636051316645
1789203259.8960078,1.004449914603978,1.8111421996226347,1.1780464440936351,0.20717115701299282,-0.47259103291698085
1789203259.900471,1.005701495782263,1.8120932820187856,1.178701889186127,0.20676408086227793,-0.4708846848383413
1789203259.906565,1.0074387687552788,1.81343594935798,1.1797023013981034,0.20622526352339068,-0.4688111222295546
1789203259.9101822,1.0084931543986042,1.8142624639264815,1.1803925316031774,0.2057756493467754,-0.46740074466853265
1789203259.9163392,1.0099470124508676,1.8154352667712281,1.181496177150363,0.20488342140117488,-0.46521279200420496
1789203259.920068,1.0108473455491376,1.8161849345295251,1.1823002502381321,0.20421155923054837,-0.46370025975329715
1789203259.9260876,1.0121164817258272,1.8172706871548145,1.1835821015612538,0.2030286610712316,-0.4612738023779653
1789203259.930699,1.0129273240614725,1.8179792129186474,1.1844549721724085,0.20215849986435575,-0.4594183394015686
1789203259.9369175,1.0141042349208405,1.819026801220267,1.1858012663108974,0.2006536490476506,-0.45637812447539183
1789203259.940099,1.0148735761226906,1.8197265256108075,1.186746420867488,0.19942161793138025,-0.4546750092653821
1789203259.9459853,1.0159982239904066,1.8207948888124588,1.1882267369008321,0.19720753131134244,-0.4526470562330979
1789203259.950407,1.0167268762484385,1.821526163220642,1.1892528597052083,0.1954130799361801,-0.45174193544761115
1789203259.956199,1.017801240987267,1.8226253622920583,1.1908416997057212,0.19237322445410637,-0.45082101427036675
1789203259.959805,1.01851482046885,1.8233564020393422,1.1919181473993758,0.19043945871075074,-0.4504757092035527
1789203259.965724,1.0195540907097298,1.8244178788017393,1.1935404390603068,0.1878779516491014,-0.4503010226766333
1789203259.9705186,1.0202262369465933,1.8251055671413718,1.1946270541535748,0.18626380338309087,-0.4503935753619804
1789203259.976747,1.021209488570586,1.826109356974729,1.196266348531246,0.18388536573460557,-0.4508177764033545
1789203259.9804158,1.021842645541303,1.8267273620517739,1.1973900035324034,0.18247987181600459,-0.4510506039005238
1789203259.9869301,1.0227554194251276,1.8275685036917162,1.1991169953758876,0.18073287331622928,-0.45075736319843496
1789203259.9905558,1.0233375977246095,1.8280744033195124,1.2002881072133444,0.1797045424418334,-0.45010704622221887
1789203259.9957378,1.0241823793360916,1.8287764004786844,1.2020789565625525,0.17818716897507347,-0.44875515504874086
1789203260.0006502,1.0247324712887513,1.8292087054656299,1.2033059133054858,0.17702952252811213,-0.44778376820860927
1789203260.0058515,1.0255415755227766,1.829812607087631,1.2051809607670456,0.17499526176846153,-0.44635193547765634
1789203260.010518,1.0260711364446928,1.8301900275514429,1.2064436341367057,0.17342687902942466,-0.445464968401491
1789203260.0165823,1.0268561365082038,1.8307225138414562,1.208345382858037,0.17073425177417517,-0.44432860293826965
1789203260.0201807,1.0273865478471496,1.8310518977826702,1.209618315912567,0.1690460694831004,-0.4435757583493285
1789203260.0262702,1.0281960019796579,1.8315119797088746,1.2115206852332367,0.16682587657523248,-0.4424034972210039
1789203260.0299923,1.0287442958059625,1.8318021189731766,1.2127764736732027,0.16547970476294627,-0.4416408776126099
1789203260.0360358,1.0295931541886785,1.8322332300520126,1.2146015587686785,0.16354675195614707,-0.4405283602981985
1789203260.040585,1.0301835233234273,1.8325130215883272,1.2157865717507463,0.16241019919194835,-0.43960932738267405
1789203260.046687,1.0310961516798494,1.8329361668490929,1.2175121541828144,0.1608793381632877,-0.43813808699156626
1789203260.0503085,1.031718724943826,1.8332263701555973,1.2186212891951302,0.1599950466657642,-0.43715874099491814
1789203260.0561733,1.032659153778039,1.8336550342440214,1.2202032043180884,0.15880266182225042,-0.43577127685024425
1789203260.0600336,1.0332887303411422,1.833929187448193,1.2211897490304051,0.15801109032218508,-0.43471360609829623
1789203260.0656393,1.0342368696258613,1.8343313805728116,1.222540569982409,0.1565623373509915,-0.43274897794093914
1789203260.0702548,1.0348710018262577,1.8346095773960849,1.2233287119012246,0.15544761246007446,-0.4312812747126607
1789203260.0759373,1.0358209200278052,1.8350527725783692,1.224301847087692,0.1536965152217859,-0.4290888635836877
1789203260.0807045,1.0364511984299447,1.8353446584149835,1.2247905934977859,0.15243850987470917,-0.42747494866117414
1789203260.086741,1.0373931230384308,1.8357793338322799,1.2252693453001493,0.15056762561581588,-0.424711113899567
1789203260.0899355,1.0380191877275782,1.8360725602236592,1.2254149690399467,0.14936125007937184,-0.42270142754396434
1789203260.0956469,1.038956820155606,1.8365173282655587,1.2253560625898898,0.1475478957620462,-0.41954387180709724
1789203260.1001122,1.0395566923321842,1.8367774103178685,1.2251031275250317,0.14639794307296852,-0.4172956201793593
1789203260.105959,1.0403687748642731,1.837022466113613,1.2244431826240534,0.14444998466521808,-0.41292316041779525
1789203260.109445,1.0408602041021664,1.8371054488474643,1.223831209923194,0.14301109338038734,-0.4093284107735623
1789203260.1156023,1.041518782202794,1.837135544869415,1.2226827445060442,0.14056527573187402,-0.40296803128554004
1789203260.12011,1.0418968172363954,1.8371066079056035,1.2217729532320842,0.13862676023474868,-0.3984228994142415
1789203260.1260517,1.0423816029137376,1.8369982482816476,1.2202423696636433,0.13514241498137292,-0.3910568349426726
1789203260.130731,1.042655615730669,1.8368887942597345,1.2191370911222663,0.13231768733626845,-0.3856508835045506
1789203260.1365008,1.0429946848617189,1.8366729093929022,1.2173673629543307,0.1272193107120563,-0.3767015481330027
1789203260.1400964,1.043165771129716,1.836479571329979,1.2161079577394671,0.12342768961998174,-0.3703815160093276
1789203260.1457827,1.0433538844480386,1.836167076857394,1.2141426626064764,0.11714683205503244,-0.36058973473132894
1789203260.1501596,1.0434475409702444,1.8359787669422567,1.2127795001795458,0.11241193490738267,-0.353862775980048
1789203260.1559174,1.0435525598019342,1.8357581085160628,1.2106242083076704,0.10452574893579958,-0.34377941853100336
1789203260.1603005,1.0435998421402457,1.8356493318735723,1.2090949093586134,0.09905561176342666,-0.3371559166601374
1789203260.1659129,1.0436031972896525,1.8354718670762484,1.2066978190347326,0.09052067503618537,-0.32698318177557045
1789203260.1704636,1.0436272656715972,1.8353430107854785,1.2050478303122456,0.08486974408004933,-0.3200421828837755
1789203260.1761193,1.0437511180526413,1.8350935251446612,1.2025393191409448,0.07831866367559229,-0.3100041035257884
1789203260.179748,1.0438971473298126,1.8348828399960797,1.2008592653334802,0.07564773299935822,-0.3036883804389729
1789203260.186506,1.0442301550740973,1.8345226578089582,1.1983405205986013,0.07393226734057443,-0.2949545365569587
1789203260.1899807,1.0445373267256501,1.8342603582347077,1.196664612887511,0.07416943860342466,-0.2897578763238496
1789203260.195677,1.0451029222004127,1.8338474531598412,1.1941238818477182,0.07619409945556523,-0.28302262785640636
1789203260.2002218,1.0455201275799297,1.8335855128118776,1.1924365555983236,0.07778802010420115,-0.2790410490704932
1789203260.206055,1.0462332886140708,1.8331911707465933,1.1901577702005064,0.08047633566486179,-0.27771792387379496
1789203260.2095897,1.0467657524818896,1.8328897859586009,1.1887048669281768,0.08257741421595857,-0.2794407325241724
1789203260.217068,1.0476466434207778,1.8323770652733842,1.1865069151926753,0.08639144406096276,-0.2844575468231566
1789203260.2200189,1.0482546632197527,1.8320125984744426,1.1849894715058662,0.08917750545507828,-0.288897722284697
1789203260.2259877,1.0491431300556644,1.8314244854553055,1.1827132072768611,0.09351712713243007,-0.29654945591738074
1789203260.2307742,1.0496871963127925,1.8309729086103494,1.1813205792850283,0.09624502748880932,-0.3016537827917924
1789203260.2358267,1.0504361637349384,1.8302346514870722,1.1794665698612647,0.09998290575328746,-0.30883213766217416
1789203260.2405076,1.0508846021894511,1.8297167081896528,1.1784181567400542,0.10220965636945711,-0.3131086207603453
1789203260.24661,1.0514785521388563,1.828922890351741,1.1771353215047105,0.105161498253163,-0.3185428376040073
1789203260.2501721,1.0518143641332784,1.828395969587445,1.1764711505796168,0.10692517869029598,-0.3214797389770668
1789203260.2562,1.0522431963112087,1.82761185556404,1.1757403625927632,0.10921655427929354,-0.32485040933234677
1789203260.2606142,1.0525043769044515,1.8271128615528256,1.175367588513019,0.11050186914184341,-0.326547445910657
1789203260.266493,1.0528543048463375,1.8264203144540736,1.1749065854836525,0.11218839955226988,-0.32820345484256835
1789203260.269955,1.0530588995492869,1.8260060834304062,1.1746524155324662,0.11332489009419008,-0.3285009879617428
1789203260.2756424,1.0533198490595188,1.8254731372317181,1.1743408153338708,0.11499985681040832,-0.3280156420433574
1789203260.2802436,1.0534560603286927,1.8251956541544045,1.1741656380803949,0.11594533580461994,-0.3274549372158389
1789203260.28624,1.0536051968363271,1.8248969690005195,1.1739594018341242,0.11712868071982352,-0.3264544051380002
1789203260.2897787,1.0536795109345576,1.8247632572068517,1.1738725382427329,0.11781121584955029,-0.3257004226020214
1789203260.295898,1.0537858734227052,1.824625011714567,1.1738489508530432,0.11828433959966704,-0.324894730272785
1789203260.3004267,1.0538371030929503,1.8245664099931642,1.1738828169280648,0.1182308275932617,-0.32451647473882544
1789203260.3065133,1.0538267423260632,1.824510225675207,1.1740067127981482,0.11769514753719992,-0.3240187353838815
1789203260.3102612,1.0537661305465564,1.8244857624024675,1.1741430444740955,0.11700044903590615,-0.3237087923646988
1789203260.3165185,1.053601153064048,1.8244713906497356,1.174438587654048,0.1155190861722061,-0.3232732921830373
1789203260.3203118,1.0534436972330357,1.8244851197532233,1.1746972374886409,0.11420835259013314,-0.3231512622437083
1789203260.3266397,1.0531448115499114,1.8245634190401148,1.1751813261826591,0.11177428704066283,-0.32333459110276497
1789203260.330216,1.0529106795667598,1.8246542784937492,1.175570604940283,0.10992777170393347,-0.3236183431060087
1789203260.3361285,1.0525105274268343,1.8248739427898477,1.17624971551265,0.10680880187639057,-0.3243824583448258
1789203260.33969,1.0522194672993952,1.82508883988803,1.176760689891284,0.10464863126953837,-0.32519347216806904
1789203260.346642,1.051751610423466,1.825505207575238,1.1776160930167896,0.101341019195386,-0.32685299000239837
1789203260.3500845,1.0514197484909067,1.8258436804032276,1.1782454824044954,0.09911309764727312,-0.32819958746022043
1789203260.3560958,1.0508915700064665,1.8264413415296492,1.1792765211873404,0.09572308477915045,-0.3305822714921221
1789203260.3596256,1.0505182835079896,1.8268842403546217,1.1800227766683842,0.09343556027732704,-0.332269575961553
1789203260.3665023,1.0499222665646442,1.8276262148301718,1.18122407309618,0.0900261243867091,-0.3348637577173659
1789203260.370089,1.0494994828131055,1.82817294007037,1.1820758337094313,0.08779880577208511,-0.33668079714551646
1789203260.3758452,1.0488245561203766,1.8290686144119064,1.183421318463526,0.08461930196227355,-0.3394995051819876
1789203260.380471,1.0483437108385543,1.8297150102765922,1.184354271909148,0.08257724990139423,-0.34139900990638195
1789203260.3864515,1.0475797508349416,1.8307489184405628,1.185803516413627,0.07955014488727495,-0.3442287646547964
1789203260.3903196,1.0470262985129632,1.8314475235224432,1.1868168571678688,0.07742990977439829,-0.3460514287997104
1789203260.3961327,1.0461188842748292,1.8325183728524708,1.1884072027195929,0.07348772492839185,-0.3488167770845348
1789203260.3997686,1.0454672360994446,1.8332539392403076,1.1895151944060514,0.07041198178180721,-0.3506953309533015
1789203260.4057074,1.0444324779812995,1.834388229220895,1.1912510892532588,0.0652532811383546,-0.3534507752761871
1789203260.410289,1.0437113125796007,1.8351905720267139,1.1924416122768076,0.061596405024073535,-0.3553122019692678
1789203260.4160776,1.0425862392821095,1.8364677343558766,1.1942664360705146,0.05598873506540062,-0.35825652962263127
1789203260.4197373,1.0418191207865628,1.837355820769436,1.1955165410885338,0.05247061566824224,-0.3602607019038472
1789203260.4255497,1.0406407243538178,1.838752524027096,1.1974277710623278,0.047674299042058395,-0.36334442261416316
1789203260.430236,1.0398385271117516,1.8397264404164722,1.1987173873410684,0.04477576780356904,-0.3655284151275846
1789203260.4363594,1.0386148679551845,1.8412378545809394,1.2006608271884498,0.040789976676109,-0.36891415974394537
1789203260.4404356,1.0377893513445073,1.842264797396869,1.2019517549090843,0.03832910756814573,-0.37102585708330776
1789203260.4492166,1.0365339418712063,1.8438123624295335,1.2038907700658958,0.0347391560377746,-0.3738775693970219
1789203260.4505186,1.0356786797513038,1.8448426126588109,1.2051883669598658,0.03195386740442577,-0.37556730953788225
1789203260.4562578,1.0343739739788986,1.8464002288237622,1.2071393413808378,0.027242163454796325,-0.37789186693057014
1789203260.4597514,1.0335004453890553,1.847460844667163,1.2084392997554578,0.02417409416893819,-0.37922990227516046
1789203260.4657435,1.0321933540362727,1.8490797265825847,1.2103817791593559,0.01993677356204074,-0.38078564333560305
1789203260.4703624,1.0313260022931916,1.8501873638624984,1.2116704190604506,0.01721007140828283,-0.3816195270655029
1789203260.4764318,1.0300364722074333,1.8519004195359108,1.2135768485841743,0.013363466515382947,-0.3826629763570998
1789203260.4797554,1.0291917138191287,1.85307170305632,1.2148174277312709,0.01127593921875856,-0.3830877463632119
1789203260.4857295,1.0279574809820873,1.8548484026927206,1.2166238769085014,0.009075966377788213,-0.3830970888162969
1789203260.4901369,1.027157439379583,1.856055929626442,1.2177757811060752,0.008095478092267431,-0.3827538606274214
1789203260.4961224,1.0259948892735793,1.8579201794413267,1.2194028232134946,0.007184762154603383,-0.38198898159526673
1789203260.5004363,1.0252351693821213,1.859168161437346,1.220456195139948,0.006790444250580153,-0.38124475672878977
1789203260.5064676,1.0241233505152365,1.8610611218162323,1.2219872681430317,0.0063864287299425,-0.379820584337598
1789203260.5097792,1.023410829128402,1.8623504431099418,1.22296176610894,0.006194904168699065,-0.37878582874936295
1789203260.5164816,1.022423277792989,1.8643610161983988,1.2243282430360882,0.0065393507441058735,-0.37716920054151654
1789203260.5202055,1.0217978452845093,1.8657351743880999,1.225217281588125,0.007598330186979896,-0.3760068356099441
1789203260.5264049,1.0208982045229793,1.8678295196089523,1.2265291071690474,0.009784681562705908,-0.37447990281320676
1789203260.5299492,1.0203266650242542,1.8692503260223046,1.2273898735107625,0.011516757191022759,-0.3735831004898213
1789203260.5360894,1.019537018020176,1.8714335808469689,1.2286367218294196,0.014395834065184977,-0.3721935802734886
1789203260.540747,1.0190552680304485,1.8729168997239958,1.2294381711186817,0.01649267628465428,-0.3713438673283779
1789203260.5466037,1.0183870648846733,1.8751729260090928,1.2306195367369943,0.019574971013009486,-0.3704226274909145
1789203260.550004,1.0179755397585084,1.8766955880312544,1.2314031994760344,0.02156114399407571,-0.3699232121639141
1789203260.555776,1.0174173938113154,1.8790098574117056,1.2325772306684686,0.024398681637885708,-0.3692284568726432
1789203260.560371,1.0170947753425947,1.8805781262961725,1.233348495681508,0.026155133927420176,-0.36905912920166994
1789203260.5662897,1.016691494092674,1.8829716387234354,1.2344975252774044,0.02869554537834113,-0.3690145413021825
1789203260.5700393,1.016457573906779,1.8845825459250591,1.2352891049888057,0.030265250373657446,-0.3689784132903559
1789203260.5762105,1.016155699796731,1.8870200928096603,1.2365254586238932,0.03241989356266364,-0.36871047212908015
1789203260.5808434,1.0159938441726506,1.8886630133404718,1.2373719077510301,0.0336616499003847,-0.36857337152147446
1789203260.5866838,1.015807726977461,1.891151479602432,1.2386822142419343,0.03519464235221908,-0.3684959564761471
1789203260.5901423,1.0157150764672453,1.8928247838823196,1.2396041252941867,0.03603727717227198,-0.36837422261484687
1789203260.5959787,1.0156183271447845,1.8953521363891408,1.2410660057349248,0.03716444693919263,-0.36784690566242567
1789203260.599713,1.0156126844803997,1.8970172941715047,1.2420925036753991,0.037762710752466594,-0.3674362514736593
1789203260.6060417,1.0157994217281747,1.89932259840987,1.243798314589458,0.03912566747012986,-0.3674549310216384
1789203260.610715,1.016030209302788,1.9007669975320667,1.2450476714754326,0.040365829498294294,-0.3677063053346434
1789203260.6166866,1.0165080849331183,1.9028489264447142,1.247069254909824,0.04250364509606508,-0.3682427281217689
1789203260.6201477,1.0168757540106246,1.904240019295462,1.2484823354674406,0.04391611621760671,-0.36886687145236413
1789203260.6258736,1.0174666125225496,1.9063658664637844,1.2506925019102002,0.04582116742828585,-0.36987368434722034
1789203260.6304557,1.017880511007468,1.9078090161320285,1.2522282727190153,0.04703529498200741,-0.37054739104641715
1789203260.636385,1.0185287083188101,1.9100125174237954,1.254619600215541,0.04890114230474835,-0.3715016367436915
1789203260.6397517,1.0189851276888275,1.9115107996005707,1.256261186792727,0.05011366513215643,-0.3721779439864654
1789203260.6491568,1.0197114122327195,1.9138080857045998,1.2587790148348312,0.05192389339317702,-0.3732910870889897
1789203260.650301,1.0202174997314242,1.9153722738191195,1.260497362857639,0.053212845903900775,-0.37406803692898105
1789203260.6565685,1.0210052422316,1.9177665147544887,1.2631295073351152,0.05527211870926476,-0.3753185823243071
1789203260.659974,1.0215508190262201,1.9193941574576665,1.2649235510204,0.056669227903335645,-0.3762005789837046
1789203260.6658058,1.0224010686325338,1.9218888542260586,1.267664175994619,0.05878995663485974,-0.37760765567215715
1789203260.6704075,1.0229905614930106,1.9235921835730736,1.2695160859633927,0.060289272289166695,-0.3786380107926269
1789203260.6763954,1.0239099857651648,1.9262117493648379,1.272333018531893,0.06270648808060432,-0.38035101889119877
1789203260.6799088,1.0245450264774447,1.9280010345216598,1.274245162629827,0.06435237473683153,-0.3815762927986823
1789203260.6858795,1.0255312136774322,1.93075309279617,1.277149915730921,0.0669072352411659,-0.3835790984256384
1789203260.6902163,1.0262152921284475,1.9326350217382613,1.2790969514406156,0.06870985997523292,-0.38504057664276886
1789203260.696029,1.0272806827838294,1.9355283142252264,1.282024689414786,0.071704618586996,-0.3873940897103369
1789203260.7004898,1.0280165345184575,1.9375008066875505,1.2839897396323525,0.07372168354220097,-0.38907176841195923
1789203260.7065182,1.029159122919175,1.9405254164266603,1.2869478294331576,0.07670732947375807,-0.3917278623427159
1789203260.7098672,1.0299482182533155,1.9425884871109207,1.2889154506163696,0.07874394858393502,-0.3936137208606288
1789203260.7156446,1.0311800971660539,1.9457579496311976,1.2918371278857972,0.08199222907506266,-0.39662868165241677
1789203260.7202368,1.0320308577953137,1.947916086181201,1.2937737454879283,0.0842708708800271,-0.3987473784529569
1789203260.7262537,1.0333473263365163,1.9512149981850164,1.2966663979286293,0.08752170821192379,-0.40200794533055834
1789203260.7295742,1.0342534158442265,1.953454465408428,1.2985779534452107,0.08966107206407686,-0.40424939552436945
1789203260.7363167,1.035662239328748,1.956871587583811,1.3014101786473833,0.0929953544697198,-0.4076753130920803
1789203260.739708,1.0366342347505346,1.9591833819228568,1.3032789611377427,0.09522628684131432,-0.40992060951957787
1789203260.7462838,1.0381333054013198,1.9627003557551435,1.3060524730554839,0.09861063825455789,-0.41329246217955123
1789203260.7496514,1.0391623955953728,1.965081110141833,1.3078721801452446,0.10091645164201357,-0.41558535405732994
1789203260.7563097,1.0407427876882245,1.9687111945249536,1.3105466805279935,0.1044483767793267,-0.41917831144528306
1789203260.759871,1.0418242228221695,1.9711588212654991,1.3123122273452834,0.10672165699899194,-0.4216068499840394
1789203260.7657082,1.0434903163469247,1.9748719902256877,1.3149208935276964,0.11025003818431356,-0.42512604387671055
1789203260.7702577,1.0446378541353354,1.9773798535739897,1.316613951942932,0.1127311778606494,-0.42745315093650693
1789203260.776044,1.0464040174913591,1.981188018988155,1.3190953910720307,0.11672825861917384,-0.43093573202356206
1789203260.7796116,1.047609182451035,1.9837526018344063,1.3207260865306092,0.1193940428056968,-0.43324864570530575
1789203260.7865927,1.0494586694144188,1.9876408353942239,1.323128799621722,0.12335456833449993,-0.4366921365842038
1789203260.7900255,1.050719184465065,1.9902623301039661,1.3246948916855632,0.12602713557764145,-0.43901608313998214
1789203260.795776,1.0526520630427174,1.9942471448743757,1.3269654685501526,0.13013747656599087,-0.4426228616882728
1789203260.800424,1.0539601134282859,1.9969186801242622,1.3284488641764323,0.1328976356301707,-0.4450104927129554
1789203260.8067622,1.0559174205699589,2.0008932204189307,1.3306323457851876,0.13697455598897681,-0.4486069124866086
1789203260.8106153,1.0572154587136244,2.0035025084000813,1.3320568979481227,0.13967101482595995,-0.4510179915925656
1789203260.8164423,1.0590979733319745,2.0072243049168335,1.3341643517961423,0.1432509803610396,-0.45358055376167694
1789203260.819992,1.0603157155681535,2.009590308443697,1.3355896249918613,0.145014845635693,-0.4544131551379214
1789203260.825775,1.0620825737274402,2.012985307252294,1.3377509226253594,0.14641958325937895,-0.45441305810640964
1789203260.8304324,1.0632379869852224,2.0151649789719737,1.339194407833913,0.1466083584843133,-0.4535775197094642
1789203260.8365278,1.0649601722563065,2.0183328181694096,1.341343973098233,0.1461980615312518,-0.4509215449732216
1789203260.8399396,1.0661177771086203,2.020395448782063,1.3427738210328275,0.14566671760283237,-0.4484604923875902
1789203260.846196,1.0678719942023396,2.023425150399466,1.3449067993757255,0.14472631081639978,-0.44399418789162265
1789203260.8503716,1.0690295591454535,2.02539891417457,1.3463776501018794,0.14376768368974505,-0.4408052729548031
1789203260.8561707,1.0707422727160294,2.028342228948417,1.3486580473985,0.14155858908182314,-0.43616813229593654
1789203260.8598452,1.0718830204534389,2.030317437543094,1.3502586984296907,0.1396618028878887,-0.43344691959984966
1789203260.8656893,1.0735916936905878,2.033312841405803,1.3527685456452678,0.13625754935255005,-0.43001287753058437
1789203260.8704927,1.0747318837388748,2.035333900166501,1.3545036052392094,0.1336435066071749,-0.42819108369322145
1789203260.8763196,1.0764518052719587,2.038381009085695,1.357175318841,0.12926889016846577,-0.42606443921265236
1789203260.8797958,1.0775933285220756,2.040407965791312,1.3590041743306398,0.1265520505708884,-0.4248444064217221
1789203260.8859055,1.079276977473209,2.043447486175402,1.3617864156166655,0.12313018184938392,-0.42314133116617836
1789203260.8906565,1.080376688856809,2.045481739981371,1.3636572057442709,0.12109086111256881,-0.42230648614439925
1789203260.896496,1.0820238140098744,2.048556610727633,1.366444641955295,0.11843990182488247,-0.4212968906618854
1789203260.9001179,1.0831363226050266,2.050609255214726,1.3682873202932828,0.11687723032858953,-0.42035092956430675
1789203260.9064198,1.0848411813158982,2.0537023279130313,1.3709893990434692,0.11477938473268044,-0.41820498367524156
1789203260.9106948,1.0860088985163998,2.0557839910686457,1.3727193751970552,0.11356602770499219,-0.4163782735224757
1789203260.9168327,1.087802309329666,2.0589139596215356,1.3751600549319374,0.11202930003403648,-0.41320952101882547
1789203260.9208307,1.0890069517641734,2.060925471660771,1.3766596072824757,0.11080016546927617,-0.41053506958463476
1789203260.9267266,1.0908308883791988,2.0638500924611187,1.3787038131083817,0.1083981314998876,-0.40555377047157415
1789203260.930279,1.0920600846528163,2.0657561890685643,1.3799227862503467,0.10649155958683812,-0.4016809230596277
1789203260.9363112,1.0939168606115746,2.068562520574312,1.3815079066617417,0.10321806303962257,-0.3952383080848367
1789203260.9400034,1.095134538045444,2.070348376419371,1.3824109140559848,0.10088923857757816,-0.3905368431455573
1789203260.945783,1.0969288113347198,2.0729663759167103,1.383542141161223,0.09722823443846877,-0.38301706047491596
1789203260.950409,1.0981124313793367,2.0747006797702454,1.384150088642214,0.09455758286489323,-0.3780361923109233
1789203260.9563959,1.0998723419318968,2.077303772502785,1.3848406389853758,0.09017069517832904,-0.37066414968543976
1789203260.9598384,1.1010069019309585,2.078967908210798,1.3851088613150684,0.08731666921593145,-0.36593240417208306
1789203260.9658191,1.1025410996294953,2.0810894263789006,1.3851899529646527,0.0838977271512646,-0.35748796871038446
1789203260.9702613,1.1035224742592091,2.0823566530604043,1.385074295290464,0.0819316317909933,-0.35098866052565514
1789203260.9763103,1.1050397383389674,2.0838930437087138,1.3846763395350137,0.08126493719275225,-0.3417469669176818
1789203260.9798203,1.1060835545284078,2.0847121308932155,1.3842739458426283,0.08249611651364065,-0.3363773974691532
1789203260.9867694,1.107721688431193,2.085681992249943,1.3835275559354405,0.08671140622974659,-0.3295449466892091
1789203260.9900534,1.1088764413907977,2.0861773008995974,1.3829598920496318,0.09103798370989286,-0.325768797256641
1789203260.995958,1.1106611885926478,2.086728317524592,1.3819948725454412,0.09951487556157759,-0.32120582423844585
1789203261.0003831,1.111779816606478,2.086904352236369,1.3813121262143773,0.10549258786565748,-0.3185420013723807
1789203261.0062354,1.1133448200941678,2.086853787913666,1.3803130434289164,0.11402236946166198,-0.31370492968196184
1789203261.0098126,1.1143326824888837,2.086638284127963,1.3797079666536454,0.11944436022971018,-0.3098804142224532
1789203261.0156944,1.1157512945687698,2.0860913877678655,1.3789297550382418,0.12721744939640958,-0.3031954308633175
1789203261.0201294,1.1166625969916761,2.085633208233911,1.3784970608176643,0.1322228539239027,-0.2982861371102401
1789203261.025905,1.117991888764766,2.084841366727823,1.3779962303335318,0.13946840944049843,-0.29044932647139887
1789203261.0305479,1.1188550917509206,2.084284836891607,1.377770153865352,0.14394086423388516,-0.28489646768937216
1789203261.0361748,1.1201112061077374,2.083452622038507,1.3775616456305617,0.14933848789194182,-0.27608162206924053
1789203261.0393198,1.1209160053306155,2.0829080595531257,1.3774764350257105,0.15184074071935513,-0.27022615137600786
1789203261.0459235,1.1220830483738506,2.0821230185430997,1.377441066116688,0.1538266771802577,-0.2614584819424436
1789203261.0505993,1.1228375578858427,2.081630629470328,1.3774807934518876,0.15398344237514575,-0.25556117655504385
1789203261.056545,1.123952822050179,2.0809937636658944,1.3775462022360725,0.15263834493073314,-0.2468405235149427
1789203261.0598397,1.124661705174164,2.0805938810471742,1.3775836918643924,0.15084358423426533,-0.24136901190526378
1789203261.0665143,1.1256734123426615,2.0800316215423904,1.3776447145612278,0.14677019911626024,-0.23296189782812698
1789203261.070079,1.12633239125147,2.079731910834357,1.3776530849472364,0.1431630812933112,-0.22746615804197678
1789203261.0760207,1.1272744123798413,2.0793461646952536,1.3776399616810626,0.1363802718884127,-0.2192839745902139
1789203261.0802271,1.1278733556379983,2.0791256994190377,1.3775621796737847,0.1311758272987276,-0.21369086261166315
1789203261.0858827,1.1287432923137892,2.0788791666150788,1.3772991130950523,0.12263711940463895,-0.20556635998386344
1789203261.09036,1.1293096431067702,2.078775330125727,1.3770107732967054,0.1164796740842193,-0.20031587283145696
1789203261.0960236,1.1301449270816217,2.078688113896715,1.3763850637893662,0.10681410236590297,-0.19267677771860323
1789203261.1005502,1.1306816009076026,2.0786372483283047,1.3758890965768316,0.10037682408851259,-0.18761490036669237
1789203261.1064796,1.1314625104927765,2.078487481407118,1.3752930512852202,0.09256314789987317,-0.18349625073814285
1789203261.1099668,1.1320412467224992,2.078333861730151,1.3749237123780096,0.0893521259301573,-0.1828363704837748
1789203261.1162252,1.1330041635438461,2.078046636116148,1.3743879814849504,0.08708778102248488,-0.1838048094815526
1789203261.119793,1.1337011248991862,2.077833998097103,1.3740566085712034,0.08699845028452848,-0.18513849782727487
1789203261.125904,1.134842819978525,2.077480396437009,1.3735276898497846,0.08880187357274608,-0.18777979711644602
1789203261.130413,1.1356179109920261,2.0771816285397433,1.3731593184634356,0.09114576768664032,-0.18991682828256307
1789203261.1364906,1.1367722508631264,2.0766330424283006,1.3725622913627185,0.0959404725610013,-0.19387941790513352
1789203261.139919,1.13752389606028,2.076230792528625,1.3721013041989456,0.09933640776116615,-0.19680405667256431
1789203261.1458979,1.138625030504928,2.0755867908526207,1.3712746820031763,0.10422025772038113,-0.20149772082089604
1789203261.1505158,1.1393414786449132,2.07513511325917,1.370616072003601,0.1075989472688371,-0.20508852539597425
1789203261.1566029,1.1403758758668876,2.074425799509658,1.3694928825671444,0.11308636553915646,-0.2114975956134356
1789203261.1600313,1.1410016963768916,2.0739272432711977,1.3687937573488511,0.1156891383122394,-0.215214757494254
1789203261.1657543,1.1418382202275064,2.0731754853133424,1.367879681508193,0.11701195994074394,-0.21892071869784083
1789203261.1703103,1.1423262989616323,2.0726893302681173,1.3673778624548998,0.11636853690429141,-0.22019168318220686
1789203261.1760995,1.142951120976507,2.0720497980119736,1.3668373054195966,0.11358848937625948,-0.2205689207978486
1789203261.1807654,1.1432889099607877,2.071757414746206,1.3666681382599244,0.11182477454567664,-0.22070415397612542
1789203261.1866028,1.1436995149688411,2.071498137321936,1.3666561971953433,0.10968996186345456,-0.2209360747331122
1789203261.189785,1.143898916997182,2.071420989012617,1.3668143877486485,0.10812401622606864,-0.22102101697054882
1789203261.1954353,1.1440930143307548,2.0714406568364723,1.367296773174523,0.10412464872598565,-0.22117014623225384
1789203261.1999967,1.1441588212393128,2.0715520217854917,1.367756082358121,0.10073549965554147,-0.22119477151468733
1789203261.2058394,1.1442046353878141,2.0719010916744836,1.3685736938577147,0.09544007181404862,-0.22110727661333626
1789203261.210733,1.1441981332985316,2.072250974047915,1.3691954402745594,0.09200726656130256,-0.22099504488763982
1789203261.216372,1.144095171298694,2.072915633365014,1.3702772404668537,0.08595248574397138,-0.221191786116092
1789203261.2198124,1.1439751519688977,2.073450407378051,1.3710636981177113,0.08186446352616628,-0.22141557226922623
1789203261.226738,1.1437622156622251,2.07441383724635,1.3722741760529473,0.07652129732533572,-0.2215961076480433
1789203261.2301157,1.1435768361911884,2.0751462438766337,1.3731135918767567,0.07316764223850487,-0.22175957276922803
1789203261.2360857,1.1432324933040332,2.0763687930280708,1.3743996160961969,0.06820060593002446,-0.22231473009411887
1789203261.2404737,1.142982232267437,2.077269566317981,1.3752510255080623,0.0655749014477081,-0.22254661593706693
1789203261.24838,1.1425469930110235,2.078731375912583,1.3765257751191622,0.0620491030144179,-0.22295752165601535
1789203261.2496176,1.142223173613247,2.079784444961803,1.3773468873775057,0.05984222185678086,-0.22334430952587792
1789203261.255527,1.1417020787046208,2.0814888694667575,1.3784950118612533,0.05659123719798877,-0.224259494659646
1789203261.2601063,1.1413186241632225,2.0826973928191475,1.379203344556478,0.05539577611223798,-0.2249196730394717
1789203261.265855,1.1406594195515365,2.0845983682265734,1.3801606102482986,0.0541921985786695,-0.22678667810096317
1789203261.2705495,1.1401686219106693,2.08592864319361,1.3807363275249152,0.053497616617468186,-0.22854095308576322
1789203261.2762597,1.1393505499457395,2.0880122325118857,1.3814855423746764,0.05213951798180898,-0.23188555985992554
1789203261.2797031,1.1387499027986423,2.0894388921833564,1.3818672373870513,0.051552096054939656,-0.23474869458873532
1789203261.286354,1.1377796381129814,2.0916433320051167,1.3822218213587247,0.05137797177704918,-0.24005093335721378
1789203261.289942,1.1371119281685147,2.093075617579757,1.3823804637695065,0.0515291449640658,-0.24401183530708387
1789203261.2957325,1.136131041445211,2.0951180856174765,1.3825623369753086,0.052964270536729516,-0.24937655706102574
1789203261.300311,1.135522526934606,2.0964165340159813,1.3826588305838423,0.055201687215636626,-0.2523199598316408
1789203261.306216,1.1346690437536087,2.0982998123309367,1.3828074952817633,0.060147993328611926,-0.255470885064116
1789203261.3097186,1.1341336194784355,2.0995231926207354,1.3829397348998742,0.06411922076764726,-0.2565707219180435
1789203261.3156192,1.133374469929848,2.1013435199321537,1.3832197406802083,0.07062173846139733,-0.2566079666626651
1789203261.320464,1.133009670590925,2.102448806112241,1.3835818245752625,0.07465437641760991,-0.25647376643529884
1789203261.326252,1.132725703983914,2.1038961211562093,1.3844483215577164,0.08055862150494515,-0.2576444135732448
1789203261.3297045,1.1327019748858396,2.104737729127475,1.38523933917233,0.08425875019015061,-0.2590356814629864
1789203261.3357491,1.1328747119570195,2.105879131547954,1.3866692927952091,0.08937432404543563,-0.2618527508273411
1789203261.340523,1.1331110608674704,2.1065785737335876,1.38771910386486,0.09239236924165217,-0.2646510663833851
1789203261.346457,1.1336094758222106,2.1075326749078784,1.3894261400023677,0.09627232044908843,-0.2698482418016512
1789203261.3499806,1.1340144032748702,2.1081243486742345,1.390656009356192,0.09851300023468496,-0.27371191421109947
1789203261.3558874,1.1346199875425589,2.1090460131431925,1.3925778915850127,0.10105301754863688,-0.27930059114565275
1789203261.3603222,1.1350266789022145,2.109671996841432,1.3938838302112224,0.1022651886287801,-0.28283285632068594
1789203261.3660808,1.1356370326167586,2.11062656400985,1.3958880781635636,0.10374336012499331,-0.2878371960184491
1789203261.3707168,1.1360415599387481,2.1112739403455176,1.3972613083226857,0.10467552209880902,-0.29090865826604445
1789203261.376565,1.1366562328656933,2.112262570107313,1.399384643319459,0.10603375990704393,-0.2950289863984569
1789203261.380034,1.1370802538344107,2.1129416192413943,1.4008372031841867,0.10673293317193733,-0.297342002693246
1789203261.3857586,1.1377237933617896,2.1140077501557157,1.4030499337395317,0.10757998725919013,-0.30054097265393426
1789203261.3902507,1.1381637348827434,2.114724798537357,1.4045679200326953,0.10823780580287354,-0.3022737412119238
1789203261.395951,1.1388408935990972,2.1158204078681324,1.4069052083385143,0.109465860716709,-0.3043625708329245
1789203261.4003534,1.1393062751120941,2.116570539698704,1.4085161377877258,0.11026783964409345,-0.3054613817066238
1789203261.4060116,1.1400089822155006,2.1177666733611233,1.4109635754850252,0.111286179395095,-0.3070350425760287
1789203261.4105284,1.14048943029994,2.118588814580256,1.4126289557713652,0.1119902428249362,-0.3080644136125235
1789203261.4162645,1.141226380126226,2.1198709341037816,1.4151642415276509,0.1133095309478308,-0.30949848097292987
1789203261.4199748,1.1417191785316196,2.120783062069496,1.4168754689196588,0.11409342393178978,-0.31070419319398646
1789203261.4258206,1.1424672896603458,2.122218019591115,1.4194781313075895,0.11519814599284017,-0.3126835386103131
1789203261.430332,1.1429683418875025,2.1232255056876155,1.421218284536127,0.11587244956144262,-0.3143331253863449
1789203261.43614,1.1437118795069807,2.124808537224557,1.4238121143266604,0.11679658484052952,-0.31732999466161194
1789203261.4395611,1.144197878249159,2.125911445989779,1.4255191801414302,0.11725664427982005,-0.31960181659138015
1789203261.4464955,1.1448975887867705,2.1276462964067187,1.4279986012957906,0.11756157377402555,-0.3237549453706368
1789203261.449846,1.1453385277442931,2.1288536548745856,1.4295754816727353,0.11744366835382487,-0.32714271596166616
1789203261.4567332,1.1459534901333401,2.130725064775557,1.431783271280336,0.11665282524052968,-0.33331307233531066
1789203261.4600239,1.1463422506995389,2.131985510038458,1.4331278463971828,0.11594046281640931,-0.3378126793742931
1789203261.4656477,1.1468843596977352,2.133879943933969,1.4349182737710593,0.11475262106521582,-0.34485898578252067
1789203261.4701176,1.1472115973055277,2.1351397441344493,1.4359436278161826,0.11364523112108342,-0.34991380360953983
1789203261.4755268,1.1476634265732966,2.137009784514024,1.437213987504742,0.11136604216649708,-0.35806010003926353
1789203261.479874,1.1479523033698271,2.1382315744848785,1.437878944311398,0.10988841161430943,-0.3634277934283395
1789203261.486905,1.1483557852171038,2.1400208821170104,1.43857305399388,0.10762709409018403,-0.37145178973558446
1789203261.4898577,1.1486031483087455,2.141182990289456,1.4388152416786606,0.10596954587527119,-0.3768784280580928
1789203261.4963639,1.1489621960566971,2.1428800748255354,1.4388443262068404,0.10326483602930543,-0.3850881829004874
1789203261.4997005,1.1492127533248926,2.143983394333882,1.4386519178981392,0.10152630655228422,-0.3902710292922951
1789203261.5064712,1.1495959735171863,2.1455961020849434,1.4380340980026038,0.09900924459660247,-0.39759254059219795
1789203261.509758,1.149853090459331,2.1466431749298516,1.43740045551781,0.09736998884728035,-0.40222681779860114
1789203261.5163963,1.1502402088967647,2.1481745521602624,1.4361257062408244,0.09500389104975587,-0.40882895537653263
1789203261.5198762,1.1505083120755235,2.1491780239498586,1.435092692403778,0.09339876833530926,-0.4128240962594513
1789203261.5265417,1.1509316576481323,2.150669811483625,1.4332924464721206,0.09097904371513447,-0.4180269385550265
1789203261.5296888,1.1512295863481297,2.151661875003381,1.4319320689892812,0.0895061930424058,-0.42099645592191987
1789203261.536482,1.1516653338733165,2.1531406841086356,1.4296863809259668,0.08735321380526392,-0.4249115511729093
1789203261.5396953,1.1519168268451492,2.1541133659030414,1.428086003725077,0.08546905338640386,-0.42769344948506965
1789203261.5463502,1.1522594208481376,2.155577007748067,1.4255411422832094,0.08205454307500001,-0.43218226659067993
1789203261.5497472,1.1524198024232122,2.1564989852254337,1.4238634746723426,0.07933165267169466,-0.43495541111170893
1789203261.5562987,1.1525031940927342,2.1577711171770706,1.421484627499522,0.07365778643038014,-0.4367835071125639
1789203261.5597854,1.1524512956988266,2.1585103371839742,1.4200270349402795,0.06842300680630602,-0.4365748051108218
1789203261.5656643,1.15234522242243,2.1593193132965283,1.4181228116290379,0.060874341405169084,-0.4347930617525883
1789203261.5701017,1.1522574135109045,2.1596990659823647,1.4170635571095103,0.05624703699112037,-0.4326084955272059
1789203261.5756876,1.1521226210269135,2.1600987086012666,1.4158253784122168,0.05015292884857464,-0.42790400618365165
1789203261.580242,1.1520523073875732,2.1603419861832243,1.4152188880126164,0.04720176711107711,-0.4245536440249695
1789203261.5861976,1.1519919634786784,2.1606844463087476,1.4146155584058961,0.044763011060716305,-0.4199099124446817
1789203261.5897179,1.1519877593589292,2.160885311039398,1.4144076827305458,0.04446234857423342,-0.41695333565337866
1789203261.5956488,1.1520028069071842,2.1611510134502594,1.4143682346762512,0.04564532728692402,-0.41266126167553824
1789203261.6001768,1.1519958760589233,2.161306445180911,1.4144912455660719,0.047005145321291346,-0.4100543931948353
1789203261.6060934,1.1519581539693704,2.1615254003861715,1.414911887692535,0.04978496781540559,-0.40638893017540484
1789203261.609721,1.1518953143445547,2.16169993865442,1.415338561334067,0.05192022632830367,-0.4039338164632076
1789203261.6158962,1.1517255027547642,2.1620006566075967,1.416158003638647,0.055101724088594914,-0.4000499966279384
1789203261.620227,1.1515490227681944,2.1622106588617203,1.4167916884692004,0.0567346062154111,-0.3972796308104697
1789203261.6258917,1.1511912097212287,2.1625504969009643,1.417869019225379,0.05828264666421079,-0.39269922550793435
1789203261.6304312,1.1508911496337635,2.1628008250102324,1.4186681257589382,0.05872968078567028,-0.38929739819772874
1789203261.6361482,1.1503474748216846,2.1632176943805654,1.419978019544771,0.05855535455570297,-0.38358450531238153
1789203261.6395497,1.149920854224946,2.1635123718628604,1.42091215982864,0.057850818945859674,-0.3793654248368744
1789203261.6489518,1.1491794501440487,2.1639885308751143,1.4223954334444702,0.05588785350628442,-0.3724016450499601
1789203261.6500545,1.1486150368217072,2.1643374682541068,1.4234306701450734,0.05402661814526329,-0.36729677856402604
1789203261.6559875,1.147664984723277,2.16491984550862,1.4250264028726953,0.05051962915421495,-0.35896586821522286
1789203261.660793,1.1469770118678742,2.165344382138485,1.4260856313587398,0.04799094290894706,-0.3531936946947039
1789203261.6663163,1.1458630143468782,2.166040834013715,1.42763999656574,0.044165703322463536,-0.34442585925387603
1789203261.6698012,1.1450629146370885,2.1665497259628506,1.4286410935895275,0.04156736922752499,-0.33850219297786477
1789203261.6757581,1.1437894931136192,2.1673844249644265,1.4300807656132777,0.037613475962453576,-0.3295440930176488
1789203261.6804245,1.14290452801583,2.16798839238835,1.4309975943513276,0.0351661595446106,-0.3236851948653288
1789203261.6861937,1.1415130557307405,2.1689665687117885,1.4322849227895251,0.03176273544461626,-0.31509350029590644
1789203261.6896424,1.1405370033949354,2.1696672694501333,1.4330697108993709,0.029610146795242365,-0.3094840897373622
1789203261.6965618,1.1390548565852625,2.170775695371608,1.4341895529018913,0.026766135817892733,-0.30131473498125716
1789203261.7000349,1.1381310792517925,2.1715437677079126,1.4350080831841536,0.0264704658772081,-0.29637762509427384
1789203261.7061775,1.1368420533476444,2.1727673777873515,1.436380967444215,0.028743338202033425,-0.2899931860673053
1789203261.7107437,1.1360418227526201,2.1736262859506894,1.4373927201667953,0.03187539795434467,-0.2864974308606379
1789203261.716519,1.1349007711524117,2.1748991242036597,1.4390568020364065,0.037262323126764176,-0.2822094764198131
1789203261.7199745,1.1341539831630405,2.1757381311598247,1.4402752526134182,0.04004591358143556,-0.27954908657540545
1789203261.7262871,1.1330404464113049,2.1770042866721546,1.4422638766864089,0.042711656772200325,-0.27596666148949683
1789203261.7306893,1.1322955838156545,2.1778600769812995,1.4436915689766738,0.04360874949550486,-0.2739631819242455
1789203261.7363863,1.131177507370726,2.1791434542464163,1.4459736310515805,0.04390778856787991,-0.27160206626917255
1789203261.7398531,1.1304330180848179,2.179990216604521,1.447593465149992,0.04340326470953374,-0.2702241122354602
1789203261.746122,1.129301881160692,2.1812620325242555,1.4501586464346994,0.04184455331678499,-0.2685388212263484
1789203261.7505581,1.1285338448111086,2.1821273737672247,1.4519512325600037,0.0404372339732995,-0.2677495181193514
1789203261.7563884,1.1273557445356428,2.183468650688193,1.4547537070204664,0.038132724727451994,-0.2671845809744158
1789203261.759719,1.1265540912097338,2.1843866731335733,1.4567040424769957,0.036526514862953496,-0.26706730891966973
1789203261.766353,1.1253178506467056,2.185807174920355,1.459731099266559,0.03413632740253095,-0.2671900383823204
1789203261.769981,1.1244653155181434,2.1867887489193967,1.461802620681778,0.032628663904441996,-0.26755059337069775
1789203261.7756238,1.1231401433974588,2.1883153034170255,1.4649733919239956,0.030554338249781217,-0.26861525419286697
1789203261.7803836,1.1222313202058103,2.1893553174829816,1.4671354420761458,0.029150732309779367,-0.26941657938830593
1789203261.7861795,1.1208221120300539,2.1909332787090454,1.4704215839741288,0.02676762134357665,-0.27057696506046736
1789203261.7897482,1.1198416922076826,2.191988097933539,1.472620289951691,0.02457976171625479,-0.27140369280396254
1789203261.795644,1.1183104021795216,2.193593217233962,1.475933821650496,0.02027536252579054,-0.27282280350720844
1789203261.8001528,1.1172568556626632,2.1946801523138006,1.4781571854352538,0.017170046645721762,-0.273591769241135
1789203261.8062365,1.1156300619836412,2.1963438649843194,1.4814796472421254,0.012443632772823924,-0.2745980920093052
1789203261.8098516,1.114508424576165,2.1974848640802986,1.4836677314211004,0.009273898690411968,-0.27531129571110213
1789203261.8158758,1.1127760447059682,2.1992363433968167,1.4868866767494924,0.0043201506646607275,-0.2764983941575608
1789203261.8205614,1.1115921625178955,2.2004033369128475,1.4889830876596915,0.0011036758725365072,-0.27705401340798935
1789203261.826451,1.1097743410715248,2.2021862577278286,1.4920240345381892,-0.004005906178563835,-0.2776786402082035
1789203261.8296947,1.1085317416014675,2.203403745684091,1.4939604266933573,-0.0074196293722299115,-0.27815254968063513
1789203261.8365333,1.10662033808053,2.2052700200501354,1.496719114020668,-0.013244536686941727,-0.2791897824231116
1789203261.8400764,1.1053353929974663,2.2065453178012437,1.4984409028367744,-0.016935246138961208,-0.27986854705193315
1789203261.8457994,1.1033944028657428,2.2085137513786264,1.5008227691148839,-0.021818537849223375,-0.28077041141982245
1789203261.8503485,1.1020902240387285,2.209870321280119,1.502264111101165,-0.02481333471871384,-0.28147584502124795
1789203261.855843,1.1000986910743014,2.2119451168990927,1.5042007037902145,-0.02919023412618044,-0.28294074030847255
1789203261.8605604,1.0987277348879279,2.2133056470850665,1.505344929526291,-0.03230835072922631,-0.2840654092015558
1789203261.8662534,1.0966562439974852,2.2153739133187034,1.5067789469729123,-0.0373386968661572,-0.28584824799958614
1789203261.869888,1.0953143442358562,2.216686662220534,1.5075648059365372,-0.0406444019506219,-0.2870047703076324
1789203261.8762481,1.0933806417089849,2.2184991113097756,1.5085382955102733,-0.044857239278180965,-0.2880255913786777
1789203261.8806593,1.0921066290524422,2.2195617382185553,1.5091110874461158,-0.04708915452862534,-0.288294799248845
1789203261.88641,1.0902408973702364,2.220965297918088,1.509889803060881,-0.04928480128255419,-0.2879390614825543
1789203261.889879,1.0890769497030754,2.2218186147600933,1.5103407714516133,-0.049786387336396766,-0.2869267510844343
1789203261.89568,1.087426257779961,2.2229532283776225,1.5109943229281548,-0.04920488169235748,-0.2841346220797659
1789203261.9000282,1.086336544362421,2.223605359082083,1.5114936853791359,-0.048727835595117695,-0.2824914327160743
1789203261.9059238,1.0847182873551628,2.2244466693636373,1.5123669074135555,-0.04814143433675718,-0.28093968791682367
1789203261.9102077,1.0836367666212003,2.2249323684890876,1.5130273305322,-0.047695259396429886,-0.2802481707306652
1789203261.9159062,1.0820289760534167,2.2255911767894943,1.5140803711255948,-0.0466397417432542,-0.2794423376621818
1789203261.9203498,1.0809482922011722,2.2260124845096962,1.5147927654435085,-0.045548047965268144,-0.27939889938888396
1789203261.9262142,1.079274734011869,2.2266378630852413,1.515895276525587,-0.04378039480611715,-0.28029172876476605
1789203261.9295886,1.078109808685169,2.2270552990825787,1.5166537813627434,-0.04264143441215448,-0.28144279960675794
1789203261.9362607,1.0762996531633178,2.2276766556473504,1.5177710831821607,-0.041192263012472974,-0.2839150737764933
1789203261.939726,1.0750718491635072,2.228078234828631,1.5184496055131322,-0.04045180070559668,-0.285886207261158
1789203261.9464588,1.073173230721554,2.228663984188496,1.5193683723473186,-0.039862246481452146,-0.2892850614610883
1789203261.9498358,1.0718577875548028,2.2290435320060094,1.5199120005370987,-0.03997448496337101,-0.2918600469209801
1789203261.9555886,1.0698304336961642,2.229587925303745,1.5205807970728915,-0.041006925985204674,-0.29619185561439576
1789203261.9599428,1.0684708129430798,2.2299272455876085,1.5208908377040025,-0.04175420407721359,-0.2991835488133685
1789203261.9655247,1.0663958060480945,2.2303991194588955,1.5211434100154682,-0.04325516291861752,-0.3038805610556957
1789203261.9702199,1.064978617267314,2.2306871981893805,1.5211647671248667,-0.044735157554719004,-0.3072146488883325
1789203261.9756618,1.0628004934241713,2.231078292932976,1.5209654616930568,-0.048132023850375634,-0.3126561671562679
1789203261.979939,1.0613525449912162,2.2313215927045937,1.5206701358724053,-0.050795609201858216,-0.3164219169455747
1789203261.9856982,1.0592837872648622,2.2316513420754904,1.5201933110273205,-0.0538691399792991,-0.32124300466922384
1789203261.990154,1.0579677841821822,2.2318562090863434,1.5198935296174447,-0.05448562280736486,-0.3230719948428422
1789203261.99612,1.0560760162971288,2.232193995353158,1.5195585379960697,-0.053737597440529035,-0.32374843238836926
1789203261.999451,1.0548675869310913,2.232478668264535,1.519471575928038,-0.052703313659144456,-0.3232108267935179
1789203262.0063684,1.05312166106708,2.233000699126142,1.5195407650777224,-0.05066498260527411,-0.32107653829412663
1789203262.0099125,1.0519995358865508,2.23341549323165,1.519711581031418,-0.04904828154188543,-0.3188280581954853
1789203262.015856,1.050354318733977,2.234161665158415,1.5201502414109154,-0.04652049304094169,-0.314523199877793
1789203262.0206606,1.0492685824659709,2.2347674691629402,1.5205654327849756,-0.045111255805891155,-0.3118508856702495
1789203262.0264556,1.0476524673523466,2.23583655820795,1.5213470267909486,-0.04363632488938362,-0.3084183966305414
1789203262.0297415,1.0465830389839232,2.236656098648656,1.5219557742021528,-0.04315844211154162,-0.306525802758679
1789203262.0356712,1.044991816670746,2.2380361581314157,1.522957847187807,-0.0431234785765998,-0.30423258692632094
1789203262.040115,1.0439476170938333,2.2390427413017324,1.5236237385270528,-0.04319942882865091,-0.3029780861389122
1789203262.0461504,1.0424043206061209,2.240677708546477,1.524580862709326,-0.04329603483636155,-0.30145434663735937
1789203262.0507047,1.0413892475586448,2.2418494898065027,1.5251785999898202,-0.04331509203119615,-0.300659434783631
1789203262.056525,1.0398809108459015,2.243701551961892,1.5259549415047744,-0.043621083044165475,-0.2996971211133703
1789203262.0599892,1.0389238654647341,2.2449463711912307,1.5264010219504536,-0.043608783359713715,-0.29909822322711854
1789203262.0657403,1.0375852120136126,2.246834826058534,1.5269629746612559,-0.042219502698158315,-0.29881247469901445
1789203262.0701976,1.0367569796995753,2.2481211580426628,1.5272612737151512,-0.040482526966765776,-0.2991161196708058
1789203262.0760982,1.0355999078866298,2.2500990854669176,1.527583746095172,-0.03674368852658607,-0.30045325697326747
1789203262.0805101,1.0348513317074792,2.251433063918332,1.5277083045425475,-0.0337730130150586,-0.3018307080062547
1789203262.0863059,1.0337611068885362,2.2534595555206,1.5277504082197226,-0.02880136752895212,-0.30456497313236985
1789203262.0904331,1.0330694040007384,2.254826748259441,1.5276782344718556,-0.02498028119183293,-0.3069177584606268
1789203262.0961742,1.0320868333561128,2.256901711407456,1.5274043939827269,-0.01828398114713624,-0.3113657361370527
1789203262.1003942,1.0314330975434278,2.2582960059646857,1.5270911519859947,-0.01369817795743094,-0.3149131261094654
1789203262.105908,1.0304688839183718,2.2603979813974973,1.5264130946220322,-0.006854325130660714,-0.32112100366936347
1789203262.1104035,1.0298514403614154,2.2618052899263943,1.5258146641550212,-0.0019846842850494073,-0.3259181997034385
1789203262.1164408,1.02895417316051,2.2639163200968753,1.5246838645794287,0.0059160465316212265,-0.33414688608373355
1789203262.120231,1.0283577534586508,2.265313348498594,1.52376715170621,0.010821793100037759,-0.34020281196074886
1789203262.1262329,1.027464041051118,2.2673863153800933,1.5221883430095884,0.01828242058843928,-0.35027125628032507
1789203262.1296558,1.0267960435220362,2.268743255949859,1.521178791767995,0.022245721913712588,-0.35624789513014016
1789203262.1358354,1.0256691633041644,2.270770658009506,1.519810107166631,0.025788483305729564,-0.3630988892908538
1789203262.140603,1.0248346572188596,2.2721254119785868,1.519045844307962,0.026491202630737513,-0.36614100746776174
1789203262.1466172,1.023468298208724,2.2741801981422323,1.5181413293516426,0.025581369126882712,-0.36829717396166917
1789203262.1500046,1.0224955731955685,2.2755510649483734,1.5177149103896042,0.024078978129975455,-0.36808776769903573
1789203262.155981,1.0209709180026048,2.277609790790164,1.517331885441937,0.020881456877132342,-0.3650739106296911
1789203262.160613,1.0199323119236934,2.2790244797405705,1.5172222863312363,0.018606544024626477,-0.3619832864266279
1789203262.1664793,1.0183568292435583,2.281226334824864,1.5172608527978155,0.01550720111429522,-0.3564536664621801
1789203262.1700702,1.017301545742547,2.2827493963871706,1.517412604230721,0.013806929699109885,-0.3522438938571268
1789203262.1761155,1.015702305196979,2.2851274413732288,1.5177756551105546,0.011904539064018298,-0.34535801020280893
1789203262.1806743,1.0146315920435058,2.2867766451298013,1.5180758439804312,0.011251247240923544,-0.3409475743480796
1789203262.186436,1.0130242851646516,2.2893519364866757,1.5186109659166311,0.011322856815616662,-0.33474727426854245
1789203262.1898348,1.0119545667043706,2.2911415270243554,1.5190213408649087,0.012187210665056234,-0.3309270626635235
1789203262.1956546,1.0103489057550639,2.293931504121997,1.5197034591032244,0.014606114658368223,-0.32568718426976523
1789203262.2001345,1.00927164886672,2.2958529627258155,1.5201909759511405,0.01654503432808082,-0.3225186952019291
1789203262.2059624,1.0076500393762882,2.298833213906112,1.5209735129113706,0.019993697320073105,-0.31824821390441377
1789203262.2104177,1.0065656408675683,2.30088916087258,1.5215281289106302,0.02273592474280422,-0.3157113463304702
1789203262.2162929,1.0049420971442484,2.3040867463169907,1.5223871626916659,0.027275931276892866,-0.3123212497318742
1789203262.2198725,1.0038557951932334,2.3062916662200674,1.5229725591108028,0.02982758327679093,-0.31021020396561866
1789203262.2258892,1.0022223232224396,2.3097025552257193,1.5238852190248926,0.03258024070253212,-0.3072363253754217
1789203262.2303877,1.0011294925936527,2.3120448618792797,1.5245258171451215,0.0342358058836269,-0.3055325288991354
1789203262.236171,0.9994806068008301,2.315624309399197,1.5255301630480655,0.03681510612002785,-0.30338149197660375
1789203262.239594,0.9983777496993338,2.3180466740904384,1.5262161059485106,0.038593100085216776,-0.30197946054966274
1789203262.2464395,0.9967229255876104,2.3217463764926767,1.5272350377666142,0.04167790932058312,-0.3001614507700275
1789203262.2506623,0.9956197287234348,2.3242556161308117,1.5279210069490743,0.04416069862443244,-0.29920783981406585
1789203262.256116,0.9939641077425272,2.3280838893141573,1.5289534883573839,0.04836505574985233,-0.29802332633305195
1789203262.259523,0.9928589724509707,2.3306595948864617,1.529612193931367,0.050983919692155134,-0.29675307827098946
1789203262.2663658,0.991203734072548,2.334550312608336,1.5305362963088875,0.054378505491042436,-0.29374007143981457
1789203262.2696817,0.9901045389806931,2.3371623022413877,1.531099256408382,0.056451164994010185,-0.2911454933950134
1789203262.2767324,0.988464316038833,2.341115347929148,1.5318269830566098,0.059026769864246154,-0.2866666777667988
1789203262.2804992,0.9873736800142996,2.3437593411204243,1.532237955632179,0.060293847520113936,-0.2832033602553609
1789203262.286325,0.9856799793863023,2.347554820720497,1.532805475821711,0.061180640674201384,-0.27756281306803204
1789203262.289951,0.9845104383307215,2.3499649979879913,1.5331506696885024,0.06068898660630997,-0.2738114065961611
1789203262.2958183,0.9826818802828278,2.3534431717238213,1.5335939783496122,0.058213643999710366,-0.26837970374981024
1789203262.3001883,0.9814282584573566,2.355686060853753,1.5338204780346538,0.05603257747109354,-0.26517232884118314
1789203262.306008,0.9796215790470488,2.3588272631741956,1.5341066540453057,0.05274813196715108,-0.2614586420486925
1789203262.3104007,0.9784875715149302,2.3608091466767194,1.5342534149930016,0.05069661939480686,-0.2597354663714511
1789203262.3163884,0.9768125037809628,2.363595642996998,1.5345170603924447,0.047309162925509886,-0.2584693555934253
1789203262.3199666,0.9757308608421259,2.3653243841572396,1.5346868647214118,0.045099622769103315,-0.2586425944450357
1789203262.3263555,0.9741527594812608,2.3677460846997596,1.5349023450069086,0.042136006323034846,-0.260531996381695
1789203262.3299704,0.9731558317569969,2.3692371641954852,1.5350235586768792,0.040142320992037565,-0.26307731679114765
1789203262.3363352,0.9718430163291688,2.3712248462922694,1.5353182688740052,0.03804363795025298,-0.26726759049542587
1789203262.3397434,0.9711271681245609,2.3723891809851887,1.5356140240821525,0.03821761819113489,-0.2697937423552446
1789203262.3459332,0.9702346517977881,2.373950759998196,1.536221858654899,0.04131422720692402,-0.27252583137317316
1789203262.3507318,0.9697442903770118,2.374892858252009,1.5367052806731833,0.044730555272692145,-0.2735158037433363
1789203262.3561428,0.9692551782990525,2.37606033963264,1.5376946032509111,0.05132814229031776,-0.27419494463638067
1789203262.3596828,0.969014091067697,2.3767678663013663,1.5384720222959258,0.05552336205840749,-0.2748623771124897
1789203262.3658361,0.968774901534339,2.3776865659933906,1.5399052924222403,0.060897928366954006,-0.27626826894178586
1789203262.3706295,0.9686266038337171,2.3782508551169386,1.541017128268081,0.06396335685233732,-0.27711367729778075
1789203262.3767385,0.9685071055391853,2.3789472817701482,1.542986206557624,0.06794500263029664,-0.278197668300324
1789203262.3804462,0.968500131991521,2.3793417832744126,1.5444387237952575,0.07020189913679159,-0.279234814021254
1789203262.3865564,0.9685008824886329,2.379920439301181,1.5467529538615015,0.0725246956245049,-0.2808906998686354
1789203262.3902426,0.9685501485871898,2.3802569705409926,1.5484248195792754,0.07363936561553164,-0.2820160413152542
1789203262.3965898,0.9687009016995088,2.3806886925402413,1.5511258384164286,0.0753263575188268,-0.28411069534330996
1789203262.3998456,0.9688113767931672,2.3809855352457867,1.5529911764729007,0.07631006735937271,-0.2856705678927853
1789203262.4058797,0.9690202964139405,2.3814267216398424,1.5558917099631075,0.07766550899024878,-0.2882923455909966
1789203262.4106083,0.9692157271356833,2.381694259928328,1.5579093535902429,0.078814828026491,-0.2904561964636926
1789203262.415723,0.9695259654813003,2.3821326069093467,1.5610004807321274,0.08079211169456917,-0.2942198864250018
1789203262.420271,0.9697412454116371,2.3824637528483,1.5630921122250703,0.08208594600090884,-0.2970667360811258
1789203262.4263134,0.9701302566971527,2.3829649618462865,1.5663027093145196,0.0843357334366121,-0.30206892264559837
1789203262.4298556,0.9704243344564203,2.3833136753094557,1.5684772391411301,0.08619316177910664,-0.3059945445808991
1789203262.4358103,0.9708753858468611,2.3839072398813013,1.5717497192936272,0.08934766920960639,-0.31251867933636496
1789203262.4404814,0.9711860257969557,2.3843448172241954,1.5739529203360394,0.09155294763140322,-0.3171355634232861
1789203262.4486914,0.9717062840874925,2.385028232802547,1.57730182277304,0.09508347046639908,-0.32447874610528193
1789203262.4500763,0.972070094780452,2.3855224484947364,1.5795376111418082,0.09766062135792782,-0.3296703842150885
1789203262.4557514,0.9726385284613037,2.3863144457100662,1.5828940191832195,0.10178469944521881,-0.3377523933538455
1789203262.460316,0.9730339075126114,2.3868628874792592,1.5851429970274455,0.10448479101112364,-0.3430789127104141
1789203262.4658403,0.9736543477689708,2.3877191002140177,1.5885081147711224,0.10858369748246516,-0.3509833226545368
1789203262.4703355,0.9740878978795342,2.388314041103755,1.5907321859416084,0.1114488931559222,-0.35624193519574826
1789203262.4761038,0.9747707737136861,2.389239754384827,1.5940278821901648,0.11603754412009351,-0.3641637425348382
1789203262.4794931,0.9752500610113345,2.3898624138065485,1.5962123441507288,0.11895712669424584,-0.3692798232539076
1789203262.4863002,0.9760057216091622,2.390806955121233,1.5994518963313622,0.12286919587605118,-0.3765913329814075
1789203262.4898396,0.9765346839320559,2.3914472185070355,1.6015745085845974,0.1253586943844081,-0.3813037407291599
1789203262.4955122,0.977371773954717,2.39242861043638,1.6046824286213177,0.12914581928060956,-0.3882038191288192
1789203262.5002165,0.977955268450716,2.3930885540854083,1.6067138314057077,0.13148083288595586,-0.3926185375251105
1789203262.505711,0.978869406406189,2.394090635447025,1.6096863831961774,0.13457639008904212,-0.3989443265192378
1789203262.5100958,0.9795064486743301,2.394771188408063,1.6116077207935027,0.13653025203239047,-0.40302321383497935
1789203262.5161626,0.980521067910982,2.3958335438645375,1.6143746335847968,0.13957583016743202,-0.4089748797784261
1789203262.5206847,0.9812366328207226,2.396570296380352,1.616142887019202,0.14159777292883668,-0.412780759680212
1789203262.5267773,0.982373537720824,2.3977214761733214,1.6186634147219698,0.14455679109527805,-0.41825947103311495
1789203262.5302372,0.9831612383993596,2.39850036487684,1.6202590704210231,0.14653909591766692,-0.4218119406579828
1789203262.5360982,0.9843773060490968,2.3996720257330484,1.6225309933567693,0.14951116478976673,-0.42711225320575263
1789203262.5405767,0.985200668009462,2.400463848356508,1.6239597543270512,0.15130726049540053,-0.4306795598593076
1789203262.5463495,0.9864551315897984,2.401574576523169,1.62599189600484,0.15362757156386206,-0.43553162313199323
1789203262.5500195,0.9873040250546052,2.402266447052955,1.627270207117273,0.15489760026889546,-0.43805323363198184
1789203262.5559375,0.9885932942476682,2.403244853368343,1.629108037404635,0.1564850730208186,-0.4409036125765957
1789203262.5605428,0.989442368411149,2.403853194528279,1.6303439155094033,0.15733891536488714,-0.4423767585784913
1789203262.5664496,0.9906675152062907,2.404669675414812,1.6322336499093926,0.15810899987829116,-0.4441292971217865
1789203262.5698469,0.9914600382523056,2.405161106211547,1.6335061623497737,0.158265099514533,-0.4449680944075852
1789203262.5755801,0.992628351836149,2.405866662664821,1.6354063777582422,0.15809547540316407,-0.4458001439607854
1789203262.580041,0.9934237932901164,2.4063530796455153,1.636662857146087,0.15790420706060274,-0.4463476148805025
1789203262.58609,0.9946623778268554,2.40711407570874,1.638519255226528,0.15779427081912614,-0.44699742651401314
1789203262.5904567,0.9955058195082285,2.407629560443183,1.6397741193279065,0.15777619860052464,-0.4475188264358314
1789203262.596461,0.9968020843507577,2.4084258326832333,1.6416907358330792,0.15776428073294596,-0.44859881142886077
1789203262.5997517,0.9976935703753679,2.408981423986614,1.6429988452635587,0.15779401580620567,-0.44955007991445944
1789203262.6068523,0.999072983901824,2.4098580104175085,1.6450020486760402,0.15787442019160886,-0.451311778432631
1789203262.6101098,0.9999973362604216,2.410441356992425,1.6463667746070891,0.15791879750837273,-0.45270282943331797
1789203262.6159976,1.0013585804728826,2.411261920927805,1.6484713372871314,0.1578072658745497,-0.45473717912668554
1789203262.6206396,1.0022603040712967,2.4117867132512765,1.6499143413804658,0.15770636005612568,-0.4559782931110335
1789203262.6263661,1.0036229430592818,2.4125865244430322,1.652079035857051,0.15770437814388844,-0.45765445114458525
1789203262.629732,1.0045475758366254,2.4131293848313433,1.6535166896520976,0.15771334313957142,-0.45873488722737754
1789203262.6363657,1.0059932543301817,2.4139760618323387,1.6556470734566322,0.1577591700081158,-0.46013799194614863
1789203262.6398413,1.0070082683922588,2.414560313912331,1.657047651632693,0.15779968096366231,-0.460832015672117
1789203262.6457052,1.0085856799732589,2.415448328706,1.6591755890424904,0.1577841514738405,-0.4617515335313088
1789203262.6504672,1.0096694329855347,2.416049901933639,1.6606078016554973,0.15763412855058134,-0.46249497170309406
1789203262.656589,1.0113363725653417,2.416953152098182,1.6627708237447938,0.15722691862508217,-0.4637219290910376
1789203262.6603522,1.012474371370364,2.4175603112199044,1.664237105436553,0.15691156823155739,-0.4645117492123861
1789203262.666405,1.0142234010726077,2.4184878382161337,1.666454550337451,0.15645515346598626,-0.46570286704132974
1789203262.6701448,1.0154154219101665,2.4191154780312027,1.6679321869603985,0.15619759505240802,-0.466568105076368
1789203262.6761487,1.0172114376790464,2.4200377373347064,1.6701427842136538,0.15587244004130563,-0.4680061974715885
1789203262.6803508,1.0184204161117738,2.4206461177174834,1.6716014967849386,0.15575313594240536,-0.4688507144028043
1789203262.6861975,1.020258336186774,2.4215617005044243,1.6737428606656721,0.15571848704911406,-0.4697951280440577
1789203262.6904027,1.0215071353506857,2.422170924763004,1.6751183569482775,0.1557105065297381,-0.4702647589996631
1789203262.6960564,1.0234339697185932,2.4231005370260914,1.6770512837186957,0.15585616198631314,-0.4707193765959831
1789203262.7003486,1.0247555926463916,2.423732125837258,1.6782459553123745,0.15592275357731597,-0.470831147056532
1789203262.706009,1.026789918395189,2.424699038233922,1.6798866805744275,0.1558875494659332,-0.47085312568033244
1789203262.7103982,1.0281816434037194,2.425358471425828,1.6808680586792717,0.15593017315714172,-0.47072955751259765
1789203262.7162974,1.0303122710250867,2.426367003886149,1.6821373431398112,0.1561430052193927,-0.47043779467617153
1789203262.7198272,1.0317247445223863,2.426980284241863,1.682801731189989,0.15596257003229377,-0.4700724038566088
1789203262.7258575,1.0338575920781352,2.427820273248029,1.6835494171468501,0.15524270872104765,-0.4687474566956488
1789203262.7303894,1.035298005960233,2.428371173419989,1.6839005036008075,0.15461048274412545,-0.4676515096458626
1789203262.7362115,1.0374323235815692,2.4291382188172346,1.684223195296806,0.15323057300875614,-0.46554891744400434
1789203262.739722,1.038821685595628,2.4295998370771774,1.6842938566853058,0.15214989736394072,-0.4637047778799875
1789203262.7465236,1.0408520719191343,2.4302301071431462,1.6842042143248335,0.1503486856450294,-0.4601737426197816
1789203262.7500436,1.042171445063268,2.4306183349716712,1.6840285420963015,0.14894895354966697,-0.457340305117788
1789203262.7557352,1.044102248517386,2.4311700788473543,1.6836047570444443,0.14651331511223323,-0.4524804730902791
1789203262.7603242,1.0453593240225187,2.431527002542634,1.6832229503257077,0.14485809316439288,-0.4490603863624809
1789203262.766255,1.047201124151727,2.4320544788457372,1.682534627237696,0.14212305734450492,-0.4436663493657787
1789203262.769962,1.0484036804482972,2.4324143940708387,1.6820076078193258,0.14001695269188918,-0.439857458195489
1789203262.7756991,1.0501545210216572,2.4329587715583063,1.681117681563727,0.13629807291632665,-0.4340356470801593
1789203262.7803273,1.0512657766942732,2.4333178554863273,1.6804669950320483,0.13323805941684805,-0.4301608346539515
1789203262.7861576,1.0528467571939815,2.433854208793489,1.6794448069225305,0.12780301708554526,-0.4241845057031977
1789203262.7895901,1.0538435247574724,2.434212998041848,1.678753972380303,0.12362417423089103,-0.41993828262823996
1789203262.7964168,1.0552510200563379,2.4347623936885503,1.6777195264197002,0.11650377532064535,-0.41300670930552813
1789203262.8000162,1.0561188724866903,2.43513909796141,1.6770350702745755,0.1113187250905347,-0.4080796978357605
1789203262.8056755,1.0573150625236543,2.435727089614011,1.6760277219724045,0.10279913878912716,-0.4002457175829037
1789203262.8100462,1.0580443981571017,2.4361397184459666,1.6753735910072747,0.09653397361357884,-0.39465159468363753
1789203262.8157718,1.0590363275418877,2.436797521493497,1.6743970681581406,0.08627741667288422,-0.3856662622662276
1789203262.8206005,1.059633156050588,2.437267995113937,1.6737418916105695,0.07936877515385225,-0.3793934186512685
1789203262.8262463,1.0604369526308564,2.4380285568637885,1.672757653945507,0.06893266370894173,-0.36949391294736794
1789203262.829826,1.0609249719967997,2.4385647404136894,1.67210661438477,0.06168913095284883,-0.36252380432033493
1789203262.8358393,1.0616682363658505,2.439369111127396,1.67115881924552,0.052561010269838934,-0.35189739863444275
1789203262.8402953,1.0621797944918834,2.4398836476714134,1.6705895858374367,0.048543173961759035,-0.3449446888432743
1789203262.8464153,1.062979637795332,2.440630662062006,1.6698621521658499,0.045434302208777005,-0.33497254809445015
1789203262.8499887,1.0635394550754356,2.441128693214493,1.669470431676865,0.04485763518421408,-0.328692638722408
1789203262.856456,1.0644162001958315,2.4418817411549707,1.669033107556112,0.04554865126214323,-0.32003571796663116
1789203262.8600388,1.0650028280778803,2.44239568484735,1.6688068263921085,0.046358922658708265,-0.3146179225514133
1789203262.8657067,1.065889101066717,2.443206809316332,1.6685431124800205,0.047526643085629205,-0.3073639862910079
1789203262.8701832,1.0664794903029364,2.4437465156990044,1.668453415013086,0.048322838710549425,-0.3028589593406552
1789203262.876035,1.0673508109934688,2.444561539110704,1.6684301817570686,0.04949695080707935,-0.29648929213484654
1789203262.880202,1.0679150805121203,2.445122131901363,1.6684592263194544,0.05027743812686067,-0.2924612338068728
1789203262.8859591,1.0687543930066976,2.4460428062622572,1.668530519386261,0.051371206343151454,-0.28725482914643397
1789203262.8904324,1.069297000758616,2.446660512475967,1.6686385762487213,0.05202614763592213,-0.28405964016813473
1789203262.8961334,1.070114176673849,2.447667781264613,1.668821572558292,0.05290911070950664,-0.27978400336025266
1789203262.9004767,1.0706614164418427,2.448396292052135,1.6689194701017847,0.05367004135195179,-0.2775260117654299
1789203262.906346,1.071500407784864,2.4495764061972998,1.6690072752328295,0.055228769212406006,-0.275082387479359
1789203262.909605,1.0720820717967312,2.450422518594561,1.6690103166524255,0.056582728272409934,-0.2741840133710886
1789203262.916541,1.0729977334586156,2.4517698537926615,1.668903405298984,0.05927733065430687,-0.2741027004262466
1789203262.9200733,1.0736318066732367,2.4526749963056966,1.668739036994238,0.06156795130907652,-0.27454373302802315
1789203262.9259596,1.0746241711010596,2.4540350113181044,1.668322044243559,0.06592149219741124,-0.2757332654332035
1789203262.930346,1.0753180134142795,2.454943853339503,1.6679124352401904,0.06962824164040611,-0.277043307413963
1789203262.9360282,1.0763918077466055,2.456296821486482,1.66708233098683,0.07628868409315699,-0.2797905458649338
1789203262.9402478,1.0771120260257927,2.457181831133556,1.666378193068185,0.08068431181839528,-0.28146054265497944
1789203262.9458983,1.0781812958364256,2.4584615433111336,1.6650745509764102,0.08728499781251481,-0.2839166163440418
1789203262.9503963,1.078867846534835,2.459260647711463,1.6640381734651193,0.09148336712519507,-0.28579832089882357
1789203262.9561517,1.0797883553759917,2.4603610847361597,1.662475993881958,0.09690747060404574,-0.2883213217254486
1789203262.9598067,1.0803129497824562,2.4610528550826025,1.6615177601175426,0.09835306908475913,-0.2883650714537131
1789203262.9664774,1.0809634667619907,2.4620644237445353,1.660238060087886,0.09709337105494212,-0.28557296417382744
1789203262.970179,1.0813052957189275,2.4627388515693807,1.659504085398923,0.09440979628182283,-0.2819405041181131
1789203262.9760778,1.0816832681628028,2.4637867102390625,1.6585894424714818,0.08826292416616897,-0.27419975692186244
1789203262.9804318,1.0818759656680017,2.4645771199947157,1.6580946008444828,0.08395524009668154,-0.268854832998047
1789203262.9863071,1.0821496432537847,2.465946522089273,1.6574535688670107,0.07881141032037219,-0.26156895563325544
1789203262.9896863,1.082326875263314,2.4669768033462955,1.6570912195232732,0.07617037501851498,-0.2571870469606395
1789203262.9965894,1.082588731072456,2.468704579855077,1.6566356501996138,0.07324430634199684,-0.25143554465752804
1789203262.9998693,1.0826983169020157,2.4699541609275864,1.6564508876485913,0.07193696496634924,-0.24841762316418134
1789203263.0056324,1.0827308462100964,2.4719546101622973,1.656385500649222,0.06983329493390598,-0.2456050555639619
1789203263.0102305,1.082674681328918,2.473382240476756,1.656470327079149,0.0682572572502497,-0.24476103696471538
1789203263.015975,1.0824942419767352,2.475678540094381,1.6567625604162126,0.06541940898984211,-0.24490313281687004
1789203263.0204272,1.0823527481381165,2.4773270173589457,1.6570065458533028,0.06372295398846001,-0.2455398060724061
1789203263.0263417,1.0820780366017402,2.4799317555024043,1.6574703610636978,0.06186708986947118,-0.247060415157426
1789203263.0299666,1.0818325087658613,2.4817054466383284,1.6578874450466239,0.06057384472882624,-0.24862997007114662
1789203263.0355945,1.0814040609447457,2.484441447614394,1.6586619308717585,0.05850138168456156,-0.25157460233082607
1789203263.0400796,1.0811311734575888,2.4863269860849417,1.659229776603035,0.05767291217638667,-0.2534387544836791
1789203263.0460649,1.0806902258427942,2.4892107450816336,1.6601800844190848,0.05759033510771149,-0.256330496805216
1789203263.049639,1.080370500143651,2.4911670585470618,1.660902827414553,0.057637520168726426,-0.2583542645402198
1789203263.0564027,1.0798730982574536,2.49416768695181,1.662092751739941,0.0575863789703384,-0.2613109888996508
1789203263.0599365,1.0795550199422885,2.496221903486392,1.662922402921846,0.05792108294201705,-0.2629703071925341
1789203263.0656676,1.0790523698990457,2.499361367165568,1.664224136623428,0.05850905516566818,-0.2654970560500696
1789203263.0700402,1.078708081480731,2.5014958542420094,1.6651195607609741,0.05881566463440054,-0.26733033061905603
1789203263.0756874,1.0781946004006473,2.5047652388856387,1.6664919408132526,0.05914011811587842,-0.2699598812734278
1789203263.0800936,1.0778309314385794,2.5069850479064875,1.667430302707585,0.05964977599222535,-0.27184138786802026
1789203263.0857568,1.0772566742110072,2.510358509051245,1.6688896639697726,0.06063635918582293,-0.27477923112223845
1789203263.0901613,1.0768597318601698,2.5126410385991353,1.6698958886534168,0.061340705261463686,-0.2767769039218992
1789203263.0959582,1.0762814448655793,2.5161295501421033,1.6714180783617647,0.06247135307116679,-0.2796980072246228
1789203263.1002686,1.0759091946271202,2.5184845904081916,1.6724357285101177,0.06317186578472539,-0.28178934447295173
1789203263.1059933,1.0753770043477862,2.522066661513067,1.6739812115388517,0.06404829829227568,-0.2851593912228213
1789203263.1103451,1.0750377651970935,2.524487013095993,1.675040102433036,0.06450553191599187,-0.2873846226196103
1789203263.1162016,1.074574317889773,2.5281780645111303,1.6766683763365,0.0650468188428282,-0.2904723834879292
1789203263.119588,1.0742917721707974,2.530680512480167,1.6777939569302165,0.06510584074334806,-0.2925794136601425
1789203263.1266394,1.0738941639075303,2.534494919394993,1.6795690527184453,0.06474922969623988,-0.2956980595982577
1789203263.1300125,1.0736431575825705,2.5370658485873854,1.680807316640377,0.06431287401490586,-0.2975620414943668
1789203263.135824,1.0732870323828054,2.5409514245241214,1.682751583869202,0.06339102364140535,-0.2997880463061839
1789203263.1402488,1.0730616444553733,2.5435551541693253,1.6841078715760034,0.062421299950006594,-0.3010222432984455
1789203263.1458886,1.0727381338951092,2.547479241093938,1.6862488253040182,0.060530622188743465,-0.302312544898967
1789203263.1504889,1.072529792642001,2.55010802641545,1.6877544831615356,0.059054603489995125,-0.30267897391294446
1789203263.1565492,1.0722267440046374,2.5540727043521496,1.6901349175856533,0.056543812515073975,-0.30239148306257496
1789203263.1596284,1.072028267644367,2.556718204968203,1.6918016786439076,0.05474782174141112,-0.30173100754531357
1789203263.1664014,1.0717459591696465,2.560695524016025,1.6944106755069221,0.05204921636182741,-0.30004494829103406
1789203263.1697671,1.0715618405803822,2.5633559091788687,1.6962272580124547,0.05025942090822015,-0.2984264454950866
1789203263.1763942,1.0712861905646451,2.5673719464929103,1.699069376232236,0.047409379706139655,-0.2953731383890821
1789203263.1797996,1.0711016354946563,2.5700756017390316,1.7010415819060005,0.04534616605298551,-0.2931539987352078
1789203263.1856616,1.0708261168606577,2.5741793944223965,1.7041090323408385,0.04193333197072888,-0.2896229334118703
1789203263.190082,1.0706416173743933,2.5769494279297294,1.7062223549579258,0.03949928419052329,-0.2871367219232792
1789203263.195696,1.0703691788685161,2.58116751675304,1.7094869621146396,0.035724297456302755,-0.2833055622826225
1789203263.1999393,1.0701937545627436,2.5840272783383833,1.71172814273893,0.03325104796581735,-0.2806984455528888
1789203263.2057512,1.069925010393553,2.588401331551549,1.715162890609412,0.029426110304877493,-0.2770127612569456
1789203263.2100017,1.0697493030991871,2.591366331190008,1.7175029203925671,0.02684302975967744,-0.2746754808299056
1789203263.2157805,1.0694989339371253,2.5958964947021723,1.7210586669188475,0.022942560241966524,-0.27139677415514013
1789203263.2203,1.0693360339735865,2.598967152639002,1.7234759840137566,0.020435886404223207,-0.2693159568159872
1789203263.2262418,1.0690990286796078,2.6036560057551354,1.7271556392234644,0.016811119093635068,-0.26637814985577124
1789203263.2307873,1.0689550889668697,2.606840422579427,1.7296207240357766,0.014444663770488596,-0.2645573173521672
1789203263.2364674,1.06874789900723,2.6117038733743443,1.7333487656361295,0.010851500532064368,-0.262102328798783
1789203263.2398307,1.0686169690814502,2.6150052009200393,1.735860065117532,0.008500990745359533,-0.2606097925589995
1789203263.2459733,1.0684365085343992,2.620060352987909,1.7396096686557803,0.005061242205427848,-0.25872175551817567
1789203263.2502756,1.068325938207328,2.6234901860345,1.7421023424805806,0.0028111109173604236,-0.2577095071709352
1789203263.255969,1.0681879655277258,2.6287270518399395,1.7458030545311414,-0.00043402512307218855,-0.25656815674137723
1789203263.2596407,1.068113142327722,2.6322695851218225,1.748268149472165,-0.002360844593859878,-0.25584386643368207
1789203263.266435,1.0680236266734975,2.637662079813014,1.7519472466304988,-0.004964084797482943,-0.254757503846422
1789203263.2698915,1.067980936815261,2.6413114922980716,1.7543692993052429,-0.006523815646522237,-0.2540922741968061
1789203263.2755976,1.0679451981255081,2.6468724608089613,1.7579302028152568,-0.008648210082878452,-0.2532881484682279
1789203263.279975,1.0679495911189556,2.6506284047291953,1.7602692404862685,-0.009880623095508823,-0.2527965089234946
1789203263.285985,1.0679995590892497,2.6563264676772778,1.763716297630263,-0.011252309620397874,-0.2518377469698272
1789203263.290248,1.0680576949426455,2.660172067551305,1.7659597984003994,-0.012054902946090693,-0.25115655615156607
1789203263.2958765,1.06818508768604,2.666005465294112,1.7692399150756508,-0.013122486258173941,-0.2501365934849147
1789203263.300368,1.0682987174008844,2.6699326944779656,1.7713649004992988,-0.013729447667428854,-0.24933577033911566
1789203263.3064156,1.0685313524015723,2.675828340077863,1.7744485344362335,-0.01424636286739006,-0.2478281393250345
1789203263.3096669,1.068726139302479,2.6797663661297944,1.7764076937099584,-0.014300486622461535,-0.24658600434727065
1789203263.3163407,1.0690755151786762,2.6856905367433836,1.779175773467385,-0.013926079783009682,-0.2444994752094188
1789203263.3197846,1.0693441357606128,2.6896294213105816,1.780911235009717,-0.013410009405959574,-0.24275814553164743
1789203263.3266761,1.0697821354432113,2.6955418245165492,1.7833119574294098,-0.012387134931990564,-0.23964199828801117
1789203263.329945,1.0700903428992161,2.699492811292426,1.7847558504772518,-0.011630561992250415,-0.23744821733705773
1789203263.3357942,1.0705073368190354,2.7053482841177336,1.786693043003896,-0.010838899706660951,-0.23380900251778797
1789203263.3401477,1.0707340941608365,2.709181609251716,1.7878312265890293,-0.010914484673973938,-0.2307090661005173
1789203263.345758,1.070987380133992,2.714855428941549,1.7893260757623108,-0.012015866502910514,-0.2249896034216274
1789203263.3501887,1.0710932926504488,2.7186032545583223,1.790188200505071,-0.013406188832292217,-0.22048613353428778
1789203263.3559563,1.071154290363256,2.72419903705943,1.7912831144599277,-0.01653252198916898,-0.21275036535535924
1789203263.3603745,1.0711353412778606,2.7279346721319904,1.7918766563828505,-0.018962209260258496,-0.20734065420292466
1789203263.3659241,1.0710112579841584,2.733559000193318,1.7925711164676317,-0.02290905366622911,-0.19914600446130623
1789203263.3704002,1.0708650353185105,2.737333320845301,1.7929015703070583,-0.025853583786438275,-0.19356675605769375
1789203263.3761363,1.0705571851664952,2.7430432605456985,1.7931918545891627,-0.030933708912062922,-0.18508493500200687
1789203263.3795443,1.0702975930391683,2.746864772502028,1.7932673868179718,-0.03457584822716317,-0.17937118788913659
1789203263.3863773,1.0698175387271904,2.7526037086291075,1.7931859943980808,-0.0401711831560473,-0.17073575243674158
1789203263.3897803,1.0694322801668816,2.7564366470451582,1.7930065369091925,-0.04403633481741098,-0.1647910227125282
1789203263.3954575,1.0687706996617503,2.762189425518358,1.7925382782910182,-0.05008794884151221,-0.1554320338257752
1789203263.3999217,1.0682799365192839,2.7660041606624186,1.7921005217153296,-0.05407923347703549,-0.14907237723620684
1789203263.405587,1.067520405424665,2.771664856628706,1.7913528359988498,-0.05979464664086861,-0.13896970234748218
1789203263.4103568,1.0670495047302706,2.7753839384617307,1.7908793158624443,-0.06253909751932031,-0.13213086591895443
1789203263.4162233,1.0663870828252016,2.780907514450238,1.7902456028586047,-0.0651494029653735,-0.121750242869859
1789203263.4196737,1.065981556230084,2.784547066419995,1.7899260875522436,-0.06595134497313986,-0.11487827686521111
1789203263.4268916,1.0654326084372665,2.7899507435101585,1.7896413498211312,-0.06580845188015907,-0.10487844933190399
1789203263.4303012,1.0651110757933273,2.7935261729524594,1.7895928240460457,-0.06493736555907434,-0.09835628130574244
1789203263.4360962,1.064694446279001,2.7988649202949953,1.7897308548274482,-0.0626366551288712,-0.0888523780912525
1789203263.4406407,1.064436779461595,2.8024128508633708,1.789945218558125,-0.06071288152406129,-0.08256576399483413
1789203263.4470978,1.0640844878234277,2.807739401756279,1.7904296367303953,-0.057489233307853535,-0.07317729104918616
1789203263.450441,1.0638736888095304,2.811298064402663,1.7908633038172774,-0.055098686932382165,-0.06701222226673677
1789203263.4563072,1.0635818353636195,2.8166473142906234,1.7916514744875642,-0.05123638425034704,-0.05788748823755855
1789203263.459937,1.0633915450611762,2.8202170647858713,1.7922418605810886,-0.04870589398664882,-0.05180792730736756
1789203263.4656289,1.063118142202527,2.825584305544499,1.7932166014821476,-0.044911093348782086,-0.04272974790448959
1789203263.4702165,1.0629471633022467,2.8291796185493125,1.7939172973153557,-0.04237083680730233,-0.036742746916286824
1789203263.4760478,1.0627161111135568,2.8346143107873525,1.795015035591531,-0.038477182357265056,-0.028046848448759622
1789203263.4807148,1.062567774753238,2.83824919601516,1.7957741160468437,-0.03592912923582779,-0.02235826836353671
1789203263.4864511,1.0623553673540131,2.8437282323247146,1.796935807653538,-0.03225250629450736,-0.013946672031394514
1789203263.4896898,1.0622245757531958,2.8474068871723737,1.7977178540371335,-0.029848257695190738,-0.00848154511144423
1789203263.4966853,1.0620465121399931,2.852962179996531,1.7988896472594738,-0.026217255507041865,-0.0005951483498812856
1789203263.5000145,1.0619341825700817,2.856678923016999,1.7996758430876603,-0.023929437477428362,0.004586848031198874
1789203263.5060992,1.061778533914133,2.8622872859203863,1.800846449847647,-0.020659720261971416,0.01226151256988686
1789203263.5106258,1.061685353461175,2.866056863558339,1.8016094573886747,-0.01852277605392846,0.017247464883744127
1789203263.5165546,1.0615587246080445,2.8717655395099237,1.8026988643784523,-0.015301876552633977,0.024474297495750814
1789203263.5200644,1.061488882544572,2.8756075984886307,1.8033906833142614,-0.013095638372667149,0.0290682826273685
1789203263.5260608,1.0613941928685386,2.8814011596885867,1.8044129657523622,-0.009853942677249518,0.03582558904217685
1789203263.5309184,1.0613405135259064,2.8852909364944246,1.8050693925439396,-0.00775413606175382,0.04027443966505125
1789203263.5367208,1.0612770334020563,2.8911667290120144,1.806009624995979,-0.004600428718971423,0.04678364781472544
1789203263.5400207,1.0612392312847563,2.895100679205108,1.806637453805397,-0.002541179900813948,0.051028096946350736
1789203263.545963,1.0611874519538786,2.9010309883630394,1.8075480209699857,0.0003865458678485352,0.057446036503408654
1789203263.550389,1.0611646652309774,2.9050081403890387,1.8081172869069568,0.0023086947462598894,0.06169633193539252
1789203263.5562563,1.061145556871875,2.911004351395005,1.80893308188314,0.005261128572599353,0.06779276537237497
1789203263.5598557,1.0611336126828927,2.9150163483765765,1.8094704278578224,0.006997684502612796,0.07176801470735777
1789203263.5667186,1.0610830944795318,2.9210364457734914,1.8102654708374089,0.009220843436079325,0.07753337414081028
1789203263.570066,1.0610075130083063,2.9250394212320763,1.810831990099978,0.010065387479238165,0.08087142930159899
1789203263.5762293,1.0608285180292445,2.931041165387282,1.8117271748380408,0.01039133573482454,0.08499872294333029
1789203263.5797274,1.0606602213421816,2.9350293361290505,1.8123737989275555,0.009977112078426626,0.0872686992003418
1789203263.5867002,1.0603289155574018,2.9409933519640985,1.8133890672980921,0.00860933549490653,0.08990685291729572
1789203263.5900743,1.06005231271674,2.9449540619194043,1.814077514946223,0.007268776672890013,0.09111442528277743
1789203263.595986,1.059566652029495,2.9508705069496015,1.815109761415441,0.004827376081537531,0.09202829883580967
1789203263.6003647,1.0591993594197924,2.954792018099843,1.8157605672188104,0.0031636045145761547,0.09230668007187873
1789203263.606193,1.0585731283943585,2.960639570514485,1.8166699475731136,0.0006061864111517412,0.09230356782119152
1789203263.6096828,1.0581009729931559,2.964516773428232,1.817225999151519,-0.0011798954790801265,0.09199434236052548
1789203263.6163335,1.0573201468763458,2.970295513286732,1.817952997598901,-0.004110475790753586,0.09108849258025899
1789203263.6197069,1.0567639912031397,2.974122027527234,1.8183374216398596,-0.006100630831608007,0.09041394523560281
1789203263.6265016,1.0558652398533366,2.9798288067668004,1.8187618322979375,-0.009159487469117657,0.08929376203815323
1789203263.6298575,1.0552168386692984,2.98361398780562,1.8189423579234563,-0.011295021531351087,0.08842751100074583
1789203263.6355426,1.0541756742436026,2.9892611944351155,1.8190735037883443,-0.014681592230235125,0.08690838022892344
1789203263.6400876,1.0534469882652917,2.993006592995185,1.8190777110420182,-0.016908391283084773,0.08585535440505031
1789203263.6458175,1.0522908184699018,2.9986017557976763,1.818945744091891,-0.020256916223193065,0.08409701726526457
1789203263.6501899,1.0514729552939703,3.0023200145850204,1.8187483000485047,-0.02256897539560686,0.08273355082147431
1789203263.6561825,1.0501697683737905,3.007881591183052,1.8182887701612738,-0.026218019464020467,0.08035383212069167
1789203263.659609,1.0492669516316457,3.0115777077373314,1.8178924281320041,-0.028725222238115442,0.07855226933331672
1789203263.6665235,1.0479369879180078,3.0170684469216478,1.8172666700704294,-0.03182934960661724,0.07612521035229715
1789203263.670005,1.047065550964554,3.0206996815686895,1.816844164008336,-0.03288621135738335,0.07518191375708948
1789203263.6759038,1.045773360880222,3.0261226119677525,1.8162351993036887,-0.03304833484371069,0.07485297472082073
1789203263.680545,1.0449338992042236,3.029739634089573,1.815930144035773,-0.03255168384462359,0.07534661596389862
1789203263.6869965,1.0437006159322029,3.0351745850522525,1.8156227325382879,-0.03125712881755092,0.07710762220793312
1789203263.6904423,1.0428886131070327,3.0388080893398373,1.815498824024365,-0.03004868932050474,0.07893360866349317
1789203263.6962273,1.041664279494831,3.0442858727781466,1.8154526149908539,-0.027918867367290445,0.08248810965222304
1789203263.6996858,1.040835710086919,3.0479638027351603,1.8155232575890778,-0.026744184630404275,0.08505440262285358
1789203263.7060015,1.0396115307338536,3.053497452743059,1.8159091371173097,-0.0252985121942915,0.08872705867638789
1789203263.7105958,1.0388154985569122,3.0572003320656,1.8163332468460687,-0.024371703797128,0.09080751730952263
1789203263.7172267,1.0376589378152012,3.062778115953732,1.8171882548138383,-0.023005042594956397,0.09337307607596781
1789203263.719776,1.0369019026144237,3.0665011535936864,1.8179001550584857,-0.02216550010671829,0.09473598496737982
1789203263.7261748,1.0358759056691744,3.07201102825939,1.8191456939209125,-0.021110543678949933,0.09634926955999545
1789203263.7307165,1.0352761669067956,3.075631807984931,1.8200716253484892,-0.020562007415416472,0.09718252699859496
1789203263.7365673,1.0344685040619759,3.080983173895049,1.8215521757645874,-0.01976738076396536,0.09804094838680869
1789203263.7399726,1.0339712617340082,3.0844858216460653,1.8225571877279927,-0.01922204254930254,0.09857291290538836
1789203263.7460775,1.0332884016189898,3.0896534603096213,1.8240379150650277,-0.01828901068098813,0.09923129266285408
1789203263.7506464,1.0328533583430382,3.0930457526561406,1.8249806703074372,-0.017551738125227378,0.09953366260719568
1789203263.7562377,1.0321934850817376,3.0980416603103933,1.8263231972805145,-0.016362739235846312,0.09970702301924818
1789203263.7599459,1.0317324762772013,3.101281351813001,1.8271308044493022,-0.015961372241170856,0.10015238570195176
1789203263.7666285,1.0310123378470144,3.1060135553564234,1.8281972766470078,-0.01592035065066869,0.10167963867007647
1789203263.7702687,1.0305076083286937,3.109106163334507,1.8288054273168395,-0.016162272722660312,0.10327654914871694
1789203263.7764344,1.0297096190711874,3.113676231247971,1.82954901867281,-0.017026948445965993,0.1065224733493655
1789203263.780044,1.0291714703682047,3.116688186537145,1.8299165880045911,-0.017706035490040063,0.10902495348816035
1789203263.7862895,1.0283884773096792,3.1211560081558867,1.8303341091624585,-0.018133367935578435,0.11287250656186065
1789203263.7895982,1.0278806097862099,3.124114072867038,1.8305359958495457,-0.017993739227170676,0.11547141814156937
1789203263.7964168,1.0271484589753068,3.1285378111856383,1.8307440583089194,-0.017171589281518882,0.11934979387717676
1789203263.7998729,1.026691140731763,3.131486465293699,1.8308261081480282,-0.01617860979256512,0.12176021527325488
1789203263.8059738,1.026071497501533,3.135838413070338,1.830859273097336,-0.014287262629203271,0.12530333397085883
1789203263.8109863,1.025702776915475,3.1386651922150373,1.8308272119826223,-0.013034534532094029,0.12784274751200664
1789203263.8158793,1.0252060180443205,3.1428060033456813,1.8307269268914614,-0.011347600724304482,0.13185330928128586
1789203263.820739,1.0249205869224103,3.1454975123856803,1.8306412129564338,-0.010548432081593095,0.13459862657481086
1789203263.82653,1.0245511767958548,3.149441926177671,1.8305018354539606,-0.009862945743921069,0.1387359441691743
1789203263.8302028,1.024330735343109,3.1520127151627713,1.8303952532970869,-0.009707652811864097,0.14155118654462687
1789203263.8360682,1.0240285155747841,3.1557897794003105,1.8302034602047925,-0.009925605163717993,0.14589097089937691
1789203263.8397048,1.023879112678774,3.158273441784641,1.83008477816137,-0.010372922778369794,0.14870115019418012
1789203263.8456407,1.0237318241176745,3.1619624116476204,1.8299724686774774,-0.011196916716952719,0.15256250536227495
1789203263.8504505,1.0236747729752536,3.1644084637369865,1.8299571965288106,-0.01178940675137203,0.1548802916612322
1789203263.8561497,1.0236668323981455,3.1680713395082716,1.830067906427158,-0.012795319762997016,0.15794668287719277
1789203263.85982,1.02371078923107,3.1705090398403715,1.8302593643219929,-0.013899540340652859,0.1596863426193263
1789203263.866589,1.023795042622449,3.174171463938896,1.8307392905615374,-0.015866409556986864,0.16181577042999482
1789203263.8699534,1.0238529841940416,3.1766129545017603,1.8311760117327016,-0.017260035009353997,0.16293502231389237
1789203263.8756282,1.0239309710311761,3.180257534435503,1.8320228044081208,-0.020004914072068804,0.16456089047423403
1789203263.8800175,1.0239980312431889,3.182720604636633,1.8327731360342303,-0.02202543214725857,0.16552402106896896
1789203263.886068,1.0240986611283527,3.18649971222695,1.834177775169781,-0.024972534633722503,0.16664410184684159
1789203263.890581,1.0241563799140032,3.18909203508415,1.835295473501487,-0.026714646763912258,0.16713103705766566
1789203263.896195,1.0242189330823201,3.1930637941943525,1.8372228633273622,-0.0288739245782919,0.16747736562249674
1789203263.8996716,1.0242381265260978,3.1957320437687224,1.838651137777352,-0.030222224639234446,0.1676259899652768
1789203263.9063327,1.024214114069779,3.1997795920565513,1.8409418075229937,-0.032390250168918444,0.1679022330484292
1789203263.9099362,1.0241541358314017,3.20251503142145,1.8425381331138748,-0.03398785517443246,0.16816335305293936
1789203263.9161367,1.0239961283997803,3.2066851116522495,1.8449716193285957,-0.03667781614943522,0.16868948127411382
1789203263.9205806,1.02388402128906,3.2094944728722337,1.8466338904389707,-0.0380870558881282,0.16919156697134397
1789203263.926468,1.0237227689375055,3.2137726606095556,1.8491861045885019,-0.0386845809687909,0.16978617087793627
1789203263.9300153,1.023621908066823,3.216683023533079,1.8509154353400448,-0.03811610372464563,0.1699642944453647
1789203263.9357288,1.0234872392774617,3.2211226706108316,1.8534975549693,-0.035953706326308406,0.1697742385653947
1789203263.940089,1.0234114501910243,3.2240825015597303,1.8551497558942704,-0.03395418207599073,0.16961523628217168
1789203263.9460306,1.0233176573690492,3.2285251469799685,1.8574972151153464,-0.03039332588433715,0.16935882272778988
1789203263.950305,1.0232732384175278,3.2314944503856715,1.858958487626759,-0.02767353737347063,0.16912027894993856
1789203263.9558794,1.0232365665794405,3.235966486357727,1.8609679151579894,-0.0231573568363723,0.16860706203547632
1789203263.9603138,1.0232363426113178,3.238978876996797,1.8621786156375668,-0.02008515582685183,0.1681699529417104
1789203263.9659634,1.0232276675441532,3.2435209442035315,1.863857483882156,-0.015763530976680932,0.16722441434058433
1789203263.9706929,1.02316884398963,3.2465285807156032,1.8649446463424197,-0.014107234476112522,0.16606001938201867
1789203263.9762974,1.0229908505408667,3.251041229585387,1.8665206870454232,-0.013210979344517046,0.1633194864458183
1789203263.9797077,1.0227870295797086,3.2540567225161188,1.8675556252448358,-0.01305009948211898,0.160589888855864
1789203263.9865434,1.0223672186989916,3.2586005565787763,1.8690818518100911,-0.01347838588032299,0.15499124006470483
1789203263.9898984,1.022026872120368,3.2616492193404794,1.8700534447493609,-0.014325290851166314,0.15022243543135727
1789203263.9958124,1.02146120314131,3.2662178469799144,1.8712524558140222,-0.015788460832954005,0.14217471527076628
1789203264.0002847,1.0210017859699614,3.2691844438902606,1.8718882139187412,-0.015922080346351102,0.136243200370795
1789203264.0061824,1.0202184056112304,3.2735529958632896,1.8726387067483983,-0.015385745634750729,0.12630513183965855
1789203264.0096836,1.019637895602963,3.2764214225482817,1.8730203163860384,-0.014922163892733663,0.11903358784705625
1789203264.0162308,1.0186914951407995,3.280675221986063,1.873428759400946,-0.014659030944185301,0.10728248548099269
1789203264.0196185,1.0180276218190196,3.283470532562772,1.8735875436075304,-0.014409980046083452,0.09887498899665349
1789203264.0266283,1.0169926928853736,3.287625636297153,1.8736460655307094,-0.013477744768585754,0.08557440892903709
1789203264.030035,1.0162522785000552,3.29036233108071,1.8735953623009762,-0.013045649001794304,0.0761628988045348
1789203264.0359194,1.0151370929695331,3.294390738874041,1.8734160173649725,-0.012586550079201607,0.061439424398460334
1789203264.0406613,1.0144609977085621,3.2970060799254077,1.873271539395028,-0.010488872006421002,0.05187526488770451
1789203264.0462976,1.0135347781501576,3.300869748655827,1.873079707406895,-0.004449234671250609,0.03851364056087351
1789203264.0497432,1.012975353650573,3.303429499341072,1.873011794627174,0.001285382812911324,0.03059109722302128
1789203264.0566013,1.0122023515386882,3.307272000301924,1.8730417952127496,0.012186360572583719,0.02046238954522721
1789203264.0601633,1.0116863381732701,3.3098387649183767,1.8731831934877243,0.01967561524756261,0.01421716409329401
1789203264.066286,1.01090118298043,3.3137114361234326,1.8736091968160449,0.03009109628560142,0.005023139557729716
1789203264.070684,1.0103729632653284,3.316319540106272,1.8740446463022133,0.03647305863017526,-0.0008850259656245328
1789203264.0764363,1.009583380474715,3.3202643168555124,1.8748956956012515,0.04511976874897596,-0.009390324674242294
1789203264.0797975,1.009063587920231,3.3228961254631315,1.8755691227414326,0.04999011718428925,-0.015040069440371048
1789203264.0854347,1.0082959743132116,3.3268599294976027,1.8767469340783063,0.0559579807025108,-0.02342511110353501
1789203264.0899174,1.0077941990534107,3.3295210650897875,1.8776440360144184,0.0591140013642344,-0.02889252420425085
1789203264.0954938,1.0070532712924967,3.333536298072319,1.8791527320828265,0.06282178693444371,-0.03686401728904841
1789203264.1000044,1.006561325200369,3.3362181397207897,1.880266066115467,0.06490369732438568,-0.04205671703254383
1789203264.1058471,1.0058276351134683,3.340261981881162,1.8820811607694399,0.0675198685589258,-0.04966707355654722
1789203264.110303,1.0053420702619642,3.3429798814545078,1.8833788148225432,0.06890425056327532,-0.05462170976299731
1789203264.1169434,1.004617541244273,3.347093881502032,1.8854414560911679,0.07036937922535916,-0.061866556818421084
1789203264.1197734,1.0041309487343106,3.349861230762332,1.886883831971475,0.07092432173587876,-0.06657289760870273
1789203264.1266441,1.0033955283950047,3.354056906904454,1.8891298860081014,0.07122216438222072,-0.07344937273120543
1789203264.1298933,1.0029019055361126,3.356889660323925,1.890669171320131,0.07110384500599734,-0.07791377953482463
1789203264.1355925,1.0021587243480294,3.3611938043516423,1.8930310814536706,0.07050294152759436,-0.08440527062549355
1789203264.1399903,1.0016632129502165,3.364096509555207,1.8946390051171949,0.06987023873519185,-0.08843214397621822
1789203264.145803,1.0009089860271603,3.3685076875050988,1.8970531870409917,0.06853079139833208,-0.0941673781702197
1789203264.150252,1.000406566058935,3.3714874009402678,1.898659865561549,0.06748539160318835,-0.09777446480323654
1789203264.1559732,0.9996543282655225,3.376014728106236,1.9010478208356503,0.06578724403661255,-0.10286409854435791
1789203264.160318,0.9991598277547575,3.379054842075838,1.9026355048752173,0.06455375509836232,-0.10579357783792122
1789203264.1661289,0.9984269008745574,3.3836450102622266,1.90498013464585,0.06256283608751904,-0.10936107404795238
1789203264.1705875,0.9979429513559985,3.386727562356409,1.9064945943050513,0.06123228281834884,-0.11130190835364745
1789203264.176181,0.9972199620091939,3.3913826484298033,1.90865154251311,0.05928860009777146,-0.11373649009711637
1789203264.1796098,0.996742647878674,3.3944910946380356,1.910031284003197,0.05797732612217162,-0.11494045560531972
1789203264.1862984,0.9960245185924275,3.3991599782659785,1.9119721903004816,0.05594154555700033,-0.1161441190761537
1789203264.189687,0.9955376651972786,3.402268730608108,1.9131650664526492,0.05450463399277793,-0.11670826124301313
1789203264.1965923,0.9947620219245081,3.406880549592061,1.9148019278564568,0.05180001619857203,-0.11682322878897453
1789203264.199946,0.9942138666983127,3.4099168505002875,1.9158009327746774,0.04951698399582366,-0.11629057609284767
1789203264.2066257,0.993344121101348,3.41442777575466,1.9171524621640084,0.04525669471909559,-0.11450011561305955
1789203264.2100217,0.9927310243099003,3.4174155798719,1.9179433767973872,0.04183824639679236,-0.112697253158106
1789203264.21545,0.9917652565873518,3.4218902580911115,1.918941263345755,0.03596605251543512,-0.10928001330848022
1789203264.2198973,0.9910951597793131,3.4248829607416087,1.9194700637583526,0.03203819266397698,-0.10687832644536016
1789203264.2263827,0.9900499847291616,3.429402635406095,1.9200383877235476,0.02608337529244813,-0.10318149935837487
1789203264.229931,0.9893261300720436,3.432442089651018,1.9202583622056226,0.022014700935024223,-0.10070690886300886
1789203264.23646,0.9881779736105278,3.4370288660399635,1.9203643879624481,0.015460016544470835,-0.09674973887440982
1789203264.2398326,0.9873793058513384,3.4401008855120896,1.9202821600734303,0.010919329595640374,-0.09405121032928068
1789203264.246595,0.9861222569520363,3.4447321868458416,1.9199311393212388,0.0038538691710561976,-0.08994653594132153
1789203264.2503936,0.9852937728951838,3.4477927370086374,1.919584432129145,-0.0008383191136993006,-0.08710105438261347
1789203264.2565558,0.9841134303742854,3.4523245030187546,1.9189835414133598,-0.00644434993250575,-0.08271695575309092
1789203264.2600436,0.9833799820582844,3.4553059271681215,1.9185806136155512,-0.008896474478128268,-0.07989136112052389
1789203264.265964,0.9823600063270598,3.45972375061267,1.9180168629472376,-0.010661447559641064,-0.07582642150344442
1789203264.270613,0.9817347475995385,3.462632930453212,1.9176913131021145,-0.010738980253485656,-0.07310992134865939
1789203264.2766044,0.980857194977545,3.4669369194588167,1.9172994036971973,-0.009588843047924742,-0.06890035134253596
1789203264.2800958,0.980291372982432,3.4697722608053296,1.9171030710999333,-0.008517865908046627,-0.06589914223784993
1789203264.2862718,0.9794744194447453,3.4739732811378503,1.9169259439522008,-0.006606029106513089,-0.06111843214313226
1789203264.2896543,0.9789547145840164,3.476739653598523,1.9168950363440458,-0.005203082179971955,-0.05762971624659813
1789203264.2956924,0.9782012428610795,3.480840555842588,1.9169494072704292,-0.0029798897098080165,-0.05200939434401158
1789203264.3003418,0.9776989108604718,3.4835426138978516,1.9170202693719967,-0.001703372333978016,-0.048178834226571036
1789203264.306098,0.9769550501652882,3.487557731831643,1.9171923539767814,-3.665016428479383e-05,-0.0422957800194278
1789203264.3098009,0.9764730916241203,3.4902166403688812,1.9173509376187559,0.0009948652826450293,-0.0382502687278899
1789203264.3169472,0.9757640263512776,3.4941732896738835,1.9176444668808281,0.002528427219479643,-0.03208960533428357
1789203264.3204052,0.9752920459998169,3.4967872257760804,1.9178651179692852,0.0033401503114290397,-0.028005956655787135
1789203264.3264363,0.9745978429927451,3.5006914728293963,1.9182493242152319,0.004459429828630183,-0.02189891331761325
1789203264.3297753,0.9741488975596638,3.5032890600118067,1.9185476568245132,0.005291696672992417,-0.017788639312867744
1789203264.3366,0.9734998831185425,3.5071889306799986,1.9190591559364665,0.006822633610860336,-0.011537145288169386
1789203264.3400507,0.9730785957665151,3.5097908711261696,1.9194181600126,0.007848157313272788,-0.007417376119240869
1789203264.346203,0.9724597614283546,3.513689696215418,1.9200044242005945,0.009226011420500863,-0.001295205233603551
1789203264.349781,0.972060979445378,3.5162932915842267,1.9204293857339654,0.010166031569784633,0.0027917678230469536
1789203264.356708,0.9714788067166519,3.5202094923598732,1.9211126655856556,0.01174853080337217,0.008923926563898515
1789203264.3600016,0.971094357784697,3.5228225914615945,1.9215930342987109,0.01262048066855356,0.013003404198915179
1789203264.3659213,0.9705296548261811,3.5267633842933153,1.9223412296067552,0.013809776002362734,0.0191253616978055
1789203264.3703544,0.9701569531624167,3.529416292934732,1.9228398667314737,0.01463202430014917,0.023179463116698804
1789203264.3761826,0.9696218423919117,3.53341721551133,1.9236296126669905,0.016084719012611323,0.029302148814508662
1789203264.3798504,0.9692715369205972,3.5360959305772477,1.924175858192846,0.016971656640880368,0.033336900616779
1789203264.3856535,0.9687593671367815,3.540142295984433,1.9250193792525838,0.017986451449216616,0.03928104513736499
1789203264.3901362,0.9684297377717552,3.5428653888569417,1.9255941460659094,0.018605359438028938,0.04317236137417291
1789203264.3958423,0.9679565669456344,3.5470007151389153,1.9264600139649872,0.019570595813566516,0.048859139597081706
1789203264.4003637,0.9676503306075717,3.5497850774295303,1.927039761870092,0.02013147148910478,0.0524537408161622
1789203264.4063885,0.9672045526762174,3.5540010267273052,1.9279138605961739,0.0207425545342995,0.057658354792593534
1789203264.410156,0.9669186403514957,3.5568446250742993,1.9284930952464743,0.021113962234924868,0.060999477217237086
1789203264.4160721,0.966501383515619,3.5611590787524454,1.9293564807647776,0.02165478098121711,0.06581359802025051
1789203264.4206593,0.9662164593078306,3.564063916875886,1.9299175690165238,0.021744684904643385,0.06898244993579317
1789203264.4265783,0.9657996570050684,3.56845857676866,1.9307578313958673,0.021656219029749763,0.07365593535704551
1789203264.4299006,0.9655348664137605,3.5714220780431125,1.931300264612533,0.02161671417132464,0.07663647331336138
1789203264.4357266,0.9651509762787601,3.575908394169429,1.93210656403244,0.02166913015555453,0.080918688224659
1789203264.4402962,0.9648829126847747,3.5789096709676724,1.9326673646410666,0.02153088793500055,0.08374573512675325
1789203264.4465475,0.9644562450031849,3.5834312156707995,1.933553178048185,0.02069166617787691,0.08782408117550113
1789203264.450046,0.964161198175294,3.586466537760661,1.9341697287187805,0.019865702960725623,0.09038013422321445
1789203264.4563506,0.9636927013552318,3.591048747895667,1.9351605940033667,0.01832921887371222,0.0939026566629287
1789203264.460118,0.9633557654986559,3.5941208040072703,1.9358747404602599,0.017147355719018514,0.09601378119552124
1789203264.4661596,0.9628113011146222,3.5987478230519416,1.9370372058112184,0.015100168586880661,0.09889047551691403
1789203264.469716,0.9624283608737837,3.601847274771815,1.9378626796682572,0.013642143543321671,0.10054392658494384
1789203264.4765446,0.9618167578521526,3.606515474547693,1.9392072546844499,0.011313629981241812,0.10261204643780295
1789203264.479902,0.9613900705605605,3.609642305353035,1.9401824458141264,0.009746258395041164,0.10382008194483211
1789203264.4858027,0.9607244470446915,3.614349859317386,1.9417310761366988,0.007553354622561084,0.1053934697940412
1789203264.4901977,0.9602480412932821,3.6174894655431484,1.942841858353972,0.006003347155363986,0.10613012584606474
1789203264.49596,0.959479314718134,3.622211969179299,1.9445748571340638,0.003468376370575118,0.10671586647340192
1789203264.5002935,0.9589361790317118,3.6253612472126684,1.9458095076016713,0.0016530297861600328,0.10677818502095063
1789203264.5057669,0.9580779478726101,3.630091511371395,1.9477451429181112,-0.0011037454894271552,0.10622998750658304
1789203264.5101995,0.957467472139682,3.633247327523014,1.9490747899713756,-0.003029411325333287,0.1054622300399214
1789203264.515956,0.9565101134482169,3.6379917949523586,1.951053289739868,-0.006151639815045725,0.10385679533271293
1789203264.5207148,0.9558629371425277,3.6411542152617664,1.9523629361542145,-0.008171506143182839,0.10268056720466359
1789203264.5261757,0.9548712818450282,3.645894361321598,1.9542900792151983,-0.01117538571321974,0.10046309589230955
1789203264.5295112,0.9541949012729433,3.649052313940848,1.9555336824955414,-0.01312880532624604,0.09863856132631829
1789203264.5362167,0.9531484835588775,3.6537813074265206,1.957305386142017,-0.016006805132003595,0.09534380050641159
1789203264.5397327,0.9524255939524171,3.6569233796240366,1.9584145380560054,-0.018019207442997075,0.09301706874580368
1789203264.546522,0.9513085271851738,3.661618879316446,1.9599446445455715,-0.021127895850426327,0.08952344689390149
1789203264.550006,0.9505398982699513,3.664733508380969,1.9608796771719887,-0.023307863476205778,0.08709075977415587
1789203264.5556889,0.9493432518031558,3.6693790833378337,1.9621169512597938,-0.026937188517127897,0.08320425120602533
1789203264.5602047,0.9485307585938091,3.6724555208052223,1.9628163115236188,-0.02942737371190403,0.08061832743007001
1789203264.565843,0.9472794409195183,3.6770364448297563,1.96366753541494,-0.03307543369085364,0.07688648604830646
1789203264.570387,0.946414189814394,3.680068240754058,1.9640993878832929,-0.0355999863314451,0.07437453291316531
1789203264.5763252,0.9450697011558881,3.684586197160592,1.9645348883315592,-0.039625619929939626,0.07049719345518538
1789203264.5806339,0.9441478086213122,3.6875816003880937,1.964679319322015,-0.04236110635156532,0.06786647509033661
1789203264.5862718,0.9427909472196595,3.6920121002369024,1.9647827075520887,-0.04598617232633954,0.06430758839683454
1789203264.5895462,0.9419050323037715,3.6949293493171833,1.964793073976666,-0.04755909564160613,0.06264633411044268
1789203264.5961974,0.9406133372218054,3.699278940307346,1.9647877623282208,-0.048805052786311746,0.06118128577391014
1789203264.5996547,0.9397868397799756,3.702175937961272,1.9648295005964618,-0.04906014770660497,0.060870119775457435
1789203264.606714,0.9385830571670477,3.7065202916765907,1.9649560539707627,-0.048837496818273915,0.06130009792865578
1789203264.610102,0.9377996188974099,3.7094198961911524,1.9650727204464118,-0.04826182906624898,0.06221133213869075
1789203264.6160812,0.9366483494039846,3.713782289291432,1.9653124068603798,-0.04681177045840933,0.0644785936209923
1789203264.6195776,0.9359096437812742,3.7167064752233654,1.965622731908009,-0.04584868597828265,0.06612026451307854
1789203264.6267729,0.9348559070576553,3.7211174186983924,1.9663103694139903,-0.044709602959028004,0.0683230551450111
1789203264.6299992,0.9341929350577134,3.7240760507633874,1.9668971141461296,-0.044045498471613105,0.06959942727805572
1789203264.6357067,0.9332341984584812,3.72854243344729,1.9679582213541924,-0.04308353583752398,0.0712083931659969
1789203264.640127,0.93259505304409,3.731537655235178,1.968786900192593,-0.04249629846276252,0.0721121855004741
1789203264.6458879,0.9316425366320045,3.7360593550049708,1.970176862274738,-0.041663692754842045,0.07317661300492034
1789203264.650484,0.931014580162706,3.739094059474784,1.9711734281480857,-0.04110314944172899,0.07364596099391023
1789203264.656116,0.9300760783984415,3.74367444443015,1.9727256815686047,-0.04023550457939399,0.07407201175537093
1789203264.6597602,0.9294547383858829,3.7467265750970133,1.973800901349877,-0.03968145988185082,0.07418122102507228
1789203264.6657758,0.9285371651590735,3.75129939430021,1.9754408655161864,-0.038814454317860965,0.07416826446747744
1789203264.6702647,0.9279406640547847,3.754347409948661,1.976530748682475,-0.03825596165547492,0.07392461530891413
1789203264.6761954,0.9270439561234609,3.7588969879301923,1.9781725302460904,-0.03776308241099864,0.07335108062786137
1789203264.679616,0.926444696208793,3.7619018943094527,1.9792346882395486,-0.037914406452245204,0.07319014527397652
1789203264.6865704,0.9255441248285122,3.7663738809820995,1.9807482913150058,-0.03862114132157191,0.07344799027770006
1789203264.6895986,0.9249450715886903,3.7693327382007413,1.9817042892031171,-0.03936835423223446,0.07394303894160538
1789203264.6963792,0.924059701744226,3.7737437510428,1.983032160978797,-0.0407109663317661,0.0750487015553988
1789203264.6998777,0.9234849335072169,3.776673376193891,1.9838229449343436,-0.04144452296918534,0.07586525584740896
1789203264.706619,0.9226426224101563,3.7810548405016786,1.9848783781202728,-0.042245043758810046,0.07715462002446508
1789203264.7099686,0.9220919629979912,3.783970146376811,1.985499136007765,-0.04259783716043842,0.0780543333394411
1789203264.7166626,0.9212823664464946,3.7883374669301655,1.9863003470625056,-0.04286392701901286,0.0794371093084009
1789203264.7205815,0.9207565678689451,3.791244231647924,1.9867393751056235,-0.04282213499866124,0.0803424128112193
1789203264.72634,0.9199821328042184,3.7956005033832407,1.9872724199560747,-0.04244153068278017,0.08167305268844649
1789203264.7298245,0.9194716834062502,3.798505344526504,1.9875548370505274,-0.04199459321449461,0.08255188266660834
1789203264.735885,0.918705245657192,3.802867291347517,1.9878709919494262,-0.04107963241299001,0.08388056984492918
1789203264.7403185,0.9181991168444856,3.805770603629656,1.9880173301951116,-0.04032067232998038,0.0848183442155324
1789203264.746022,0.9174490855569888,3.810118702431088,1.988155223865566,-0.038926807687952994,0.08630910903635516
1789203264.7495978,0.9169549239336293,3.8130170644804333,1.9881938246158404,-0.03779319930879838,0.08735063881509574
1789203264.7564936,0.9162229306654788,3.817362637567813,1.9881833483932503,-0.03571139979150543,0.08888438560771939
1789203264.759942,0.9157429860888863,3.8202542822788974,1.988137911734016,-0.0342167541938113,0.08998785853380793
1789203264.7658565,0.9150355376465149,3.8245912438373386,1.9880126130699916,-0.03185601881366684,0.09174492347573478
1789203264.7704391,0.9145731999056633,3.827484464757404,1.9878926605082081,-0.030206074507996304,0.09296974924516513
1789203264.7760766,0.9138932700444146,3.8318260610772383,1.9876706789856196,-0.02763255111120773,0.09487677817388238
1789203264.779737,0.9134487127772224,3.834719979950221,1.9875052726293434,-0.025882349233895357,0.0962125442716469
1789203264.7854662,0.9127967859428381,3.8390659913109895,1.9872097397544402,-0.023219096518833526,0.09829369749139057
1789203264.7898822,0.9123736554452477,3.841968566328788,1.9869713484195213,-0.021433267394536888,0.0997153800434023
1789203264.7955103,0.9117619211318374,3.8463292461818264,1.986575750149868,-0.018668817978667263,0.10189452412916583
1789203264.799964,0.9113624730048071,3.849238430778053,1.9863149577757762,-0.01683137649015201,0.1033554853110532
1789203264.8056364,0.9107721407515896,3.8536064470849176,1.985928527166031,-0.014149289708467367,0.10554636509445194
1789203264.8099983,0.9103598969983828,3.8565155817268297,1.9857041430912876,-0.01275813800647872,0.10690596844149461
1789203264.8157566,0.9097069760746584,3.8608746672884138,1.9854548447108866,-0.011557395659774984,0.10861758884061587
1789203264.8202608,0.9092428078518207,3.8637775754020067,1.985370641295407,-0.011247331783971555,0.1093969011929962
1789203264.8261065,0.9084951624687045,3.868126259099745,1.9853295182533572,-0.011440684362391314,0.10989350642826123
1789203264.8295672,0.907965335712106,3.8710222394997404,1.9853733476750257,-0.012011822222647331,0.10981325116829652
1789203264.8362942,0.907132980795057,3.8753602598849497,1.9855323096677733,-0.013349074864850274,0.10910999575447633
1789203264.839667,0.9065568452266466,3.87824816703321,1.9856868357051436,-0.014349482522948242,0.1083611846224858
1789203264.8458772,0.9056518661367614,3.882574996256647,1.9859528672441418,-0.016030018997700755,0.10690666119120462
1789203264.8500865,0.9050280655100499,3.8854545924744808,1.9861584434326949,-0.017223324349975918,0.10556577219169427
1789203264.855946,0.9040560186129273,3.889760410341679,1.9864809959381333,-0.019137649454075156,0.1029138007458381
1789203264.8606405,0.9033881373040574,3.8926162469976995,1.9866690818019273,-0.020392961362646542,0.1009182527512116
1789203264.8662002,0.902348493412158,3.8968718074807267,1.9868590667724124,-0.022310747461956097,0.09785966018428371
1789203264.8697639,0.9016290084644935,3.8996900300420765,1.9868958624952715,-0.023595814965084894,0.09576057039149802
1789203264.8756332,0.9005015252167569,3.903887308384193,1.986838435624824,-0.02574433778954058,0.09240595140903485
1789203264.8802016,0.8997273857872536,3.906664826176729,1.9866881183229907,-0.027329836416659623,0.08997052975179949
1789203264.8859804,0.8985345139276272,3.910792332432299,1.986284382853844,-0.029974409910294573,0.086095519305071
1789203264.8905325,0.8977442675125206,3.9135022867072347,1.9859626990162311,-0.0314465052778861,0.0838806193853057
1789203264.896302,0.8965759014555776,3.917517346796542,1.985442396978868,-0.03283960936625638,0.08150678622514444
1789203264.8996172,0.8958157168447474,3.9201720566038953,1.9850927201486772,-0.03318278787300645,0.0805424301927899
1789203264.9064424,0.894699157563099,3.9241266984363583,1.9845732809283705,-0.03285710787379979,0.08005175895620184
1789203264.9097614,0.8939676089925037,3.9267491672870456,1.9842319129557648,-0.032126064850550376,0.08035775103557923
1789203264.9159126,0.8928899687070834,3.930671350901199,1.9837186571989929,-0.030323974473999666,0.08178232064674028
1789203264.920424,0.8921852933237852,3.933292391131221,1.9834199562066195,-0.028829654160048197,0.08327439996455568
1789203264.9265733,0.8911486170182925,3.937248917780592,1.9830711419194802,-0.027041764038976394,0.08570466372372008
1789203264.9303923,0.8904687407927601,3.939904542950432,1.9829098985716604,-0.02607142679664443,0.08746397485696869
1789203264.9364393,0.8894770246556846,3.943919626590555,1.982850033925601,-0.024831029386602838,0.08992480451108889
1789203264.9397676,0.8888387537474003,3.9466190617074335,1.982962882657692,-0.024223036889981436,0.09130339047766765
1789203264.945438,0.8879232451264127,3.9507022775527605,1.983340762499871,-0.023685966078314764,0.09286580077845898
1789203264.9500122,0.8873456187753538,3.9534446165542656,1.9837176313104452,-0.023431493183677012,0.09356380505848015
1789203264.9558992,0.8865115599447485,3.957585953654482,1.9844526528383057,-0.023076602607881837,0.09414226671840391
1789203264.960404,0.885959859797382,3.9603620015544765,1.985048292550078,-0.022842238507236688,0.09436205574629279
1789203264.9660947,0.8851428380163696,3.9645484190350633,1.9860700023364344,-0.022420995922131863,0.09443557965486116
1789203264.9695385,0.8846030214601016,3.967356897710839,1.986800509916788,-0.022074375403232756,0.09437273766059456
1789203264.9761724,0.8838138486606503,3.9715857806857535,1.9879843052772395,-0.021385006826565387,0.09395185371148208
1789203264.9796522,0.8832988299007949,3.974404285921112,1.988816360696311,-0.020883111017373585,0.0935036799982894
1789203264.9865513,0.8825458676454828,3.9786298263319124,1.9901024202712188,-0.020039042081502867,0.09267787711148945
1789203264.9899027,0.8820601193251483,3.9814444331886047,1.9909714261097688,-0.019470772434470048,0.09192517596817641
1789203264.9960947,0.8813304645851887,3.9856493489592655,1.9923042068806283,-0.018886403162215997,0.09063463663857903
1789203265.0005803,0.8808264986829643,3.9884379752727805,1.9931811325731426,-0.019004162602418044,0.08994813619733835
1789203265.0064225,0.88006458243042,3.9925947879138057,1.9944799096281018,-0.019771452348567503,0.08933626149683416
1789203265.0096867,0.8795476960420919,3.9953496155389043,1.9953295084640783,-0.020614875435927323,0.08917137773478408
1789203265.0164938,0.8787647647234459,3.999463186978279,1.9965477166815764,-0.02220331511151233,0.08916077320060455
1789203265.019928,0.8782458000624614,4.0021948985996,1.997303340238357,-0.023249320009301046,0.08927839457814907
1789203265.0254765,0.8774703033917196,4.0062768359518,1.9983459214615746,-0.024648425314714235,0.08965544152874014
1789203265.0299687,0.8769580915748127,4.008987493939305,1.9989787347957724,-0.02555728348691051,0.089997883506507
1789203265.0355403,0.8761990714081916,4.013039777581619,1.9998049576495798,-0.026721178950638216,0.09061784332911978
1789203265.0400379,0.8757002167070204,4.015733321997853,2.000255383232738,-0.02739613296333207,0.09110572427910277
1789203265.045765,0.8749718477658895,4.019763953968472,2.0007952347948326,-0.028134518280038698,0.09186345722050404
1789203265.050347,0.874499931505607,4.022445467943648,2.001070789312451,-0.028466497972337832,0.09238447389085286
1789203265.0563345,0.8738137662373713,4.026462268440198,2.001357437718454,-0.028750352141713245,0.09318625861791686
1789203265.0596826,0.8733737740005686,4.029132890908366,2.0014532284384616,-0.0287378049029222,0.09365108262138495
1789203265.0654488,0.8727378302677247,4.033129134598331,2.0014703672484915,-0.028485896555556927,0.09435817187108134
1789203265.0700045,0.8723284324980023,4.035789600768986,2.001405906663679,-0.028180385849431566,0.09484427045709276
1789203265.075592,0.8717367152524779,4.039771842947782,2.001203335408806,-0.027530481481201692,0.0956178820548933
1789203265.080046,0.8713577406488511,4.042418705291526,2.0009985521721103,-0.026962240032990293,0.09617186893319941
1789203265.085802,0.8708120510275008,4.046382740505825,2.0006022182525904,-0.02590236872257756,0.09706634620605416
1789203265.0902646,0.8704655464033534,4.049025094653054,2.000276498155012,-0.02503867683692721,0.09767626373728855
1789203265.095952,0.8699567724469177,4.052989135739767,1.9997027662005948,-0.023618970317325072,0.098717130994476
1789203265.1004112,0.8696305913009448,4.055628092619775,1.999283894617857,-0.02260609641260739,0.09951243207876456
1789203265.1065776,0.8691563525308725,4.059582151838148,1.9986065691724064,-0.020913613722986463,0.10084368564074403
1789203265.1097934,0.8688378848895123,4.062217954684415,1.9981331664955833,-0.019920051305807422,0.10184350654059879
1789203265.116958,0.8683602560362634,4.066174967072656,1.9974011235045268,-0.018852383221330357,0.10346804762095721
1789203265.1201792,0.8680332951313002,4.068811843246457,1.9969340484097313,-0.018424448239455396,0.1045599908605877
1789203265.1260035,0.8675249999808321,4.072763259149414,1.996299864542187,-0.01816179520455152,0.1060258436626369
1789203265.1296365,0.8671744385977601,4.075395286543184,1.995919862375763,-0.018242032957135328,0.10685506407440672
1789203265.1358254,0.8666388397039644,4.079344642080842,1.9954030333151185,-0.018536241268164028,0.10782132800696309
1789203265.1406171,0.8662524697423553,4.081977401332397,1.9951205761406863,-0.018865816834205764,0.10828263156380036
1789203265.146337,0.8656383087443922,4.085925196441925,1.9948146159552325,-0.019682951944588807,0.10854548347758212
1789203265.149881,0.8652034269426256,4.088556350384899,1.9946766638057605,-0.02039906174597856,0.10840163180074924
1789203265.1558836,0.8645133442747147,4.092500057523855,1.9945466883270782,-0.021776278782873717,0.10768521576277036
1789203265.1605084,0.8640384323335055,4.09512966062537,1.9945091717967447,-0.02278716900459605,0.10688636162850026
1789203265.1664248,0.8633044598789055,4.099074979706683,1.9945033077858483,-0.02440992047329528,0.10537921829551125
1789203265.1700065,0.8627875899042784,4.101703666175742,1.9945077459739144,-0.025609492479002766,0.10417570418719005
1789203265.1757703,0.8619765012170758,4.105642204108124,1.994531224634372,-0.02774425321536974,0.10202456978247901
1789203265.1806445,0.8614211954481433,4.108260132549647,1.9945335430721818,-0.029167903322746335,0.10031959349802258
1789203265.1866395,0.8605595523448812,4.112172366083532,1.9944998988296676,-0.031350076749020864,0.0974069397957845
1789203265.1900861,0.8599825646981346,4.114764109377751,1.9944900356220285,-0.03286290435857727,0.09532426750803824
1789203265.195937,0.8591217139637687,4.1186191153066485,1.9944952505153641,-0.03493479411694366,0.09281227220217289
1789203265.200502,0.8585611198288929,4.121162934487011,1.9944916297261681,-0.03604806490161732,0.09174512932687899
1789203265.2067242,0.857734038702431,4.12493808411114,1.9944802509625275,-0.03722751367075972,0.09112478128182062
1789203265.2101634,0.857192340651318,4.127431728256335,1.9944800385491335,-0.037708717929374164,0.09132488810550957
1789203265.216008,0.8563901723456828,4.131145306388299,1.994480108071059,-0.03800031594482683,0.09251047884968451
1789203265.2205215,0.8558712472066432,4.133622343925353,1.9945207430866567,-0.0382449425247326,0.09357455038886782
1789203265.2262964,0.8551147843273676,4.137344653574803,1.9946547846919938,-0.03893843010113353,0.09508641649683836
1789203265.229649,0.8546213758301519,4.139830186849015,1.994771639837609,-0.0395573453171576,0.09616338375888493
1789203265.235668,0.8539032984207809,4.143568916289188,1.9950209313497467,-0.04060436845155812,0.09774248907232166
1789203265.2401352,0.8534376877031601,4.1460706972949195,1.9952412711173528,-0.04140034512310707,0.09874063428244283
1789203265.2459671,0.8527667323857219,4.1498373442176,1.995677330980169,-0.04269605718767889,0.10008651560771117
1789203265.250748,0.8523415022731835,4.152358039399359,1.9960079706230358,-0.04350651876988941,0.1008879286329164
1789203265.2565777,0.8517152669874151,4.156151298757307,1.996572029622263,-0.04472481148841797,0.10208647614830334
1789203265.2600098,0.85130915074358,4.158687789245011,1.9970187498566547,-0.045553090253047726,0.10274172662835639
1789203265.2656074,0.8507192804247966,4.16250476758818,1.9977701903011258,-0.046727051273735803,0.10348142600223827
1789203265.2704194,0.850341413095743,4.165056982777978,1.9983164354646779,-0.0474091526902462,0.1038036128539315
1789203265.276346,0.8497969901049784,4.168897292363272,1.9991876473455208,-0.04820743768662697,0.10402444203833862
1789203265.2798283,0.8494353002613455,4.171462616140792,1.9998003246605671,-0.048629414208213866,0.10405656000622135
1789203265.285747,0.8489033370811822,4.175313995482224,2.0007765432852778,-0.049083180856729774,0.10391525519272286
1789203265.2901676,0.8485580596176063,4.177884334511636,2.0014508518062555,-0.049239885713439444,0.10366284928221427
1789203265.2960446,0.8480554046449081,4.181741247564726,2.0024579588816844,-0.04922323388193881,0.103093142433861
1789203265.2996178,0.8477305897148691,4.1843086618048675,2.0031286909242385,-0.0490198190632724,0.10264679540723685
1789203265.3064933,0.8472586606097567,4.18815592251958,2.004105172144337,-0.04855232790745243,0.1016817109115586
1789203265.310025,0.8469609723080247,4.190718078720195,2.0047338135209536,-0.04815360748380084,0.10082668123916617
1789203265.3158987,0.8465384453906356,4.19454792656111,2.0056343700735924,-0.04743087801505752,0.09939481468214165
1789203265.3205116,0.8462600692569953,4.197087159497282,2.00621525672352,-0.04714203979364117,0.09867604817704324
1789203265.3263872,0.8458391643745661,4.2008788834745046,2.00704205381401,-0.047071911651385155,0.09802662175049824
1789203265.329726,0.8455592350728037,4.203395684126093,2.0075570305073156,-0.04726100235430212,0.09782053042402644
1789203265.335733,0.84514974950964,4.207154915576831,2.0082574542798652,-0.047672366925997044,0.09775080138909076
1789203265.340263,0.8448763279288959,4.209652763131757,2.008672342543188,-0.04806398937454382,0.09778022508687843
1789203265.3459651,0.8444705656212007,4.213389361244743,2.0092214748007255,-0.04879807665508676,0.09798283514589175
1789203265.3503368,0.844208120439928,4.2158718077822455,2.0095309126381213,-0.049239596704324415,0.0982228556330269
1789203265.3561912,0.8438228390662442,4.219584304760983,2.0099016377048606,-0.04982049818997725,0.09865448048235362
1789203265.3595786,0.8435795441621264,4.222053008898926,2.0100673281592476,-0.05012169130588582,0.09894391473326315
1789203265.366432,0.8432289587018471,4.225747495458904,2.0101905894958554,-0.05020523004049395,0.09930206123155622
1789203265.369748,0.8430031083586988,4.228204679088455,2.01020482982489,-0.05025265110970839,0.09958212643117176
1789203265.3766904,0.8426914865097268,4.2318828472217636,2.010113282128553,-0.05007302401042277,0.09993602723840661
1789203265.3801205,0.8424961174529463,4.234329351486909,2.009982210256479,-0.049787017864469735,0.10015495892298212
1789203265.3858325,0.8422234434480516,4.237991917772041,2.00969494804651,-0.04931052165175022,0.10051930444721967
1789203265.3902092,0.8420541521705266,4.240430536272742,2.0094497568775123,-0.04888879319421799,0.10079228418510197
1789203265.3959005,0.8418132429249546,4.244083333684423,2.0090135479992193,-0.04834240390935121,0.10127532045931534
1789203265.4003382,0.8416634010400968,4.2465136022959395,2.008674841620281,-0.047888764037881566,0.10162648654779577
1789203265.4060564,0.8414485347811081,4.2501541506757246,2.0080936238651836,-0.04731467162859937,0.10213009864716696
1789203265.4093878,0.8413130442940846,4.252579500283974,2.0076608295675356,-0.04693283100353903,0.1024801612239279
1789203265.4161072,0.8411148108293723,4.256211636286228,2.006965994354296,-0.04636017408613595,0.10313372675725188
1789203265.4194596,0.8409795981354525,4.258628149154477,2.0064905997509874,-0.04604997000527041,0.1035880152068417
1789203265.4261081,0.840773138480055,4.262248733932681,2.0057693529691387,-0.0457543800564491,0.10427691756052314
1789203265.4294436,0.840634220544119,4.264661447529552,2.005285413341918,-0.045713246460112204,0.10472191641295248
1789203265.4361055,0.8404323349049672,4.268278190885391,2.0045568598427157,-0.0456124257816342,0.10538361158933472
1789203265.4395003,0.8402865522288845,4.2706863402838415,2.004097496479386,-0.04552149878121119,0.10567495253610797
1789203265.4462953,0.840047073834674,4.274296835666053,2.0034568000652566,-0.04559403711754738,0.10594438335605973
1789203265.4497747,0.8398715548681518,4.2767027224098175,2.003061395824053,-0.045822214821016956,0.1059802181793447
1789203265.4564989,0.839576493445431,4.280308284954529,2.0024914117177595,-0.04654620379615178,0.10584656133616913
1789203265.4600413,0.8393645876401866,4.282710077122389,2.002149697002646,-0.047066287179470236,0.10564263963825037
1789203265.465691,0.8390120730453927,4.286309313706411,2.001707102426256,-0.04793530443033824,0.10494626000162027
1789203265.4701855,0.8387549941207916,4.288706728694584,2.0014483002149284,-0.048624207385354626,0.1042321852862073
1789203265.4760835,0.838344371415912,4.292299009427166,2.0011036471811092,-0.04972863657522312,0.10283756551836717
1789203265.47971,0.838055173495886,4.294689476360087,2.000927755048767,-0.05053861017367691,0.10174715569625102
1789203265.4857564,0.8376229022961648,4.298264423977769,2.0007749503487346,-0.05162161494151246,0.10042179685722373
1789203265.4902856,0.8373397577254714,4.300641241196832,2.0007293968721704,-0.05224708233072789,0.09975727953075554
1789203265.4961545,0.8369362923969155,4.304196218347434,2.000756230916896,-0.052921813820789095,0.0990116984950041
1789203265.4995928,0.836678025527242,4.306562823365031,2.000850032055355,-0.0533362190565404,0.0987080163816772
1789203265.5065656,0.8363099467805896,4.310109947971901,2.0010883917336666,-0.05399919390903814,0.09849034228211137
1789203265.5100324,0.8360820407561487,4.31247226112277,2.0013049384039894,-0.054396189943766646,0.09843943854130123
1789203265.517355,0.8357563565923961,4.316011981460759,2.0016864905578067,-0.05494075634369906,0.09849902302214884
1789203265.5199816,0.8355489370953879,4.31837165943159,2.001988055654201,-0.05532739111319175,0.09852394734767253
1789203265.5259883,0.8352582916681788,4.321910316795012,2.0024905132478015,-0.05595191058792543,0.09855407127885708
1789203265.5305965,0.8350698556825197,4.324268827620389,2.0028485353991843,-0.05638159357361185,0.09854654979132518
1789203265.536507,0.8348009869523771,4.327804570734021,2.003413024744527,-0.05706490317726835,0.09839839452606167
1789203265.539931,0.8346296071715454,4.330160608220261,2.003814262951344,-0.05745034715495212,0.09822211006709061
1789203265.545598,0.8343803934732734,4.3336927417091635,2.0044375366502742,-0.05809093965733246,0.09779479947011713
1789203265.549901,0.8342195335978522,4.336043431455057,2.004848999591659,-0.058481824016738626,0.09754795321932207
1789203265.5558152,0.8339958354324,4.339564004272772,2.005500458178315,-0.05897664968360608,0.09711390910293038
1789203265.5604267,0.8338578541873647,4.341909209911078,2.005958282766721,-0.059259340937798805,0.09686187158315962
1789203265.5661554,0.8336689536294162,4.34542516720183,2.006671425108671,-0.05957799559826831,0.09644467734696266
1789203265.5696473,0.8335524683822647,4.3477660748617115,2.0071637558161997,-0.059734979224834665,0.09613765581861874
1789203265.5765097,0.8333863774386402,4.351272275102814,2.0078981371152267,-0.05995107207479774,0.09573153883082772
1789203265.579864,0.8332797658983526,4.353606454505007,2.0083863155570674,-0.06013171210084753,0.09552380504061737
1789203265.5859566,0.8331290936715963,4.35710362765919,2.0091247274955215,-0.06043381300652601,0.09510646395267636
1789203265.5903752,0.8330358775929336,4.359432083756027,2.009616945848549,-0.060617387187289096,0.09485608049303793
1789203265.5961027,0.8329113203243291,4.362918904848442,2.0103524461084006,-0.06080586827602885,0.09441716720761412
1789203265.600515,0.8328327314405849,4.365240160535553,2.010851597736412,-0.06090642400012134,0.09409705691122035
1789203265.6060915,0.832715176661876,4.368717714319415,2.01157215611164,-0.061198805433028594,0.09371645869769307
1789203265.6095338,0.8326455962846402,4.371032373358533,2.012038770025349,-0.061379102038066555,0.09348958455495184
1789203265.616326,0.8325458238398974,4.37450015234153,2.012730323667385,-0.061716232498051166,0.09307389490761443
1789203265.6197877,0.8324863602762971,4.376809140048926,2.013183694580771,-0.06192158643474158,0.0927278310458404
1789203265.6258292,0.8324027527730979,4.380267148223834,2.013860636424889,-0.06221644479769063,0.09216560517722276
1789203265.6303473,0.8323537566861953,4.382569811666759,2.014293086457726,-0.06242905296523126,0.09179535461747472
1789203265.6360466,0.8322762032468234,4.386018835684617,2.014909107815272,-0.06279389155462257,0.09125940973129004
1789203265.6404653,0.8322226499856107,4.38831374193992,2.015287141557954,-0.06313517232049348,0.09095996490029455
1789203265.646576,0.8321568657231824,4.391746946308334,2.0158123620139525,-0.06355593204115036,0.09039484530142003
1789203265.6502361,0.8321211743948994,4.3940299426165685,2.016137185329759,-0.06373619528753738,0.0900831267499094
1789203265.6559489,0.8320702454993155,4.397447059896679,2.0165993120376786,-0.06402175257356645,0.08969157092599635
1789203265.660444,0.8320376806438204,4.399720759426294,2.016881115536074,-0.0642093200910655,0.08946538360937133
1789203265.6660006,0.831998337705367,4.403124550033663,2.017246852692615,-0.06452060176537622,0.08902464334026006
1789203265.6695929,0.8319731680065569,4.405387949177727,2.0174654372065297,-0.06471161777199218,0.08878895109835136
1789203265.676108,0.8319532336558633,4.408773406716494,2.0177346016870015,-0.06498667448635448,0.08863961724784915
1789203265.6795635,0.8319480039394407,4.41102564203843,2.0178630332669285,-0.06503039446567163,0.08848236646696246
1789203265.6863375,0.8319297856860812,4.414397439286915,2.0180147316568746,-0.0652509987908915,0.08819562163962821
1789203265.6897173,0.831917446085044,4.416639486129116,2.018098745496328,-0.0654693284303804,0.08808344488232339
1789203265.6964388,0.8319074734586858,4.419994776519937,2.0181894560976246,-0.06574915938011208,0.08803781247117794
1789203265.699869,0.8319052438329284,4.422226875827393,2.0182107992007907,-0.06581208402780392,0.08795938232554401
1789203265.7055702,0.8318986897800217,4.425565850338281,2.0181940508536473,-0.06605308095237201,0.08790684927839049
1789203265.7100153,0.8318965199474614,4.427786963546058,2.018158498793597,-0.0661707948803471,0.08799176892834587
1789203265.7160437,0.8318856877103714,4.431112730132622,2.0180661239399673,-0.06647107475398155,0.08805416665046237
1789203265.7199445,0.8318789018389212,4.433326038304002,2.0179698319724513,-0.06668489179841865,0.08791556829964567
1789203265.725785,0.8318833101489961,4.4366365490896875,2.0177986368630956,-0.0669563278586447,0.08781343362692044
1789203265.7304502,0.8318893453785362,4.438837508531627,2.017674719947299,-0.06705734968264143,0.08787797396388575
1789203265.7362483,0.8318908122384429,4.4421329469385755,2.0174702758060383,-0.06734380195326159,0.08800803097283703
1789203265.7396896,0.8318921270076213,4.444325669241156,2.017304766411814,-0.06756142503243727,0.08809154781309192
1789203265.7458394,0.8318834810204673,4.4476072300920855,2.0170275841751204,-0.06798760169371078,0.08810146138331089
1789203265.7506,0.831877219291986,4.449789064696029,2.0168404441765255,-0.0683068540394847,0.08813346805712823
1789203265.756458,0.8318755076431301,4.453054258736578,2.0165485102466443,-0.06863758344593722,0.0883715333116099
1789203265.7598617,0.8318676258650575,4.455228356903713,2.0163469484288914,-0.06888626927243582,0.08852033438168412
1789203265.765695,0.8318537534705893,4.458483103741744,2.0160353598205494,-0.06924694441213101,0.08845810292002829
1789203265.7703588,0.8318506611620667,4.460647354235751,2.0158336536526944,-0.06948013857566772,0.08847588808756676
1789203265.7766988,0.8318406459775706,4.463888208796388,2.015540234032521,-0.06972527067071138,0.08868141673753821
1789203265.7801526,0.8318218186251668,4.466045085648391,2.01534337183989,-0.0700371144379531,0.08884590739147828
1789203265.7862556,0.8317923809125416,4.46927443875158,2.015047744680968,-0.07052900053272294,0.08887672939054288
1789203265.7895732,0.8317744283650775,4.471422855976103,2.014868229977335,-0.07084108543325592,0.08890879676060075
1789203265.796538,0.8317428802639388,4.474640760371445,2.014631009698169,-0.07126991159044989,0.08910458168369972
1789203265.8000348,0.8317159015487425,4.476783655666265,2.0144922676322943,-0.07160004247694399,0.0892315026406276
1789203265.8056853,0.8316881055853919,4.479992612427647,2.0142949631000806,-0.0720231559466894,0.08943643170437982
1789203265.81016,0.8316729510935825,4.482129945633507,2.014153413090675,-0.07214895025647843,0.08942378151081053
1789203265.8161297,0.8316377125222705,4.4853310871592615,2.0139649865277978,-0.07249641763343816,0.08933528263049606
1789203265.8195167,0.8316109426558939,4.4874597707744845,2.013863728137321,-0.072786344929446,0.08939334325193364
1789203265.826602,0.8315668841159902,4.49064786316646,2.0137428378282958,-0.07321895890145971,0.08957716521914708
1789203265.8300889,0.8315292286701272,4.4927708650747284,2.013671208691995,-0.07355245547570659,0.08963492701550381
1789203265.8357644,0.8314724183548795,4.49595010914293,2.01359229339069,-0.07411972406591869,0.0896871203079187
1789203265.8404336,0.8314468080277905,4.498066199860401,2.0135472631958886,-0.07432876793229688,0.08974232788205619
1789203265.8465223,0.8314013816342145,4.5012376303194745,2.013516588711952,-0.07462190607002085,0.08979618578868906
1789203265.8499656,0.8313652919644717,4.503351003106715,2.0134940895813114,-0.0748070419036183,0.08963265283008126
1789203265.8557644,0.8313070074649609,4.506515285334876,2.0134972987972177,-0.07519123748327235,0.08948495250056053
1789203265.8603895,0.8312664237840023,4.508621682279028,2.0135251027335865,-0.07543973787102176,0.08945256495004364
1789203265.865959,0.8312065759615213,4.5117782565609605,2.013585413846203,-0.07582437013569732,0.08939084723116066
1789203265.87055,0.8311781843353379,4.513880005685166,2.013626281618378,-0.07598993092070837,0.08931747006931988
1789203265.8763175,0.8311409882837653,4.51702883404951,2.0136987413228065,-0.07617266409853554,0.08917151603299044
1789203265.8799016,0.8311128313135705,4.519127187490524,2.0137619931709945,-0.07636203767334523,0.0890351825887278
1789203265.8857613,0.8310681626533268,4.522272044446181,2.013869796527081,-0.0767038670410735,0.08887678328836343
1789203265.8904467,0.8310460465644606,4.524365575378616,2.0139482136673146,-0.0769219806213393,0.0887749407481506
1789203265.8961604,0.8310159915519671,4.527504269419997,2.0140752474841523,-0.07715665898765284,0.08854902014774284
1789203265.8995092,0.8309907671911678,4.529596954379308,2.0141655647927923,-0.0773844399342383,0.08832336028526247
1789203265.9063196,0.8309613050716446,4.53273156398899,2.014317508527364,-0.07770222880837446,0.08799709446243853
1789203265.90988,0.8309528859391888,4.534818258473638,2.0144221964064113,-0.07783189484602797,0.08770505264242212
1789203265.9160197,0.8309382085689222,4.537945803953798,2.014592358275274,-0.07797522873421552,0.08736702379354598
1789203265.9206676,0.8309230366964455,4.540028822863819,2.0147057201248524,-0.07816033772147417,0.08723053373370032
1789203265.92652,0.8309050938838766,4.543148715464395,2.014882746789362,-0.07845822467634463,0.08701223518511252
1789203265.9299564,0.830906243075404,4.545226384237068,2.014984303645971,-0.07856022157184571,0.08680545585777857
1789203265.9358537,0.8309017199861756,4.548341185712231,2.0151399899587226,-0.07871434656033424,0.0864967016635788
1789203265.94034,0.8308976247123903,4.5504152492084575,2.0152515884788733,-0.07889535051696787,0.08631077525393707
1789203265.9459617,0.8309048922202096,4.553521534388761,2.0154166007732535,-0.07908421714341698,0.0860142482688037
1789203265.9494586,0.8309097210154917,4.555591134583126,2.0155196639612565,-0.07914773082397089,0.08576865455144062
1789203265.956213,0.8309012172984461,4.558694854352002,2.015662060422433,-0.07947756024891434,0.08541041694387243
1789203265.9597266,0.8308989128404268,4.56076069429111,2.0157678090905007,-0.0797010831336092,0.08517625171485106
1789203265.9663756,0.8309069804350926,4.563856935716191,2.0159295342121255,-0.07989884619113141,0.08486498696053058
1789203265.9698296,0.8309138451727044,4.565920349876105,2.0160440475183847,-0.07997510330109288,0.08471370353550127
1789203265.9759247,0.8309309849365083,4.5690115009745345,2.0162158112156296,-0.08009415522382739,0.08448257262981886
1789203265.980499,0.8309412827226278,4.5710703969796125,2.0163263059137573,-0.08013425392750964,0.08430488520048374
1789203265.9862337,0.8309529232207438,4.574158076448776,2.0164710615536587,-0.08031842788844056,0.083937376463041
1789203265.9897683,0.8309636493199981,4.576215364903669,2.0165686495769535,-0.08042317284863972,0.08372611097940108
1789203265.9955163,0.8309768488871753,4.579297345543489,2.0167193729589896,-0.08063933798967236,0.08342050370810557
1789203265.9999468,0.8309950357638953,4.581348491431426,2.0168176336132073,-0.08072367036699797,0.0831755200345443
1789203266.0061703,0.8310312609125226,4.58442248722181,2.0169641872666086,-0.08076903424022079,0.08280448026257718
1789203266.0096557,0.8310482613709809,4.586471030202515,2.0170434972316795,-0.08080214749583868,0.08265919943259871
1789203266.0156827,0.8310686147251589,4.589539775071694,2.017164655413432,-0.08104643989493929,0.08232388981227146
1789203266.020205,0.831089480192413,4.591582005192661,2.0172438093178235,-0.08116014844986662,0.08206126668116026
1789203266.0261881,0.8311185752019821,4.594643297954002,2.017372641011394,-0.08129102501388351,0.08164121587608258
1789203266.0298994,0.8311345160389457,4.596681232156499,2.0174703714351296,-0.08144196172920441,0.08142477192864726
1789203266.0358279,0.8311621421756991,4.599733736795162,2.017624473739538,-0.0816613678589615,0.08116655576269755
1789203266.0402822,0.8311924858780454,4.601767020278541,2.0177041499786394,-0.08169804410849638,0.08104329690168259
1789203266.0465791,0.831230175408386,4.6048163468104075,2.0178105465940415,-0.08184842988301137,0.08077140173998033
1789203266.050325,0.8312529915239462,4.606846283089269,2.017894714991767,-0.08196657278878833,0.08062310060404165
1789203266.0560963,0.831291574748076,4.6098871285817635,2.0180271651561146,-0.08213526806430746,0.08042850322295761
1789203266.0597084,0.8313223114941538,4.611912887108261,2.0181071621761397,-0.0821681766379036,0.08023013542900469
1789203266.0655942,0.8313668539056539,4.61494963313901,2.018219910415514,-0.08231175872842277,0.07986243453913511
1789203266.0701303,0.8313958896067546,4.616971149274043,2.018302719446973,-0.0824161418370761,0.07966461767877177
1789203266.0757523,0.8314342093376046,4.619999983634379,2.018413926762964,-0.08261737852278327,0.07947788186036298
1789203266.0801992,0.8314688257493618,4.62201668991735,2.0184787707573166,-0.08267830192789556,0.07933896593940583
1789203266.0861504,0.8315214075893029,4.625038325050263,2.0185596015530636,-0.08268973906742796,0.07918239349517468
1789203266.0905662,0.8315513983366103,4.627050887079556,2.0186192666963323,-0.08275628795351213,0.0790687537858407
1789203266.0966141,0.8316052817649039,4.630065748806981,2.0186984239209935,-0.0828223047080489,0.07888974313952953
1789203266.100024,0.8316380743038587,4.632073692915691,2.018740278182112,-0.08284100992222043,0.07874425542090577
1789203266.1058965,0.8316770658657023,4.635083037921078,2.0188062507233804,-0.08298136852327187,0.07854218807997253
1789203266.1102543,0.8316992455727835,4.637087031190058,2.0188584478864997,-0.08313030607374738,0.07837373466373644
1789203266.1162798,0.8317516814936236,4.640089026025609,2.0189194103385946,-0.08324610238869982,0.07820208709369027
1789203266.1199498,0.8317920519693207,4.642087586520535,2.018961060700788,-0.08321409977382913,0.07809411078404002
1789203266.1263363,0.8318441986845256,4.645083846768454,2.019029886775456,-0.08321316075460078,0.07801303458187393
1789203266.1299617,0.8318700152804106,4.64708160680516,2.019062183584425,-0.08334262750368976,0.07786587959736145
1789203266.1358948,0.8319157109886133,4.650073394237884,2.0190959811444493,-0.08350300986133455,0.07761449184452825
1789203266.140482,0.8319480153646578,4.652063782528801,2.0191237659420853,-0.08357141480866219,0.07750361152258813
1789203266.1462426,0.8319920124369997,4.655044949021005,2.0191789818500663,-0.0836417756920701,0.07750293051261643
1789203266.149862,0.8320173409539111,4.657031046246909,2.019223909606767,-0.08373955345622931,0.07754104572937708
1789203266.1557949,0.8320646567853437,4.6600072160302535,2.01928482486558,-0.08382846742840672,0.07762908987700073
1789203266.1605053,0.832103826941578,4.661989932399703,2.0193091770671727,-0.08375544901795674,0.07764946392323223
1789203266.1663134,0.8321473775944432,4.66496442398466,2.0193398189696,-0.08382727436319634,0.07754069160978595
1789203266.1701024,0.8321725376926817,4.6669465054510795,2.0193578890555446,-0.08397949138972527,0.0775085672258734
1789203266.1763275,0.8322222926705203,4.669914919025756,2.019379566335467,-0.08408797196591035,0.07732190160253846
1789203266.180018,0.8322534058989849,4.67189103927877,2.0194056094950965,-0.08411722179814012,0.07720394022749863
1789203266.1864636,0.8322900314472254,4.674854401251023,2.019450378208939,-0.08421796889024366,0.07706372400349301
1789203266.1897366,0.8323192858086902,4.676828737812815,2.0194721093386123,-0.08434337109723815,0.07692807168822605
1789203266.1956828,0.8323697756599246,4.67978580557817,2.0195082534814985,-0.0843579942445599,0.07688030123717685
1789203266.2001367,0.8324023137783004,4.681754775933364,2.019536106049436,-0.0843467226441333,0.07686155890555911
1789203266.205783,0.8324390145835232,4.6847081172255,2.019547134851736,-0.08446388661279014,0.07688239965765117
1789203266.210516,0.8324617272008039,4.686675703456958,2.0195495784064126,-0.08456983890596069,0.07674461819195628
1789203266.216222,0.8325095208364575,4.689620427720802,2.0195459895766996,-0.08464604843137298,0.07659995675778795
1789203266.2198026,0.832543506225342,4.691580485671751,2.019546330671303,-0.08463551717082958,0.0766102781414645
1789203266.2255723,0.8325852727133655,4.694520959775482,2.0195430888992054,-0.08473402109791614,0.07667203855899986
1789203266.2302446,0.8326119954482862,4.696479829172131,2.0195381641368346,-0.08487993328991823,0.07665999144352963
1789203266.2359726,0.8326644093843826,4.699413116690679,2.0195210085266333,-0.08496654397385837,0.0765410855102178
1789203266.2404182,0.8326929638585131,4.701366352899035,2.019509953449991,-0.08501592155857972,0.07644660932183753
1789203266.2463362,0.8327270663894719,4.704296216653677,2.019477402359786,-0.08518510488353767,0.07640054081476931
1789203266.2496896,0.8327498911817165,4.7062475897700695,2.0194511791227465,-0.08531931152233077,0.07631485305568463
1789203266.2559204,0.8327862260033315,4.709171056466357,2.0194178374953173,-0.08538393302708787,0.07630998708351329
1789203266.2604437,0.8328087982002657,4.711118088971571,2.0194011904507057,-0.08544624833938397,0.0763609122273106
1789203266.2662394,0.8328479745697248,4.714037983447942,2.01935432283499,-0.08548924680023383,0.07627618712439056
1789203266.2698984,0.8328720039548229,4.715982772815679,2.019324995448991,-0.0855599490132325,0.07610471772905011
1789203266.2757607,0.8329209988472317,4.718895575331785,2.0192769534433705,-0.08555757711420793,0.07598540302954108
1789203266.2803524,0.8329457013139637,4.720836099105208,2.0192374404842623,-0.08558219188900489,0.07602725820525072
1789203266.2865574,0.8329729233463757,4.723748247072277,2.019174976260998,-0.08574763540535067,0.07616773368459866
1789203266.2901511,0.8329940620483057,4.7256878950031656,2.019124486832336,-0.08590792765479897,0.07618602957952178
1789203266.2960212,0.8330323473780556,4.72859345621054,2.019046999716295,-0.08603012663435967,0.07610419020354049
1789203266.2996187,0.8330533994782968,4.7305288285910985,2.01900612842844,-0.08613577562067463,0.07607826601426922
1789203266.3066127,0.833081291773906,4.73343284277502,2.0189317410884793,-0.08630554835148233,0.076028425342074
1789203266.3101273,0.8331039296593363,4.735366640619773,2.01888319762158,-0.08639214103686421,0.07600828051642976
1789203266.3163118,0.8331444280492304,4.738263673062731,2.0188079248862887,-0.0864353415181905,0.07595820185752525
1789203266.3201995,0.8331634962301014,4.740193796817059,2.0187476633559376,-0.08648820252391452,0.07593608426478882
1789203266.3265533,0.8331801509778229,4.743090395432511,2.0186427838576693,-0.08667322338788755,0.07588803274636213
1789203266.3300412,0.8331970709473291,4.745019294663273,2.0185623638321126,-0.08683127079896232,0.07579249710001655
1789203266.3363883,0.8332316926447341,4.747907726994852,2.0184335657293526,-0.08688446502083125,0.07569126082026753
1789203266.3397672,0.8332514123162783,4.749830917695931,2.0183551405682154,-0.08692212751257015,0.07561586692095329
1789203266.3457265,0.8332752011992764,4.752713804861376,2.0182490870241705,-0.08699989678108352,0.07557237281813761
1789203266.3504174,0.8332898202051052,4.7546331512344,2.0181885226040857,-0.08705300801159487,0.07559059266489532
1789203266.356488,0.8333146946531326,4.757510329293582,2.0180766652586635,-0.08711925408781,0.07547811032550768
1789203266.3601377,0.8333372051480231,4.759427788659576,2.017987717622309,-0.08711832690617538,0.07526112000603132
1789203266.366209,0.833361769747628,4.762305366698688,2.0178512847168095,-0.08718272197337514,0.07509947362283785
1789203266.3697393,0.8333756103297228,4.764222384601567,2.017770903714865,-0.08726428773737553,0.07500350277724943
1789203266.3755472,0.8333911106721742,4.767095521702548,2.0176712689303877,-0.08740062227613421,0.07491917556160944
1789203266.3801637,0.8333952792493267,4.769011006746026,2.017614888247952,-0.0874979294583112,0.07489826856023227
1789203266.3863335,0.8333916676502351,4.771887554287017,2.0175215319321387,-0.08778402291213383,0.07475610837904763
1789203266.390633,0.8334054917832847,4.773802951369702,2.017445281258907,-0.08780740966240716,0.07460639966265281
1789203266.3965487,0.833420976358736,4.77667318775421,2.017350014214237,-0.08780180578438984,0.07433057855272043
1789203266.3998113,0.8334288402158492,4.77858495873119,2.0172937317597475,-0.08785192463958365,0.07422203052267132
1789203266.4066715,0.833430136966178,4.781452449480496,2.017197488467165,-0.0880403252284979,0.07423286975538852
1789203266.4100015,0.833430632230826,4.783361321474685,2.0171428217140863,-0.08818126564981132,0.07433759611928004
1789203266.4156528,0.833430277208905,4.786225930930855,2.017041990034789,-0.08842994064989108,0.07445588256485264
1789203266.420221,0.8334400855865997,4.788137167918627,2.016959727750009,-0.08849387831983782,0.07429200462632318
1789203266.4262986,0.8334544078909142,4.791004569556628,2.0168534765888264,-0.08856361689295741,0.07408491461111393
1789203266.4297316,0.8334613808054698,4.792914550461253,2.016800128076029,-0.08864080112900229,0.07398087336072821
1789203266.4366035,0.8334677395143156,4.795778127562589,2.0167420521608546,-0.08878296211363772,0.07386784404786838
1789203266.440027,0.8334680156705676,4.797687424052382,2.0167099757070908,-0.0888812536386904,0.0738191644953889
1789203266.4461699,0.8334693459906403,4.800553760841115,2.01662199371707,-0.08906149784855028,0.07372589863904375
1789203266.4507298,0.8334751565949688,4.802461761756819,2.0165668566046726,-0.08911164680921284,0.0736685198627503
1789203266.4564526,0.8334790952793171,4.805321528625051,2.016502441228589,-0.08920887552137244,0.07361852825977123
1789203266.4598567,0.8334823230529143,4.8072287603877,2.016448739267671,-0.08928249523134878,0.07355115151325793
1789203266.4656901,0.8334851858936854,4.810089545507061,2.016377884309771,-0.08938526520786762,0.07324610574050539
1789203266.470148,0.8334845273413075,4.811994038743556,2.0163471629371097,-0.08947101675364642,0.07311646334952387
1789203266.4760437,0.8334883853061694,4.814848587109248,2.016312994635246,-0.08956934970734638,0.07303099947078733
1789203266.4804974,0.8334873907272785,4.816753745210011,2.016287036912243,-0.08965860500011409,0.07298113800914574
1789203266.4864028,0.8334873605959106,4.819611707401483,2.016220610092151,-0.0897713436754788,0.07282794883643551
1789203266.4897218,0.8334858253716798,4.8215145913516375,2.0161892097329526,-0.08984920408220305,0.0727437942381735
1789203266.496527,0.833480277337918,4.824367496500478,2.0161631418116457,-0.08997422296844773,0.0726900109710722
1789203266.4998505,0.8334740712494945,4.826271878483647,2.016144364503639,-0.09009480482259025,0.07264276756546027
1789203266.505569,0.8334837898419344,4.829127539971957,2.0161024711422817,-0.09012348718032134,0.07245891737437746
1789203266.5100248,0.8334880854483888,4.831028867334057,2.0160909849159783,-0.09014701372134473,0.0723398439220196
1789203266.5160463,0.833491633298084,4.833879436084165,2.016094155435727,-0.0902187079590876,0.07223066576395108
1789203266.5196488,0.8334844376911437,4.835782289639334,2.0160886488943675,-0.09031663195135946,0.07215781199540094
1789203266.525877,0.8334780041698716,4.838634884109307,2.016067161925284,-0.09056708318565075,0.07196100570858259
1789203266.5304253,0.8334750961854701,4.840533627598408,2.0160622675507107,-0.09071347060550415,0.07183763937688561
1789203266.5364263,0.8334705260259783,4.843380079494013,2.0160696493968993,-0.09087141621816447,0.071774091207431
1789203266.5398579,0.8334676053547264,4.845280463706625,2.0160775367601165,-0.09098223276621305,0.07175542056342532
1789203266.5458698,0.8334829894125081,4.848130831333343,2.016075686303234,-0.09096232194372018,0.0716666687370109
1789203266.550691,0.8334916581289152,4.850029109176683,2.016090316188256,-0.09093509731073408,0.07161835313807292
1789203266.5559573,0.8334961470865155,4.852877922745084,2.016121235648507,-0.09097037296475,0.07157687843245394
1789203266.5602539,0.8334907274024531,4.854779015881207,2.0161274154437487,-0.09111986741311408,0.0714948983170111
1789203266.5663154,0.8334950536199361,4.857626904627283,2.016127524297569,-0.09127285953331275,0.07128130985612918
1789203266.569972,0.8334959060600934,4.859522381739095,2.0161387834039997,-0.09136835712158778,0.07113211253022948
1789203266.5756807,0.8335007112668809,4.862364641325676,2.016159996192318,-0.09151282133233431,0.07098305686715671
1789203266.5804057,0.8335035807431038,4.864262511146151,2.016166322721211,-0.0915737038573879,0.07088479465216552
1789203266.5864325,0.833512029048719,4.867109434585111,2.016186662149292,-0.09168592129461064,0.07077517043265116
1789203266.5897465,0.8335184211735055,4.869005187082213,2.016212554199256,-0.09174096938598024,0.07069468376424465
1789203266.5956628,0.8335236796448913,4.87184892630701,2.016259638700141,-0.09188671444636662,0.07066917466266047
1789203266.600038,0.8335283432559921,4.873746252450541,2.0162759971361304,-0.0919815131430441,0.07064180082876928
1789203266.605709,0.833534404975834,4.876595026952054,2.016288995909309,-0.09210974305941216,0.07048626033518512
1789203266.6101782,0.8335358204013714,4.878491708645491,2.016312425828131,-0.09218021212063153,0.07041765051807755
1789203266.616235,0.8335402195498988,4.881336124240713,2.0163587400496983,-0.09228228089535555,0.07038240267388991
1789203266.6197832,0.8335550095064068,4.883233431924427,2.0163794730544775,-0.0922302358107478,0.07032956248085899
1789203266.6266384,0.8335806983482807,4.886079756462324,2.0164198246256726,-0.09212525371142187,0.07018081462554991
1789203266.6299648,0.8335949964435574,4.887976614092546,2.0164579423950664,-0.09208343998670257,0.0701115054854163
1789203266.6358366,0.833605562061815,4.890825719329915,2.0165013934081766,-0.09219850809886435,0.06994197745809878
1789203266.640273,0.8336180362013164,4.892727716445567,2.0165231291346575,-0.09226337813718152,0.06991232312185813
1789203266.645959,0.8336404284338581,4.895581522609059,2.016556376825093,-0.09235625124844414,0.06989969699213522
1789203266.650885,0.8336614951183038,4.8974821520293155,2.016578693677906,-0.0923522883509004,0.06979902483741861
1789203266.6565347,0.8336853472627815,4.900333682560698,2.016627519664481,-0.09239430431062315,0.06969678927140377
1789203266.6599844,0.8336949645466486,4.902237565451689,2.0166545878683086,-0.09250989577356286,0.06958867500201713
1789203266.666084,0.833710135200071,4.905094147875471,2.016701102602511,-0.09273075271873799,0.06945671237850881
1789203266.6704445,0.8337245740851342,4.906997077890458,2.0167361538098834,-0.09285037076275715,0.06940756380517979
1789203266.6762195,0.8337406387965908,4.909852603116172,2.0167740178492686,-0.09304759234680778,0.06944167356125165
1789203266.6796236,0.8337573455761932,4.9117586738126695,2.0167886856711945,-0.09309613252462713,0.06942872005326055
1789203266.6867936,0.8337810733186676,4.914621321525334,2.0167937575834913,-0.09320600311254303,0.06929463887194058
1789203266.6901455,0.8337980752784538,4.916527438487178,2.0168054168359175,-0.09321233488423947,0.0691312086081943
1789203266.6958249,0.8338373809873186,4.919379322066011,2.0168421986798717,-0.09323021252197607,0.0689723869938344
1789203266.700496,0.8339455157177007,4.921250949105963,2.0168811123512174,-0.0929660298534259,0.06913856568363053
1789203266.7064655,0.8342467178495461,4.924002933588431,2.016963213707164,-0.09179184110155497,0.0700218248659928
1789203266.7098114,0.8345303558632139,4.925799660098405,2.017039455636368,-0.09075041699333085,0.07101582501396075
1789203266.715772,0.8350716863853175,4.928435066667881,2.017184775699497,-0.08890601120832246,0.07309343796232455
1789203266.72033,0.8355108352876768,4.930149222946991,2.0172960219209495,-0.08750299049548774,0.07484300932610297
1789203266.7262175,0.8362715189469654,4.932662426826909,2.0174870895730073,-0.08514724366748827,0.07795929768059429
1789203266.7295601,0.8368394853927952,4.934301312939514,2.0176217796239464,-0.08354272867277157,0.08027843745359897
1789203266.73645,0.8377811588205611,4.936706679626914,2.017838857619006,-0.0810457848783439,0.08403690474166393
1789203266.7397437,0.8384651657722053,4.938276259977137,2.017989115721568,-0.079231345217591,0.0867067932009455
1789203266.745726,0.8395656342958168,4.940583520471205,2.018221011981409,-0.0764105343114895,0.0908624114828548
1789203266.7501225,0.840345259558613,4.9420888550984055,2.0183773089453965,-0.07448944377444557,0.09368493242730452
1789203266.755857,0.8415784499923984,4.944296952807759,2.0186094124467227,-0.0715681164863189,0.0979233663235175
1789203266.7604032,0.8424395243000795,4.945736341824005,2.018759665703186,-0.06956990896433594,0.10071133916114827
1789203266.7660623,0.8437846208827492,4.947848290727952,2.018973729875217,-0.06646709914308345,0.1047628513627162
1789203266.769554,0.8447139161310592,4.949226006132881,2.0191060261566545,-0.06432828785693395,0.10733643778690477
1789203266.7761796,0.8461521599736337,4.951249058207303,2.019283219424966,-0.06104150936078969,0.11095237976491416
1789203266.779702,0.8471372999721741,4.952569838955692,2.019381589185775,-0.05883654374261747,0.11313317726752443
1789203266.7855566,0.8486572143861192,4.954508640246786,2.0194949243821982,-0.05547499079710813,0.1160737270757937
1789203266.7900789,0.8496940764755614,4.955774639924219,2.0195486112964485,-0.05319844336275691,0.11780615118230137
1789203266.7957478,0.8512788682873295,4.957635097317368,2.0195939358053017,-0.049792169004170085,0.1200099231973682
1789203266.8002,0.8523535411847176,4.958849490425785,2.019601084268016,-0.047542036238952666,0.12118988038926969
1789203266.8059711,0.8539906166958773,4.960631420844389,2.019579217829723,-0.04415493368998758,0.12259809010422983
1789203266.809509,0.8550972162495175,4.9617930183961825,2.0195419946721733,-0.041905520372522535,0.12327571493929623
1789203266.8170874,0.8567750439139397,4.963495437635525,2.019451761374076,-0.03853492914830793,0.12392720638553514
1789203266.8204324,0.8579037067335983,4.964602575567086,2.019368580774908,-0.03629536689075859,0.12412065114449847
1789203266.826485,0.8596109010815421,4.9662210373281,2.0192103305886633,-0.03295223380892328,0.12405128741086871
1789203266.8299465,0.8607577490708372,4.967271388086906,2.0190834158197632,-0.030714651623888124,0.12379474729923871
1789203266.8359714,0.862488791107522,4.968800991811502,2.018860779483753,-0.027346976579775244,0.12311778098310264
1789203266.8404486,0.8636478870498443,4.969788060650964,2.0186913367044403,-0.025116104028682522,0.12247067911420983
1789203266.8466706,0.8653918829190824,4.971218377417022,2.01840863868931,-0.02176964172963133,0.12127729858625516
1789203266.8503988,0.8665572502458321,4.9721375915471695,2.0182025205894383,-0.019571817374903593,0.12032888938127717
1789203266.8565207,0.8683086107564083,4.973463619177743,2.0178727018732943,-0.016339428680885275,0.11875960338660878
1789203266.859965,0.8694775522468778,4.9743114925608465,2.0176412870689058,-0.014242580362870513,0.11764117845622775
1789203266.866551,0.8712170092562993,4.975533478207732,2.017314271874617,-0.011279612151509603,0.11605372084658662
1789203266.8700752,0.8723638076069025,4.976313819464836,2.017114158185229,-0.009482421758281623,0.11520433646663497
1789203266.876068,0.8740610567867455,4.977430191633113,2.0168392875752685,-0.006993345445351529,0.1142260383128024
1789203266.8796768,0.8751756127521084,4.9781378123277795,2.016674172792761,-0.005445227864960778,0.11376497377086152
1789203266.8860674,0.8768176495535833,4.979144131449751,2.0164528801422428,-0.003249612521446959,0.11335635579304518
1789203266.8906267,0.8778903878110037,4.979778912014988,2.0163224390746834,-0.001868609583693159,0.11324699083366392
1789203266.896526,0.8794620936376579,4.98067641659825,2.016150467310295,9.105354450664456e-05,0.11329759102060728
1789203266.9001896,0.8804840502974026,4.981238978018815,2.0160524438718235,0.0013431553113106966,0.11346426273277015
1789203266.9059296,0.8819731865615507,4.982029065590968,2.0159290277731023,0.0031564445726309817,0.11389330233953307
1789203266.9105966,0.882934732913872,4.982520394860921,2.0158621867530826,0.004305739048775137,0.11427942392406958
1789203266.9164493,0.8843286275763441,4.983205496887726,2.0157843200204884,0.005939638419666108,0.11498408621747762
1789203266.9201207,0.8852252714988329,4.983628356223201,2.0157467089679537,0.006936854915543613,0.1155216058688229
1789203266.9259043,0.8865204700212289,4.984213201124446,2.0157108267626334,0.00824518011667312,0.11640236219756503
1789203266.9306772,0.8873500685145644,4.984570998764039,2.0157001935755723,0.009010902896881745,0.11702523692334933
1789203266.9364493,0.8885428883825462,4.985058654645149,2.0157032993922908,0.010036113725924545,0.11799620398376315
1789203266.9396794,0.8893036218518291,4.985352040115201,2.0157170402626106,0.010662372411810476,0.11865308143434698
1789203266.9466238,0.890393587898188,4.985746258225673,2.015754183170983,0.011574703712969323,0.11961133245931622
1789203266.9499047,0.8910860556968394,4.985977566950365,2.0157893820577137,0.012185541885285745,0.12022675190845894
1789203266.955705,0.8920731605512033,4.986277705716574,2.0158556762934365,0.013113381431518125,0.12109996369552326
1789203266.9600782,0.8926968050005896,4.986446981063775,2.015907833943799,0.013736451102511324,0.12163723344112105
1789203266.9659538,0.8935804430012103,4.986655479243184,2.015996628422492,0.014661262552865954,0.12235895486526771
1789203266.9706423,0.8941349583826514,4.9867646646588355,2.016062295474678,0.015262137833096967,0.12277766014959586
1789203266.9763126,0.8949148625261019,4.986884521363716,2.0161697471213746,0.0161246616800359,0.12330448698111353
1789203266.9795845,0.8954002373999038,4.9869356055852165,2.0162469925292243,0.016665692401543364,0.12358528689707352
1789203266.9868944,0.8960765207672243,4.9869697725120234,2.0163707521530405,0.01741443297845001,0.12389782446396964
1789203266.9899735,0.8964929545635087,4.986964620432311,2.0164583133668574,0.017866494018091608,0.12403300604124655
1789203266.9955866,0.8970663709767462,4.986916126077378,2.016596031997365,0.018468157413723863,0.12412593912268317
1789203267.000091,0.8974151844968942,4.986857576779172,2.0166905677337255,0.018825157800069464,0.12411561334565212
1789203267.0058317,0.897888600257743,4.9867311019723575,2.0168355071368262,0.019297356574985526,0.12399102145293377
1789203267.0101812,0.8981711598586349,4.986621287200633,2.0169339188071644,0.019567366723022776,0.12383589295214242
1789203267.0158918,0.8985458988600601,4.986418477324949,2.017083348151283,0.0198999340658906,0.12350358551207213
1789203267.0202465,0.898763684747551,4.986257788513954,2.017182783043778,0.020079457201431502,0.12322344458036782
1789203267.0257702,0.8990434495994791,4.985978477427994,2.017329526651949,0.02029806031849594,0.12272704788298851
1789203267.0302622,0.8991992891178604,4.985766891866612,2.017425283046528,0.020413580945842405,0.12234960303351815
1789203267.0356486,0.8993882943756968,4.985412157797555,2.017567413436348,0.02054481183478886,0.12171135644164846
1789203267.0401077,0.8994852181333958,4.985151127395822,2.0176620825880067,0.020606377309180655,0.12123504063221602
1789203267.0457826,0.8995880176826544,4.984723038435642,2.0178044737129865,0.02065959166690786,0.12044219257401172
1789203267.0503824,0.8996286889609877,4.984413331271855,2.0178992598001355,0.020664571194195538,0.11986270005763387
1789203267.0562572,0.8996490158855712,4.983912322800043,2.018040580153187,0.020618867370836666,0.11891959556932517
1789203267.0603638,0.899636144909431,4.9835540747735925,2.0181337797052095,0.020551154322494596,0.11824254256123205
1789203267.0659423,0.8995782642133157,4.982980373635283,2.0182713613851777,0.020385714985872147,0.11715498891664353
1789203267.0703654,0.8995145194637721,4.982573769124122,2.018361097174444,0.020225268234033693,0.11638194650302029
1789203267.075927,0.8993818056582628,4.981927585237112,2.0184920342798356,0.019901339280473232,0.11515036391739451
1789203267.080425,0.8992690068444749,4.981472480309993,2.0185763550461377,0.019628031796647214,0.11428168955927377
1789203267.086299,0.89906830254922,4.9807513676086295,2.018702877867719,0.01915119667242119,0.11293837650786315
1789203267.0898664,0.8989145606135904,4.980244520226347,2.018787852198184,0.01880235204115126,0.11204172933994398
1789203267.0965714,0.8986549045193823,4.9794459318323865,2.018917546332471,0.01823092494329295,0.11070401259028582
1789203267.1000118,0.8984632028564795,4.9788881154181235,2.0190057218283965,0.01781379984963349,0.10982335129633225
1789203267.1058655,0.8981492366030814,4.9780132928096545,2.0191405408830025,0.01713266113423901,0.10851970384772622
1789203267.1102443,0.8979232090404372,4.977404774934012,2.0192320602154687,0.01664234440160581,0.1076613794714307
1789203267.1165533,0.8975604853446577,4.976454208126363,2.0193715995467483,0.015854891047964836,0.10638713683843426
1789203267.1199145,0.8973036852003602,4.975795423777105,2.0194659861693895,0.015296830176138648,0.10554415715595064
1789203267.1256576,0.8968980481687896,4.974770266229494,2.019609328219825,0.014415008072806464,0.10428431760025257
1789203267.130258,0.8966147275421882,4.974062291195464,2.019705839324167,0.013799149210946663,0.1034443566184982
1789203267.1356204,0.8961721619534275,4.972964042458879,2.019851615853072,0.012838139997529438,0.10217723893102938
1789203267.139952,0.8958663235940061,4.972207923524561,2.0199492341574703,0.012175045451499587,0.10132405842499985
1789203267.145852,0.8953929651330473,4.97103821867109,2.0200958924952417,0.011150889434185468,0.10002551607639465
1789203267.1502714,0.8950674185966975,4.970235457040764,2.0201908476217225,0.010459252208865883,0.0991297766643332
1789203267.1559763,0.8945671277098952,4.968996340813485,2.0203333134005197,0.009419997971658024,0.09774256416352439
1789203267.1597068,0.8942263918848341,4.968147171580224,2.020427918940528,0.008726924348313122,0.09679858984231432
1789203267.1663046,0.8937059229227664,4.966839146156522,2.020568914274375,0.00770864553863089,0.09534988535649577
1789203267.1699405,0.8933533427053401,4.9659443757248525,2.0206620476639268,0.007051903290128091,0.09436013374709823
1789203267.1755397,0.8928175803539438,4.964568670029378,2.0207998517455854,0.006106854969443135,0.0928333271134798
1789203267.18055,0.8924557602929524,4.9636295544952125,2.020888107142391,0.005505204924765545,0.09178414845623074
1789203267.1864548,0.8919077700343554,4.962187916020615,2.02101638588763,0.004665961432711069,0.09011541301236069
1789203267.1898293,0.8915403778768412,4.961204734531387,2.021100704090036,0.004137074873179293,0.08898021812843696
1789203267.1968803,0.8909876736305382,4.959697201837962,2.021224814947767,0.003380192376555313,0.08723943771982488
1789203267.2000246,0.8906188976895895,4.958670593459844,2.0213055995990503,0.0028969058788524443,0.08605131185964959
1789203267.2059872,0.8900665300371978,4.957098721069193,2.021423202271203,0.0021978193494907143,0.08422277625068579
1789203267.2107236,0.8896995243323012,4.956029726122746,2.0214988785929116,0.0017459777476847447,0.08297068449305765
1789203267.2161133,0.8891520525379731,4.9543949782433785,2.021607760949269,0.001085441811837517,0.08104036629489433
1789203267.2199693,0.8887899393769974,4.9532845919936355,2.021677396567616,0.00065477142547972,0.07971776055354862
1789203267.2267783,0.8882531361473535,4.951589139892364,2.0217791740993265,4.44607375088327e-05,0.0777058126920493
1789203267.2300687,0.887899923052007,4.950439126324322,2.0218446321544343,-0.0003405496354706853,0.07634552973286857
1789203267.235672,0.8873782352151472,4.948685286448971,2.0219382931741947,-0.0008953285455573534,0.07426934512621433
1789203267.240056,0.8870363692101813,4.947497106286277,2.0219972378826023,-0.0012541764506253691,0.07285826214559235
1789203267.2459128,0.8865333993319632,4.945686892403901,2.022079700401302,-0.0017805470729120837,0.07069770693650168
1789203267.2505212,0.8862052730012355,4.944461665430795,2.0221305252321375,-0.0021236466376649376,0.06922872766300316
1789203267.2563932,0.8857257077945404,4.9425963766555165,2.022197710110124,-0.002623263341061669,0.06698813149981428
1789203267.2599318,0.8854154731080365,4.941334527062399,2.022235565262877,-0.002909491575914063,0.06544331878356888
1789203267.2656076,0.8849615466005907,4.939414699697558,2.0222771804078628,-0.003332259328639681,0.06306176045703248
1789203267.2703161,0.8846683862420227,4.938117045573376,2.0223012639578064,-0.00360692672056645,0.061452469257295875
1789203267.276299,0.8842430621281984,4.936145009031349,2.0223323172953798,-0.004021092515460821,0.05903888992249931
1789203267.2796445,0.8839695463460314,4.934813533805033,2.0223494355413125,-0.004296224473939358,0.05743322968200326
1789203267.2862654,0.8835749296945922,4.932791619654538,2.022369323823334,-0.004700768525864048,0.05503204653821371
1789203267.2897027,0.8833225652017213,4.931427400058863,2.0223784011779515,-0.00496136180495981,0.0534364747573313
1789203267.2964578,0.8829605605970158,4.929357185043128,2.022385120208238,-0.005333930882166027,0.05104985895591988
1789203267.2999346,0.8827304574277722,4.927961350524176,2.022384633028822,-0.005567042138526633,0.04946279248717662
1789203267.3056576,0.8824025362239553,4.925844754841387,2.022375723797583,-0.005890425492066571,0.047086251608961176
1789203267.3102882,0.8821955967993296,4.924418888570373,2.022363874605249,-0.006086780186664606,0.04550319302359176
1789203267.316024,0.8819031595280294,4.922258622249008,2.022336496805263,-0.006349867237163147,0.04312792769886996
1789203267.320559,0.8817208036607193,4.920804487498264,2.022311470325411,-0.006502439333367424,0.041542877413829164
1789203267.326407,0.8814664102658298,4.9186029825299,2.022263047444218,-0.006695416454826394,0.03916085413984622
1789203267.3299007,0.88130961050248,4.917122139772834,2.0222230881154712,-0.006799937581696271,0.03756856096025722
1789203267.3365438,0.8810953665854533,4.9148832314594175,2.0221493793952563,-0.006911406405559912,0.035179196508695235
1789203267.340189,0.8809671028965669,4.913379435503381,2.0220898330091384,-0.006915578326192652,0.03354443003952962
1789203267.3460886,0.880795589434295,4.91110700972673,2.0219900411751475,-0.006887430668513671,0.031110597734203695
1789203267.3496497,0.8806948760576851,4.909581262085199,2.021916111412952,-0.006847655437424496,0.029495259273565895
1789203267.3556147,0.8805636328252964,4.9072769208793146,2.0217938008822065,-0.0067595014055633305,0.027079921227426685
1789203267.3601582,0.8804888691601953,4.905730474346594,2.0217047009618643,-0.006679904898438813,0.02547060279478485
1789203267.3659377,0.880395131313951,4.90339599395943,2.0215596913426626,-0.006523582085608885,0.023051879748630367
1789203267.3695247,0.8803445710195881,4.9018300512716495,2.0214553458182687,-0.006393016940278136,0.02143317809970007
1789203267.3765645,0.8802852053020795,4.899468251335641,2.021288769646635,-0.006156018702097694,0.018997117213202127
1789203267.380766,0.8802560720423187,4.897885719644472,2.021171320595688,-0.005970580747384813,0.017370421551679782
1789203267.3864455,0.8802265646043109,4.895502130105684,2.0209868355663008,-0.00565573903823777,0.014910565293093956
1789203267.3899884,0.8802161198072502,4.893906969210002,2.020857821895894,-0.005422374338437633,0.013255422947093826
1789203267.3955884,0.8802139423870626,4.891505796638193,2.020654426942872,-0.005039773484255779,0.010750397226043288
1789203267.4001362,0.8802213320110162,4.889899808205508,2.020511771173419,-0.004769212997142946,0.009066193929142903
1789203267.405873,0.8802453980934527,4.887483689558639,2.0202863870292678,-0.004350287345334618,0.0065202207792235236
1789203267.4104776,0.880269890889896,4.885868559819612,2.0201280650822557,-0.004065703627324314,0.004810873871119859
1789203267.4163456,0.8803186779539911,4.883439573175725,2.019877336917686,-0.0036254271115875687,0.0022318743498074478
1789203267.4197106,0.8803587701646634,4.881816508043463,2.0197005136946418,-0.0033202196333072514,0.000506483133225755
1789203267.4258933,0.8804297329072885,4.879376983519849,2.01942001410682,-0.0028426958805534306,-0.0020854463490958108
1789203267.4302497,0.8804839733860439,4.877748559879024,2.019223582758726,-0.002509926386107603,-0.003806822280248218
1789203267.4360228,0.8805749764027311,4.875303945586714,2.0189146143035908,-0.001989658678311918,-0.006370328496319052
1789203267.4404202,0.8806419192915903,4.873674021032066,2.0186995030691666,-0.00162745791283746,-0.008071380516717488
1789203267.4464087,0.8807511434664633,4.8712297893378285,2.0183626284361127,-0.001061498307393284,-0.010614539258125342
1789203267.4513502,0.8808294749674751,4.869601109933817,2.018128174092537,-0.000670188092633485,-0.012303712908412888
1789203267.455757,0.880954478969742,4.867160150314415,2.0177614590490975,-6.38867248272098e-05,-0.014827431952153912
1789203267.4603026,0.8810418831587801,4.86553547945408,2.017508032911064,0.00035136148185017425,-0.01649631342834183
1789203267.4662027,0.8811782820683554,4.8631034962072865,2.0171145334060463,0.0009886157363183444,-0.018973123565018908
1789203267.4704695,0.8812723606780759,4.861485974198597,2.016843123375869,0.0014222632142202665,-0.020607505537047068
1789203267.4762797,0.881417564875649,4.859066105869922,2.0164221087007532,0.0020846593217732695,-0.023036135390484068
1789203267.4800622,0.8815168092218341,4.857457321669668,2.016132025490768,0.0025335975658057805,-0.02464132188046403
1789203267.4859421,0.881668714131588,4.855051719564913,2.0156827175275613,0.003216893865894646,-0.027030606021904668
1789203267.4902828,0.8817717050370625,4.853453315906328,2.0153736913862494,0.003678474712053443,-0.02861243196879446
1789203267.495884,0.8819281609685495,4.8510644689735765,2.014895992316039,0.004378500068092124,-0.030971186052156294
1789203267.5003138,0.8820334609658126,4.849478030374234,2.0145681520956757,0.004849643371741376,-0.032535596910077645
1789203267.5060184,0.8821923694011116,4.847107999796735,2.0140625191954835,0.005561926560589882,-0.03487198410698416
1789203267.5105124,0.8822986398357677,4.845534622141168,2.013716334947565,0.006039831918518798,-0.036423744234721264
1789203267.5163953,0.8824582091658663,4.843185073939436,2.013184091821045,0.006760118266083377,-0.03874410507901195
1789203267.5199819,0.8825650829069183,4.8416267551543966,2.012822122886541,0.0072429141204106776,-0.04028052455860575
1789203267.525886,0.8827259228604918,4.839301989228377,2.0122692301255807,0.00797073921928201,-0.042564320926032
1789203267.5304844,0.8828332607755107,4.837760816114744,2.011894209928169,0.008457828716947472,-0.04407402290603495
1789203267.536233,0.8829939623722075,4.835462437559919,2.011322375617515,0.009189707095324606,-0.04632187652679644
1789203267.5405724,0.8831005905513324,4.833939348770081,2.0109351502477972,0.009677703224185272,-0.047810859544403284
1789203267.5463552,0.8832581211086542,4.831670677572761,2.010349178771721,0.010398574449830136,-0.050022614726569714
1789203267.5496469,0.8833611061138387,4.830169577113038,2.0099559245557392,0.010858365943174264,-0.051475096148721936
1789203267.5564005,0.8835121959954776,4.827935225633413,2.0093622424388147,0.011514221116210427,-0.05362499845221642
1789203267.5597498,0.8836104528393631,4.826457372501223,2.0089639612923835,0.011929010483696543,-0.05504140041271156
1789203267.5654728,0.8837537566537458,4.824258491835807,2.008362847028928,0.012518857117939711,-0.05714469849223702
1789203267.5699193,0.8838463500477874,4.822804693349315,2.007959662834076,0.0128918454019268,-0.05853489529782832
1789203267.575576,0.8839804612536712,4.820642491402504,2.0073512733674623,0.013423892130744715,-0.06060557969615858
1789203267.5803933,0.8840658476778055,4.819214065984393,2.0069440632932394,0.013761411297789008,-0.06197926550860393
1789203267.5861702,0.8841869605856747,4.817091738810362,2.006331469555102,0.014239903686514762,-0.06403937648127453
1789203267.589472,0.8842628823324796,4.8156903788187835,2.0059218736085644,0.014542435399691418,-0.06541291953474557
1789203267.5962834,0.8843692531224578,4.813608700434039,2.0053057877417597,0.01497367290281263,-0.06747377965441859
1789203267.5996926,0.8844350164042271,4.812234520972848,2.004894030934482,0.015246719009319638,-0.06884838376123621
1789203267.606516,0.8845257855724147,4.810193671840034,2.0042750950835893,0.015635476823807604,-0.07091148633504517
1789203267.609786,0.8845812304335194,4.808846922674371,2.003862207442593,0.01588120120890663,-0.07228803597532099
1789203267.6156027,0.8846580296552443,4.806849501956541,2.0032455363941506,0.01624888548982097,-0.07433806116437157
1789203267.6200814,0.8847049942781525,4.805533136711314,2.0028363559191815,0.01649799965136043,-0.07569252432125949
1789203267.625673,0.8847691094054653,4.803581615140828,2.002225635181391,0.016877431157174952,-0.07770767826556979
1789203267.6302323,0.8848076456092281,4.802296022148609,2.001820558236608,0.017133223481498795,-0.07904132073462383
1789203267.6359806,0.8848582897073383,4.800392444201757,2.0012181857430926,0.017510173310992996,-0.08102290114774499
1789203267.6398222,0.8848869061384783,4.799140790637239,2.000820778819162,0.017743108440109727,-0.08232370833929313
1789203267.6458683,0.884922027303737,4.797289805631886,2.000230598008645,0.018065480988669346,-0.08424682037867774
1789203267.6503432,0.8849402106394074,4.796073734217927,1.9998409153943875,0.01826436497768432,-0.08551242297941189
1789203267.6565056,0.8849596055054876,4.794276699263668,1.9992617903757657,0.018541082637324298,-0.08739009420136644
1789203267.6600554,0.8849672671699466,4.7930969776739305,1.9988791840284417,0.018712400869968174,-0.08863041878096879
1789203267.6658843,0.8849709766396898,4.79135536568835,1.9983100269717886,0.01895244626887427,-0.09047661475372945
1789203267.6705875,0.8849684324441649,4.790213248518599,1.9979333145322575,0.019104874262639755,-0.09169753141296728
1789203267.6765518,0.8849573555545394,4.788528939226341,1.9973717536269024,0.019326718121352636,-0.09351315691853589
1789203267.6801682,0.8849452811313026,4.787425466254776,1.9969994731647114,0.019470845778705503,-0.09471261827480708
1789203267.6860263,0.8849204131018743,4.785799546997639,1.9964439071740616,0.0196766753449477,-0.09649460909667706
1789203267.6905954,0.8848994643125971,4.784735191983202,1.9960753551857116,0.019803699672389413,-0.09767078010953825
1789203267.696202,0.8848616820395618,4.783168087041034,1.9955252477922854,0.019975487266472403,-0.09941675177450043
1789203267.6996582,0.8848324057170655,4.782142941724391,1.9951604266917702,0.020076533722245098,-0.10056829289675098
1789203267.7066631,0.8847827749393095,4.7806344868979265,1.9946165003855347,0.0202084149072433,-0.10227768720789077
1789203267.7100604,0.8847451813818398,4.7796482162190195,1.9942575080518108,0.020281625829487802,-0.10340855963809388
1789203267.7173905,0.8846818664947618,4.77819800085411,1.9937257494325311,0.02035781641735705,-0.10510483055798975
1789203267.7206578,0.8846363946530506,4.777250720869455,1.9933768009927482,0.020393890419313238,-0.10623733245552058
1789203267.7265303,0.8845645851812679,4.775859597619447,1.9928627166132153,0.02043669678784197,-0.10793839778857918
1789203267.7299914,0.884515383955622,4.774953164925173,1.992527980569791,0.02045920457165359,-0.10905946557024994
1789203267.7358506,0.8844399428818133,4.773625304476734,1.9920378994336463,0.020484394582976472,-0.11070920801423699
1789203267.740397,0.8843886286025361,4.77276134382171,1.9917190629225066,0.02049529947821615,-0.11178556405954941
1789203267.7461936,0.8843101741702382,4.771497344672466,1.9912524219643744,0.020502594425293154,-0.11336251910898108
1789203267.749673,0.884256861291831,4.7706759523412146,1.9909490419864122,0.02050111963364697,-0.11438822251532187
1789203267.7566607,0.884175375085673,4.769475709781141,1.9905056098683824,0.020489165538395655,-0.11588866385259715
1789203267.7599268,0.8841200557763846,4.768696714163811,1.9902177701853399,0.02047476173473599,-0.11686395969818679
1789203267.7654767,0.884035649290736,4.767559775045427,1.9897976074438761,0.020443832853575518,-0.11829085995401577
1789203267.7700076,0.8839784645323169,4.766822725254746,1.9895251988248015,0.020417174619191944,-0.11921896623409325
1789203267.7757409,0.8838912351763375,4.765748735351743,1.989128504036631,0.020368538965254885,-0.12057771678902604
1789203267.7803216,0.8838315982933588,4.7650550654106185,1.9888733079060374,0.020330214522388628,-0.12145715157359421
1789203267.7861817,0.8837398849103071,4.764048601697956,1.9885046708762166,0.02026411383631528,-0.12273423143872522
1789203267.7904356,0.883677331935092,4.763400526090637,1.9882682247357404,0.02021426355658217,-0.1235596891292575
1789203267.796355,0.8835815704060062,4.7624630244480235,1.9879272739125384,0.020130593729104782,-0.12476288752112251
1789203267.7999468,0.8835165622736976,4.761861166460344,1.9877089719491297,0.020068946396010257,-0.12554344524809133
1789203267.805556,0.8834175394872165,4.76099313108196,1.9873947634822415,0.019968067701820243,-0.1266843898215014
1789203267.8099976,0.8833506802164933,4.760437582241115,1.987193972083585,0.019895614352288878,-0.1274261680165202
1789203267.8155234,0.8832494513664111,4.759638839189648,1.9869055545283896,0.01978010293370054,-0.1285117925059397
1789203267.8200524,0.8831815521557879,4.759129269588354,1.9867216500485703,0.0196991745525676,-0.12921792075202734
1789203267.8258593,0.8830794414824982,4.75839896676811,1.9864581461535777,0.019572867763644388,-0.1302509051263266
1789203267.8304992,0.8830113973228998,4.757934564126792,1.9862906448768747,0.019485804394002614,-0.13092200952499838
1789203267.836086,0.8829094194874434,4.757270625542973,1.9860519630902227,0.01935066526375814,-0.13190077960038976
1789203267.8395262,0.8828415288244796,4.756849195564617,1.9859014223294238,0.019256906013438525,-0.13253315266606985
1789203267.8462057,0.8827399316636023,4.756247964085173,1.985688737912675,0.019110077178987685,-0.13344960714630907
1789203267.849882,0.8826723418276604,4.755867777316915,1.9855560416791218,0.019007656596668383,-0.13403947446850692
1789203267.8556097,0.8825713011513806,4.755328405784225,1.9853707006148502,0.018845805522957955,-0.13489795780017885
1789203267.8601317,0.8825042916931876,4.754989167812016,1.985256246702325,0.0187330030467379,-0.13545202241762064
1789203267.8658593,0.882404522625377,4.7545102765316605,1.9850982525683718,0.018557143042424704,-0.1362542957327077
1789203267.870341,0.8823387213983895,4.754210472738127,1.985002201896628,0.018436021725145975,-0.13676849523459111
1789203267.876068,0.8822415297921891,4.7537891053799415,1.984872090093042,0.01824972155450958,-0.1375064421288595
1789203267.8795779,0.8821780335998279,4.753526674078357,1.9847944800462334,0.018123341393201892,-0.1379763203423207
1789203267.8862786,0.8820852167117823,4.753160190252724,1.9846913595958113,0.01793200990476469,-0.13864870231458953
1789203267.8897557,0.8820252295092016,4.752933739107271,1.9846312094035468,0.017804200890188682,-0.13907561002222435
1789203267.8964593,0.8819385232107896,4.752620484736208,1.9845533966607878,0.017613500553810085,-0.13968431804088835
1789203267.8999283,0.881883085696051,4.752429108462548,1.984509481108677,0.017488060553200575,-0.1400688317672481
1789203267.9055495,0.88180370853309,4.752168129330134,1.984454855012098,0.01730404833652601,-0.14061353963859358
1789203267.9099681,0.8817534204276428,4.752011436753747,1.984425592686002,0.017184822266054115,-0.14095514654300695
1789203267.9159782,0.8816821997560922,4.751802003529941,1.9843918436033372,0.017012293817243698,-0.14143328952207612
1789203267.9204462,0.8816376866273606,4.751679218963696,1.984375799108462,0.016902087406295938,-0.14172758283414047
1789203267.9263847,0.8815756421346035,4.751519892353594,1.9843609075070154,0.016744985482442465,-0.1421300303171945
1789203267.929901,0.8815375828122406,4.75142996922765,1.984356843364508,0.0166462973268984,-0.14237112873515578
1789203267.9358933,0.8814855789825928,4.751318904808001,1.984359161908509,0.016508080896266562,-0.14268922867749922
1789203267.940562,0.8814543166146726,4.751260103489978,1.9843656085631731,0.016422748882566115,-0.14287128261346319
1789203267.9463663,0.8814124125210476,4.751193160922536,1.9843810965906548,0.016305495749997744,-0.14309868714351964
1789203267.9498498,0.8813875955237791,4.7511616817302516,1.9843944262245985,0.01623431111650344,-0.1432201392030748
1789203267.9556878,0.8813545201012567,4.751132404128102,1.9844178666752834,0.016136927089279777,-0.14335871987156779
1789203267.9601405,0.8813348126281065,4.751123834011896,1.9844356794383757,0.016077475340900083,-0.1434249524304768
1789203267.9660203,0.8813077744443841,4.7511259315062295,1.9844658502415462,0.01599389652975228,-0.14349179433868778
1789203267.9696891,0.8812909555250652,4.751136682403672,1.9844883241462672,0.01594040867010506,-0.1435178344257649
1789203267.9767673,0.8812671149669612,4.751166300099894,1.9845256678462557,0.015861957781581688,-0.1435344491468262
1789203267.9802494,0.8812520190146332,4.751194826673589,1.984553079570261,0.0158105095052268,-0.1435326219195267
1789203267.9861798,0.8812303928206683,4.7512504471000385,1.9845980826159422,0.01573419123216644,-0.14351283957696054
1789203267.990445,0.881216576828825,4.751295875904537,1.9846307508569598,0.01568368166994896,-0.1434891188030342
1789203267.9962842,0.8811966668759281,4.751376170748712,1.9846839262442988,0.01560825218854364,-0.14343807636144126
1789203267.999695,0.8811838978251352,4.751437594843974,1.9847222469648045,0.015558024950620891,-0.14339368134323613
1789203268.0066695,0.8811654255643337,4.751541430140215,1.9847841142810503,0.015482482081837121,-0.1433112606597683
1789203268.0102262,0.881153492473198,4.751618611165122,1.9848282098633836,0.01543179678270223,-0.14324507443546886
1789203268.015749,0.8811361975010519,4.7517459766070855,1.9848987155575573,0.01535527393849542,-0.1431281039695607
1789203268.0201988,0.8811250814407483,4.751838410459207,1.9849487038281055,0.01530411124653279,-0.14303843729495233
1789203268.025719,0.8811090226097551,4.751988013920202,1.9850282739637102,0.015227254749470603,-0.1428865566362884
1789203268.0303268,0.8810987205913705,4.752094863256147,1.9850844204362486,0.015175907297898847,-0.14277381330288058
1789203268.0361323,0.8810838655032589,4.7522655169391035,1.985173325995028,0.015098612350616682,-0.1425874871586438
1789203268.0403306,0.881074359037812,4.752386060691536,1.9852357228989768,0.015046835938977161,-0.14245183958076132
1789203268.046219,0.8810606975390298,4.752576814198616,1.985333983644739,0.014968703415670014,-0.1422313066883508
1789203268.0506842,0.8810519933128189,4.752710491335606,1.9854025714826276,0.014916255555296853,-0.14207297646930803
1789203268.0570436,0.8810395543818806,4.752920590171908,1.9855099999661583,0.014836982925500923,-0.1418186776487101
1789203268.0603971,0.8810316825009744,4.753066952077385,1.985584594500917,0.014783711103662259,-0.1416380674520262
1789203268.0661395,0.8810205237862632,4.753295798050219,1.985700836033922,0.014703153441485149,-0.14135080899469332
1789203268.0695474,0.8810135271019816,4.753454504017399,1.985781164232499,0.014649021045871818,-0.1411486025051548
1789203268.0762627,0.8810037153172549,4.753701664302122,1.985905764811699,0.014567215818238975,-0.14082959513904514
1789203268.0798507,0.8809976759362405,4.753872406835704,1.9859915175710727,0.014512308002102863,-0.14060672043383562
1789203268.0855596,0.8809897191910151,4.754136963358566,1.9861241815168325,0.014431001916963067,-0.14025847516403298
1789203268.0900629,0.8809852545120953,4.754318828473881,1.9862152537297648,0.01437857418629342,-0.14001762181620167
1789203268.0959764,0.8809798554391867,4.754599708476613,1.9863556037302363,0.014302786824679628,-0.13964377340108125
1789203268.1004348,0.8809772138258475,4.754792068472785,1.986451353569521,0.014254139550748925,-0.1393863904147501
1789203268.1061924,0.880975886010687,4.755086164753428,1.986596348176825,0.014184684276224664,-0.13899475986554782
1789203268.1098313,0.8809769769592022,4.755285655427517,1.9866939669458157,0.014140748122381515,-0.13873119130069164
1789203268.115777,0.8809814328130607,4.755589692261763,1.9868421317848,0.014078922932692944,-0.13832945246613537
1789203268.1202981,0.8809861244216992,4.755795389398368,1.9869422023747556,0.014040602123996854,-0.13805611756496733
1789203268.1261716,0.8809954467661862,4.756108117535544,1.9870944139274016,0.01398734204853701,-0.13763632408603316
1789203268.130574,0.8810030153517405,4.756319208584602,1.9871973544985635,0.01395444063500491,-0.1373493280035954
1789203268.136242,0.8810161403497565,4.756639540522404,1.9873540346797343,0.013908534456878677,-0.13690756165658452
1789203268.1394966,0.881025906830982,4.756855368301414,1.9874600119546166,0.013879914383495602,-0.13660526111316365
1789203268.146252,0.8810418168598837,4.7571822689660745,1.987621250067131,0.01383936465967915,-0.13614000002458615
1789203268.1496003,0.8810531317989909,4.757402171661294,1.9877302324459585,0.013813593517126526,-0.13582190293033594
1789203268.1565301,0.8810709720132571,4.757734770393013,1.9878958645134424,0.013776363099760708,-0.13533312458126212
1789203268.1599226,0.8810833431306108,4.757958198698925,1.9880076573627627,0.013752253403255968,-0.13499969506942974
1789203268.1655571,0.8811024737653614,4.758295712402904,1.988177280111894,0.013716815460306196,-0.13448867422544458
1789203268.1698875,0.8811155383371615,4.75852221084422,1.9882915678424793,0.013693510064178682,-0.1341410870501751
1789203268.1755733,0.8811354944798188,4.758864049082506,1.9884646506972092,0.013658798987426187,-0.13361001686032115
1789203268.1800926,0.8811489837243431,4.759093258097472,1.9885810411650626,0.013635711742747813,-0.13324993848425945
1789203268.1857443,0.8811694179939513,4.75943894279327,1.988756964238865,0.013601005811262975,-0.13270155350800014
1789203268.1901734,0.8811831348630583,4.759670592350274,1.988875038416711,0.013577750833699552,-0.13233087214456093
1789203268.1960888,0.8812037847625995,4.760019747291166,1.9890531494652708,0.013542585302213273,-0.131768085080929
1789203268.2006133,0.8812175528446499,4.760253566397346,1.9891724385547345,0.013518893980143512,-0.13138884467653753
1789203268.2058175,0.8812381421019303,4.76060578676321,1.9893520223187677,0.013482875290318129,-0.13081475430892833
1789203268.2104537,0.8812517847332293,4.760841526862854,1.9894720629615439,0.013458492608409162,-0.1304289862932477
1789203268.2160518,0.8812720599931053,4.761196413309599,1.9896524111135898,0.013421275742649178,-0.12984660438694348
1789203268.2197866,0.8812854207783533,4.761433799248374,1.9897727353910661,0.013395998034941934,-0.12945629684519655
1789203268.2268488,0.8813051809467642,4.761790974232887,1.9899531973438471,0.013357327806114335,-0.12886845874116729
1789203268.229992,0.8813181423127915,4.762029764746378,1.9900733989721868,0.013331019242844213,-0.12847536549865984
1789203268.2368019,0.8813372279432998,4.762388862341336,1.9902533967124754,0.01329072731696504,-0.12788453200532068
1789203268.23998,0.8813496939556777,4.762628809893279,1.9903731129952724,0.013263296109732028,-0.12749017215751815
1789203268.2457225,0.8813679804056616,4.762989470348399,1.990552148422395,0.01322127096716671,-0.1268984308434702
1789203268.2503781,0.8813798830246836,4.7632303546069386,1.990671084891051,0.013192666350338176,-0.12650404013637226
1789203268.2562323,0.8813972690362757,4.763592204463413,1.9908487328660693,0.013148852949394807,-0.1259130381872459
1789203268.25992,0.8814085399516758,4.763833742201744,1.990966613297027,0.013119033799765062,-0.1255196325459258
1789203268.266709,0.881424946784453,4.76419639699586,1.991142519903318,0.013073395825724117,-0.12493070313849947
1789203268.270565,0.8814355462842425,4.764438353125507,1.9912591437585634,0.013042360098676393,-0.12453902563916196
1789203268.2763183,0.8814509168085324,4.764801438185749,1.991433031195267,0.012994902511032433,-0.12395313482816053
1789203268.2806387,0.8814607974803047,4.765043518745029,1.9915482178267971,0.012962699079998677,-0.12356372565045208
1789203268.2860236,0.8814750489338217,4.765406547354437,1.991719831658808,0.012913616194398818,-0.12298153027375143
1789203268.2903056,0.8814841628510228,4.765648441817046,1.9918334373835729,0.012880402276674228,-0.12259475118457122
1789203268.2959971,0.8814972426786541,4.766010989621945,1.9920026018114552,0.012829880019077427,-0.122016706836792
1789203268.3005292,0.8815055635811434,4.766252430745602,1.992114529009926,0.012795749884896943,-0.12163280372260492
1789203268.3064094,0.8815174398204381,4.766614102806316,1.992281117123913,0.012743912903505948,-0.12105919450165506
1789203268.3097947,0.8815249509435823,4.766854832085437,1.9923912927592802,0.012708945071381036,-0.1206783085943678
1789203268.3157706,0.8815356087125902,4.767215266845853,1.992555215128806,0.012655909510845028,-0.12010928729557899
1789203268.320569,0.8815423033963137,4.767455074889091,1.992663589036959,0.012620170299854848,-0.11973149920597738
1789203268.3263648,0.8815516925053357,4.767813999129948,1.9928247407480009,0.01256588502552947,-0.11916693846901706
1789203268.3297267,0.8815574863277471,4.768052692957025,1.9929312025928019,0.012529153787399843,-0.11879181760636007
1789203268.3365104,0.8815654362580613,4.768409774192183,1.9930893962857859,0.012473098734163225,-0.11823083346899123
1789203268.3399203,0.8815702219644755,4.768647162256586,1.9931938439233607,0.012435026606202349,-0.11785787733962413
1789203268.3455746,0.8815765858361768,4.769002124984435,1.9933489557465311,0.012376772221579888,-0.11729989174974784
1789203268.3500385,0.8815802761574596,4.769237987452452,1.9934513222039274,0.012337164584042165,-0.11692885033606332
1789203268.3555648,0.8815849729674113,4.769590555217793,1.9936033096807668,0.012276620592708159,-0.11637374668120631
1789203268.360036,0.8815875397087182,4.7698247475523035,1.9937035918635309,0.012235504536605987,-0.11600465864750338
1789203268.3656557,0.8815905367548896,4.77017469427859,1.9938524486715783,0.012172695940038744,-0.11545250741077065
1789203268.3699965,0.8815919645182263,4.770407061031509,1.9939506414715837,0.012130066096709727,-0.11508540181644862
1789203268.375572,0.8815932533684975,4.77075416887383,1.9940963658333084,0.01206499111514608,-0.11453626020915796
1789203268.3800383,0.8815935482455761,4.770984587877546,1.9941924749569993,0.012020843765742492,-0.11417119899308671
1789203268.3856695,0.8815931536729282,4.771328676635201,1.994335081092175,0.011953529836988537,-0.11362519464346213
1789203268.3900945,0.8815923410491979,4.771556998265884,1.994429114608972,0.01190794181480334,-0.11326228260999158
1789203268.3956778,0.8815903169122145,4.771897834246232,1.9945686166501642,0.011838551114007978,-0.11271961833515833
1789203268.4000766,0.8815884444533985,4.772123918812295,1.9946605883003148,0.011791645229428764,-0.11235902406768099
1789203268.4056647,0.8815848789925693,4.772461269579454,1.9947970062315983,0.01172041037758037,-0.11182000080265891
1789203268.4101484,0.8815820129332684,4.772684960040805,1.9948869366950952,0.011672374213001078,-0.11146196516038935
1789203268.4158573,0.8815770014861031,4.773018642704373,1.995020350596883,0.011599515507992025,-0.11092710608083911
1789203268.4202433,0.8815732008388302,4.773239837462839,1.9951083263448322,0.011550427049791846,-0.11057212370074807
1789203268.425877,0.8815668407551066,4.773569692467578,1.9952388712706717,0.011476086005532396,-0.11004220992849244
1789203268.4306011,0.8815621809340561,4.773788276135229,1.9953249722392965,0.011426101061346358,-0.10969072609071501
1789203268.4363909,0.8815545977459507,4.774114123191027,1.9954527571909824,0.011350578103954963,-0.10916631747393823
1789203268.439614,0.8815491689480107,4.774329973846405,1.99553705102404,0.011299921500999075,-0.1088186581663407
1789203268.446216,0.8815405056020716,4.77465163077931,1.9956621717108594,0.011223572697349703,-0.10830019754478275
1789203268.4496534,0.8815344059803976,4.774864643258759,1.9957447198587783,0.011172488922564353,-0.10795663563449627
1789203268.4564185,0.8815248126289832,4.775181977527517,1.9958672655385288,0.01109564898061456,-0.10744449020033459
1789203268.4599006,0.8815181446949324,4.775392065238426,1.9959481248057143,0.011044354178153434,-0.10710524780612092
1789203268.4658303,0.8815077820774074,4.775704907174226,1.9960681731945509,0.010967413527581734,-0.1065997517610036
1789203268.470256,0.8815006587931241,4.77591191784041,1.9961473885950531,0.010916191906096922,-0.10626505407564334
1789203268.4760137,0.8814896954652186,4.776220068231153,1.9962650020619939,0.01083956431911919,-0.10576654228048245
1789203268.4805944,0.88148222649674,4.7764239025090625,1.9963426128789914,0.010788671975501648,-0.10543660641397921
1789203268.4861844,0.8814708262945143,4.776727218355231,1.9964578445824666,0.010712717839890683,-0.10494539298633578
1789203268.4896455,0.8814631199737165,4.776927784741324,1.996533882648274,0.010662392770817023,-0.10462042493894268
1789203268.4956253,0.8814514432961558,4.77722613445506,1.9966467751661896,0.010587463714218075,-0.1041368141303691
1789203268.5004463,0.8814436047344051,4.777423348931497,1.996721265585819,0.010537935741961112,-0.10381701364325246
1789203268.5064497,0.8814318008434293,4.777716650828346,1.9968318558147566,0.010464345730053998,-0.10334128590579685
1789203268.5098329,0.8814239236440937,4.77791048749892,1.9969048233609796,0.010415801861689541,-0.10302682263386218
1789203268.5161264,0.8814121369592063,4.7781986406307455,1.997013139722802,0.01034385625185627,-0.10255923736064955
1789203268.5208426,0.881404318600099,4.778389000632217,1.9970845978853125,0.010296507882930373,-0.1022502872690833
1789203268.526556,0.8813926833314801,4.7786719130845405,1.9971906620887045,0.010226495849633898,-0.10179109566140175
1789203268.5305235,0.8813850104613201,4.778858730170835,1.997260622464443,0.010180543205068213,-0.1014878319849071
1789203268.5361652,0.8813736582806092,4.779136245663347,1.997364442098262,0.010112771211943462,-0.10103730354717276
1789203268.5398123,0.8813662119983517,4.779319436332794,1.997432909069693,0.010068395861990478,-0.1007398994976059
1789203268.546362,0.8813552527256501,4.779591471769124,1.9975344918324096,0.010003097639402039,-0.10029827610990943
1789203268.5495982,0.8813481014904251,4.779770983307172,1.997601469150364,0.009960438989743364,-0.10000688229432608
1789203268.5563264,0.8813376305273879,4.780037463394433,1.9977008190138004,0.009897809062056265,-0.09957437784434896
1789203268.5597098,0.8813308303288754,4.780213270697411,1.997766311390418,0.009856978762382536,-0.09928912304326454
1789203268.5664918,0.8813209242760549,4.780474160632447,1.997863434730361,0.009797159418336813,-0.09886590600988193
1789203268.5700562,0.8813145241037125,4.780646219024026,1.997927443260641,0.00975825157831855,-0.0985868953092363
1789203268.5758405,0.8813052478142127,4.7809014659248135,1.998022342709125,0.009701378924610296,-0.09817311504035967
1789203268.5804234,0.8812992879476229,4.7810697353057625,1.9980848677564174,0.009664452696284836,-0.09790043170117427
1789203268.5862796,0.8812907016780019,4.781319260970659,1.9981775404284554,0.009610522269469731,-0.09749618850280975
1789203268.5897849,0.8812852201392877,4.781483685258863,1.9982385787518728,0.009575528031815942,-0.09722989082184398
1789203268.5961187,0.8812773712637467,4.781727421035379,1.9983290206768825,0.009524468036467755,-0.09683525761954702
1789203268.5995924,0.8812723918193504,4.781887971667882,1.998388571351455,0.009491381844638687,-0.09657538657919267
1789203268.6062016,0.881265307373318,4.782125878243957,1.9984767810224398,0.009443184409318546,-0.09619042008580138
1789203268.6094809,0.8812608426166918,4.78228253135597,1.9985348429818828,0.009412007574254448,-0.0959370090881775
1789203268.616274,0.8812545338133685,4.782514576432023,1.9986208187293864,0.009366672493816416,-0.09556175163692411
1789203268.619592,0.8812505856149933,4.782667322255935,1.998677392429351,0.009337399501948042,-0.09531482318930397
1789203268.6262755,0.8812450475398655,4.7828935085072795,1.9987611371861762,0.0092948965035186,-0.09494929277566315
1789203268.6296191,0.8812416091892957,4.783042350277404,1.9988162242479766,0.009267497283812537,-0.09470884535792302
1789203268.636397,0.8812368285130315,4.783262657105279,1.998897735761993,0.009227787578655116,-0.0943530280665347
1789203268.6397657,0.8812338872576235,4.783407573692516,1.9989513339543103,0.009202228740351865,-0.09411905099661669
1789203268.645614,0.8812298373197677,4.783621987100231,1.9990306122245827,0.009165238265127459,-0.09377293002446102
1789203268.6501062,0.8812273729213209,4.783762954190293,1.9990827184227629,0.009141463432353513,-0.09354540859150598
1789203268.6558394,0.8812240187720579,4.783971441586291,1.9991597586664789,0.009107099166038852,-0.09320895719730672
1789203268.6601954,0.8812220040713734,4.784108457921972,1.9992103727368236,0.009085035860199705,-0.09298787069947914
1789203268.6657097,0.8812193014735823,4.784311020780835,1.9992851746198137,0.009053175148795788,-0.09266104997053252
1789203268.670124,0.8812177049222165,4.784444089473297,1.9993342963672385,0.009032735862354774,-0.09244636693028944
1789203268.67567,0.8812156033769674,4.784640751266253,1.9994068628422483,0.009003238062159835,-0.09212912201880043
1789203268.6800332,0.8812143894341973,4.784769895087361,1.9994544951187347,0.008984322407413751,-0.09192079953501774
1789203268.6859794,0.8812128206636638,4.7849606802463915,1.999524813823016,0.008957008636351608,-0.0916130098206777
1789203268.690679,0.8812119214433429,4.785085918016908,1.9995709275532727,0.00893943364991327,-0.09141085315371297
1789203268.6961057,0.8812107592706657,4.785270870735091,1.9996389409303836,0.008913914038456294,-0.0911120511148549
1789203268.6993856,0.8812100917025903,4.785392227910114,1.9996835038995044,0.008897410022391758,-0.09091575735051749
1789203268.7060752,0.8812092245197835,4.785571356939078,1.9997491752656873,0.008873339396195959,-0.09062562717646273
1789203268.709352,0.8812087220029047,4.7856888445181065,1.9997921731280177,0.008857709083023293,-0.09043506322306938
1789203268.7175899,0.8812080605911721,4.785862188780141,1.9998554955245187,0.008834828477533661,-0.09015348394488899
1789203268.7207837,0.8812076702737195,4.785975846137237,1.9998969313771842,0.008819919493570501,-0.08996860294454938
1789203268.7265584,0.8812071447090839,4.786143465210944,1.9999579149472724,0.008798026941656833,-0.08969553176649288
1789203268.7302105,0.8812068259497217,4.786253306536798,1.9999977927972283,0.008783723169816304,-0.08951631641982329
1789203268.736127,0.8812063828403817,4.786415223112637,2.000056447428606,0.008762668872479467,-0.0892517411945664
1789203268.7406914,0.8812061045451778,4.786521277538025,2.0000947788689465,0.008748882187940973,-0.08907818936701285
1789203268.7462275,0.8812057039405318,4.7866775156570815,2.000151118045687,0.008728551163470688,-0.08882211653476955
1789203268.7495613,0.8812054431180374,4.786779805845788,2.0001879148295427,0.008715215601105546,-0.08865423511034722
1789203268.756514,0.8812050547237631,4.7869304510045785,2.000241972883529,0.008695516002742452,-0.08840665180800715
1789203268.7599216,0.8812047943648026,4.787029033826407,2.0002772588438638,0.008682576467550338,-0.0882444175527006
1789203268.7666242,0.8812043973350874,4.787174133917933,2.0003290634010416,0.008663442788289332,-0.08800528702450983
1789203268.7701652,0.8812041260414413,4.787269025889702,2.0003628550401746,0.008650864331915965,-0.08784867435763598
1789203268.7761245,0.8812037059769839,4.787408615798055,2.0004124340333296,0.008632251586499924,-0.08761795406579795
1789203268.78067,0.8812034156599954,4.787499852093212,2.0004447529364366,0.008620007548403323,-0.0874669311196927
1789203268.786369,0.8812029626675236,4.7876339857560435,2.0004921398755258,0.008601880126105153,-0.08724456606553473
1789203268.7899191,0.881202648018802,4.787721603091934,2.0005230090833495,0.008589950255785241,-0.08709909161568664
1789203268.7955923,0.8812021556548529,4.7878503412894435,2.000568240167839,0.008572282176186167,-0.08688501340882422
1789203268.800045,0.8812018132100459,4.787934386946791,2.0005976853285867,0.00856064954976725,-0.08674503540406514
1789203268.8058674,0.8812012776095143,4.788057796660472,2.0006407991230395,0.008543419069855927,-0.0865391586600704
1789203268.8107789,0.8812009055661678,4.7881383095802885,2.0006688454288484,0.0085320733306696,-0.08640461762677525
1789203268.8166656,0.8812003239478081,4.7882564592123975,2.000709882208359,0.00851526521183989,-0.08620684467698804
1789203268.8199675,0.8811999184811551,4.788333481473321,2.000736558770022,0.00850420922533659,-0.08607766215977763
1789203268.825742,0.8811992796226785,4.788446417611077,2.000775566188188,0.008487875606599967,-0.08588783355058181
1789203268.8302646,0.8811988312863845,4.78851998824184,2.000800907618542,0.008477159707723076,-0.0857638828144787
1789203268.8358614,0.881198122288277,4.788627784013565,2.00083793778397,0.008461347803670529,-0.08558181581373762
1789203268.8403227,0.8811976239198307,4.788697953061596,2.000861977326587,0.008450979844440439,-0.08546298776623133
1789203268.8461213,0.8811968358809522,4.788800685492451,2.0008970779660933,0.008435683614513686,-0.08528853508800702
1789203268.8505425,0.8811962826191098,4.788867505592516,2.0009198460861097,0.008425653648187644,-0.08517474053435801
1789203268.8564346,0.8811954096257554,4.788965255483991,2.0009530610265176,0.008410854780152298,-0.0850077792926288
1789203268.8598516,0.8811947982301672,4.789028784577868,2.0009745862560764,0.008401149982817413,-0.0848989423289731
1789203268.8663487,0.8811938363680031,4.789121644678923,2.0010059576017185,0.008386827556100453,-0.08473935639921609
1789203268.8697343,0.8811931648834948,4.789181945078252,2.0010262671967673,0.008377434159159926,-0.08463540035185982
1789203268.8764708,0.8811921122695527,4.789270001398974,2.001055833385353,0.008363572536062513,-0.08448309355224286
1789203268.8798497,0.881191379935468,4.789327128340288,2.001074951824695,0.008354481584301845,-0.0843839591648326
1789203268.885473,0.8811902357813289,4.789410469276217,2.0011027494946574,0.008341067025720829,-0.08423883904624797
1789203268.8897884,0.8811894414020868,4.789464477788061,2.0011207005019434,0.00833227028998036,-0.0841444686482559
1789203268.8964548,0.8811881940047583,4.789543187013212,2.0011467683737956,0.008319279284211462,-0.08400643128626221
1789203268.8999634,0.8811873206321875,4.7895941386522605,2.001163582037456,0.008310742400196794,-0.08391671960448366
1789203268.9066558,0.8811859420103342,4.789668309505252,2.0011879676756834,0.008298104795684776,-0.08378557296298039
1789203268.9099753,0.8811849746695699,4.789716267174176,2.0012036752639073,0.008289782770585907,-0.08370039693872439
1789203268.9156284,0.8811834479571178,4.789785996760605,2.00122642439087,0.008277441884351727,-0.08357597591571744
1789203268.9201865,0.8811823783612185,4.789831028108624,2.001241055858397,0.008269302119354085,-0.08349522663599146
1789203269.1309521,0.8811589499306448,4.790415306306794,2.001425214114977,0.008144089980759243,-0.08240325322881066
1789203269.1311834,0.8811572698583621,4.790441636463357,2.0014333771639117,0.00813720905245273,-0.08234975371216889
1789203269.131397,0.8811547286004561,4.790479414972923,2.0014450864999693,0.008127112615665223,-0.08227207763158337
1789203269.1316094,0.8811530162545802,4.79050351405398,2.0014525548591817,0.00812051989407907,-0.08222207817436766
1789203269.131826,0.8811504117805226,4.790538126397612,2.001463288020848,0.00811078829437677,-0.08214971049354554
1789203269.1320403,0.8811486518910938,4.790560234499325,2.0014701464579896,0.008104386630891879,-0.0821031701207023
1789203269.1322498,0.8811459884412522,4.7905920554590224,2.0014800059806026,0.008094926837503269,-0.08203581244536268
1789203269.1324563,0.8811442042053252,4.790612439727774,2.0014863052788563,0.00808872688693751,-0.08199248915589046
1789203269.132663,0.8811415251944976,4.790641875723798,2.0014953666695274,0.008079601955252284,-0.08192980190942377
1789203269.132903,0.8811397418075055,4.790660794139642,2.0015011635699365,0.008073639808709758,-0.08188947601640528
1789203269.133083,0.8811370762993578,4.790688200840155,2.001509518327482,0.008064880386833433,-0.08183104889226418
1789203269.1332037,0.8811353109336066,4.790705880006597,2.0015148808583687,0.008059167792483696,-0.08179337262386253
1789203269.1333196,0.8811326855614904,4.79073161712727,2.001522647034221,0.00805079692289402,-0.08173853872715041
1789203269.133438,0.8811309517664375,4.790748310426075,2.001527656904411,0.008045343032427169,-0.08170297650730529
1789203269.133551,0.8811283771150872,4.790772737829124,2.00153494820234,0.008037342129550281,-0.08165094141010333
1789203269.1338127,0.8811266782210527,4.7907886586694355,2.0015396750397114,0.008032121029222237,-0.08161702626892935
1789203269.1340723,0.8811241558979291,4.790812060987808,2.0015465877046794,0.008024445934769668,-0.0815671706240031
1789203269.134293,0.881122491261535,4.790827377918505,2.001551090159177,0.008019426122038795,-0.0815345377319523
1789203269.1345096,0.8811200186172894,4.790849978978221,2.001557704039623,0.008012029238851519,-0.08148638440392714
1789203269.1346486,0.8811183856518479,4.790864823884677,2.0015620301382784,0.008007179488687772,-0.0814547568757229
1789203269.1347635,0.8811159579992704,4.790886798538577,2.001568409965831,0.008000015642722893,-0.08140794410592664
1789203269.1348794,0.8811143531336239,4.790901274819436,2.001572598366099,0.007995307315343038,-0.08137711226836657
1789203269.1349895,0.8811119647689467,4.790922760679919,2.0015787960422413,0.007988335282813171,-0.0813313598211032
1789203269.135097,0.8811103842111963,4.790936949076527,2.0015828776047258,0.00798374255911653,-0.08130115942102811
1789203269.13521,0.8811080298793383,4.790958051150396,2.001588934139453,0.007976928099148092,-0.08125626386544788
1789203269.1353185,0.8811064703513029,4.790972012616286,2.001592933018189,0.007972430444505,-0.08122657908400674
1789203269.1354246,0.881104145243627,4.790992812055611,2.0015988805292473,0.007965745148390869,-0.0811823849247667
1789203269.13553,0.8811026039678915,4.791006592912087,2.0016028155220993,0.007961325811381662,-0.08115312793977665
1789203269.1356356,0.8811003042260049,4.79102715068852,2.0016086788380325,0.007954747595995298,-0.08110952295471134
1789203269.1357393,0.8810987786451704,4.791040787689243,2.0016125646119773,0.007950393134682038,-0.08108062570553043
1789203269.1359184,0.881096500830006,4.791061152174964,2.0016183631735767,0.007943903659451086,-0.08103751765762504
1789203269.140625,0.8810949889039003,4.79107467357943,2.0016222111553654,0.007939603277336086,-0.08100892666881647
1789203269.146152,0.8810927303072991,4.7910948819661785,2.0016279600701785,0.007933188282372118,-0.08096624546813472
1789203269.1495955,0.8810912303430485,4.791108310089882,2.001631779185347,0.007928933641978733,-0.08093791985556086
1789203269.1563375,0.8810889886118516,4.791128392590264,2.001637490389615,0.007922581290890183,-0.08089560529814427
1789203269.1597424,0.8810874992618716,4.791141745084051,2.001641287680433,0.00791836519552653,-0.08086750793898743
1789203269.1654243,0.8810852728204396,4.791161723909782,2.0016469703174455,0.007912067407874873,-0.080825521476884
1789203269.169913,0.8810837933401672,4.791175012817781,2.0016507509908306,0.00790788519193611,-0.0807976295573299
1789203269.175622,0.8810815811709114,4.791194904066113,2.0016564118767874,0.007901635856556831,-0.08075594009132826
1789203269.180141,0.8810801108958942,4.791208139199329,2.0016601799152913,0.007897484272866384,-0.08072823722477981
1789203269.1859787,0.8810779122400052,4.79122795523286,2.001665824186131,0.00789127872147521,-0.08068681948070013
1789203269.1904917,0.8810764508559239,4.7912411430871735,2.001669582438468,0.007887155655021296,-0.0806592950323448
1789203269.1960595,0.8810742651878507,4.791260893045304,2.001675213825262,0.007880991129630322,-0.08061813403975347
1789203269.1996276,0.8810728122621542,4.791274039716417,2.0016789645494297,0.007876894381038361,-0.0805907744339867
1789203269.2065501,0.8810706390263742,4.791293731659862,2.0016845860260672,0.007870767987210661,-0.08054985248497809
1789203269.210265,0.8810691942401498,4.791306841886206,2.001688330955374,0.007866695865517758,-0.08052264735349325
1789203269.216006,0.8810670329199612,4.791326482672188,2.001693944876801,0.007860605372329854,-0.08048195062226676
1789203269.220326,0.881065595852942,4.7913395612329905,2.0016976855173363,0.007856555986354897,-0.08045488756291658
1789203269.2262938,0.8810634458351526,4.791359157721223,2.0017032940166337,0.007850498306927193,-0.08041439595779937
1789203269.229583,0.8810620162858218,4.791372207780703,2.0017070314826246,0.00784647081780414,-0.0803874706644936
1789203269.2363448,0.8810598776192281,4.791391762283395,2.0017126356677477,0.007840445155990045,-0.08034717995427451
1789203269.2397616,0.88105845567315,4.791404784801714,2.001716370482618,0.007836438873846503,-0.08032038756651007
1789203269.2465138,0.8810563284283869,4.7914242986343965,2.001721970922158,0.00783044539635984,-0.08028029848353095
1789203269.2505283,0.8810549140116448,4.791437294964474,2.0017257034539973,0.007826460217591705,-0.08025363747628368
1789203269.2564123,0.8810527979513891,4.791456770742164,2.00173130075175,0.007820497912456308,-0.08021374163483211
1789203269.2597253,0.8810513909259273,4.791469742440023,2.0017350313553344,0.0078165332198182,-0.08018720720120638
1789203269.2667787,0.8810492858283828,4.791489182277125,2.0017406259476007,0.007810601199501547,-0.08014749817412331
1789203269.270115,0.8810478860049734,4.791502130642062,2.0017443548355423,0.007806656290489365,-0.080121086308512
1789203269.2758048,0.8810457915202411,4.791521536861625,2.0017499471052895,0.007800753451984668,-0.08008155846174646
1789203269.2802198,0.8810443986458274,4.79153446397158,2.0017536747030134,0.007796827298760452,-0.08005526196866232
1789203269.285889,0.8810423145116417,4.791553839322154,2.0017592652907124,0.0077909522263385975,-0.08001590430525095
1789203269.290418,0.8810409286126001,4.791566745741018,2.001762991770621,0.0077870447339418785,-0.0799897222618349
1789203269.2962396,0.8810388551141917,4.791586089376723,2.00176858052743,0.0077811978244080055,-0.07995053678502553
1789203269.299507,0.8810374763255575,4.791598974644457,2.001772305724776,0.007777309366260794,-0.07992447064145827
1789203269.3064725,0.8810354134214803,4.7916182870819375,2.001777892562231,0.007771490772673797,-0.07988545641954042
1789203269.3098376,0.8810340416515764,4.791631151875747,2.001781616481726,0.007767621032125947,-0.07985950295218394
1789203269.3185303,0.8810319892139143,4.791650434049978,2.0017872014006457,0.007761830280527985,-0.07982065575896227
1789203269.3199763,0.8810306242003775,4.791663280037235,2.0017909242572225,0.007757978673899001,-0.07979481047648716
1789203269.3257475,0.8810285817983429,4.791682534769948,2.00179650769496,0.007752214556455762,-0.07975612194861995
1789203269.330284,0.8810272235444115,4.791695362181788,2.001800229487371,0.007748380361708414,-0.07973038027320616
1789203269.3359506,0.8810251913493469,4.79171458870991,2.0018058111754695,0.007742642672085546,-0.07969184929893758
1789203269.3403676,0.8810238399832744,4.791727396790618,2.0018095316125764,0.007738826546924239,-0.07966621553755812
1789203269.345994,0.8810218180405819,4.791746594696899,2.001815111206507,0.007733115741880133,-0.07962784408043809
1789203269.3504062,0.88102047346248,4.79175938392903,2.0018188302134097,0.007729317392653056,-0.0796023153252965
1789203269.3560061,0.881018461638547,4.791778553887637,2.0018244076175864,0.007723633038086923,-0.07956409963081708
1789203269.3603575,0.8810171237671587,4.791791324693468,2.0018281251371217,0.007719852185006024,-0.07953867364608073
1789203269.3659408,0.8810151216934188,4.791810468883166,2.001833700625197,0.0077141933526448485,-0.07950060707877388
1789203269.370456,0.8810137903196463,4.791823222581989,2.0018374168446535,0.007710429256432009,-0.07947527899072214
1789203269.3758774,0.8810117979807142,4.791842341224349,2.001842990337564,0.007704795463672157,-0.07943735874395305
1789203269.380322,0.8810104730837842,4.791855077975469,2.0018467051875652,0.0077010479941628926,-0.07941212770198859
1789203269.3860083,0.8810084905147302,4.7918741708228465,2.0018522764445175,0.007695439295110403,-0.07937435382069452
1789203269.3902485,0.881007172050003,4.791886890843709,2.001855989840819,0.007691708292475582,-0.07934921835924738
1789203269.3957238,0.8810051992786048,4.791905957655423,2.0018615586109534,0.0076861244467325346,-0.0793115887942294
1789203269.4001672,0.8810038873581298,4.791918660144301,2.0018652702210753,0.007682410260246894,-0.07928655086137677
1789203269.4058254,0.8810019243329804,4.791937700950116,2.001870836252547,0.007676851441896997,-0.0792490657079055
1789203269.410138,0.8810006188681017,4.791950386285646,2.0018745460032688,0.007673153810986539,-0.0792241229619755
1789203269.415647,0.8809986654693092,4.791969401623014,2.001880109201588,0.007667619637491032,-0.07918677912753333
1789203269.4200191,0.8809973663863947,4.791982070147337,2.001883817036421,0.00766393831438083,-0.07916192967999122
1789203269.425504,0.8809954224216061,4.792001061049956,2.0018893774482565,0.007658428425379721,-0.07912472448828606
1789203269.4299548,0.8809941294983915,4.7920137140919055,2.0018930835704043,0.007654762676127852,-0.07909996333674205
1789203269.4354708,0.880992194771049,4.7920326818328665,2.00189864136974,0.0076492760576594545,-0.07906289034972884
1789203269.4399135,0.880990907999429,4.792045319483719,2.0019023457154117,0.007645625769796676,-0.07903821704252667
1789203269.445471,0.8809889824822779,4.792064264226645,2.001907900790077,0.007640162256526663,-0.07900127513194105
1789203269.450001,0.8809877018370069,4.792076886608586,2.001911603278077,0.007636527315849796,-0.07897668873053973
1789203269.455658,0.8809857855718938,4.792095808015435,2.001917155372019,0.007631086728976249,-0.0789398763427276
1789203269.4602342,0.880984511172968,4.792108414265282,2.0019208556571164,0.007627467501460632,-0.07891537893912681
1789203269.466122,0.8809826042057467,4.792127311749935,2.0019264043932146,0.007622050309130523,-0.07887869822727328
1789203269.4704998,0.8809813359632647,4.792139902224243,2.0019301024108,0.007618446557637895,-0.07885428756805068
1789203269.476155,0.880979438174114,4.792158776289975,2.001935647709418,0.0076130524018426515,-0.07881773560525362
1789203269.4806144,0.8809781760153222,4.792171351308174,2.0019393434137847,0.007609463892471394,-0.0787934099321784
1789203269.4860995,0.8809762873025258,4.792190202415772,2.001944885212863,0.007604092431620474,-0.078756984247479
1789203269.4894602,0.8809750310781655,4.79220276280595,2.001948578699249,0.00760051894295895,-0.0787327419854179
1789203269.4960666,0.8809731511329757,4.792221592845376,2.0019541173399844,0.007595169148127531,-0.07869643586446015
1789203269.4994063,0.8809719007520901,4.792234139221838,2.0019578086926253,0.007591610047955367,-0.07867227314027934
1789203269.5064046,0.8809700295609111,4.79225294830506,2.0019633440820916,0.007586281762778266,-0.0786360858759874
1789203269.509546,0.8809687850892084,4.792265480232508,2.001967033094959,0.007582736948734365,-0.07861200196763957
1789203269.5164704,0.8809669228291417,4.792284267069099,2.001972564720839,0.007577430710202157,-0.07857593660240825
1789203269.5200825,0.8809656842690192,4.792296784331708,2.001976251198489,0.0075739004887899935,-0.07855193291396101
1789203269.525908,0.8809638308202749,4.79231554940386,2.0019817789902854,0.007568615976432569,-0.07851598654524772
1789203269.5306423,0.8809625981000935,4.792328052304883,2.0019854628938663,0.007565100131720363,-0.07849206138346639
1789203269.536484,0.880960753363592,4.792346796047313,2.001990986800451,0.007559837026821222,-0.07845623168357453
1789203269.539721,0.8809595264213674,4.79235928486596,2.001994668098788,0.0075563353510410824,-0.07843238358389495
1789203269.5466034,0.8809576903085132,4.792378007684819,2.002000188075727,0.007551093349479146,-0.07839666843629647
1789203269.5500119,0.8809564689295777,4.792390483709511,2.0020038670195595,0.007547605410959889,-0.07837289451405398
1789203269.5556748,0.8809546410836699,4.792409187884079,2.002009383567952,0.007542383567742133,-0.0783372880519987
1789203269.5602572,0.8809534252807504,4.792421651109568,2.002013060099374,0.007538908796513003,-0.07831358501410485
1789203269.5659847,0.880951605708149,4.792440336644748,2.0020185731151137,0.007533706772595827,-0.07827808527772655
1789203269.5706053,0.8809503954694743,4.792452787113432,2.0020222471570066,0.007530245337733017,-0.0782544541830579
1789203269.5763018,0.8809485843726589,4.792471452580974,2.002027756099862,0.007525063476853415,-0.07821906306166593
1789203269.579904,0.8809473797943075,4.792483889481228,2.0020314273060063,0.007521615716265754,-0.07819550550573248
1789203269.585696,0.8809455771243953,4.792502534839631,2.0020369319705336,0.007516454210771159,-0.0781602232654869
1789203269.5900447,0.8809443781263273,4.792514958486046,2.0020406003122604,0.007513019914729645,-0.07813673747760293
1789203269.5957065,0.8809425837759652,4.792533584179608,2.0020461006661807,0.007507878449079958,-0.07810156178743168
1789203269.6001782,0.8809413902926365,4.792545994854695,2.0020497661262446,0.007504457410301856,-0.07807814634008908
1789203269.6060545,0.8809396041697868,4.792564601291928,2.002055262146977,0.007499335680610864,-0.07804307516494537
1789203269.61049,0.8809384161429749,4.79257699925979,2.00205892471136,0.0074959277015454046,-0.07801972874735168
1789203269.6165044,0.8809366379451524,4.792595588307825,2.0020644168097794,0.0074908249762763775,-0.07798475743754914
1789203269.619871,0.8809354550513806,4.792607975707537,2.0020680770275323,0.007487429234267819,-0.07796147505575755
1789203269.625796,0.8809336848067119,4.792626547299706,2.0020735651101855,0.0074823449439824444,-0.07792660066050075
1789203269.630215,0.8809325073524209,4.792638922100821,2.002077222326897,0.007478961829142424,-0.07790338488870356
1789203269.6361265,0.8809307452016069,4.792657475037364,2.0020827058851434,0.0074738967007312905,-0.07786861124047452
1789203269.640493,0.8809295731047976,4.792669837552803,2.0020863600758934,0.007470526265828351,-0.07784546179198706
1789203269.6462083,0.8809278189393038,4.7926883722723534,2.0020918390855815,0.007465480011921465,-0.07781078654873758
1789203269.6495695,0.8809266521348156,4.7927007227775125,2.002095490239114,0.007462122063664284,-0.07778770204264464
1789203269.6565561,0.8809249058710935,4.792719239692621,2.002100964688713,0.007457094397951012,-0.07775312327986329
1789203269.660042,0.8809237443972212,4.7927315786929565,2.002104612824802,0.007453748843651625,-0.0777301030376803
1789203269.6657095,0.8809220063975698,4.792750080089612,2.0021100830469356,0.0074487404010378155,-0.07769562396264254
1789203269.6701627,0.8809208506136383,4.792762410304236,2.002113728715167,0.007445407873013476,-0.07767267058394389
1789203269.675866,0.8809191214175511,4.792780900081851,2.00211919562951,0.007440419543358783,-0.0776382935437611
1789203269.680335,0.8809179717318996,4.792793222810974,2.0021228391489894,0.007437100962079753,-0.07761541013420079
1789203269.686039,0.8809162517976731,4.792811702651871,2.002128303210584,0.007432133710408306,-0.07758113663485586
1789203269.6895437,0.8809151084243633,4.792824018898627,2.0021319448592667,0.0074288294929603215,-0.07755832269954016
1789203269.6962028,0.880913398245556,4.792842488212987,2.002137405845572,0.007423884320714405,-0.07752415459960361
1789203269.6996398,0.8809122613794229,4.7928547979351075,2.0021410455661246,0.007420594951771863,-0.0775014103918163
1789203269.7063107,0.8809105609509925,4.792873258119663,2.0021465038241066,0.007415671949734055,-0.07746734479827194
1789203269.709793,0.8809094305704979,4.792885562151642,2.0021501418232255,0.007412397265319348,-0.07744466762956682
1789203269.7158713,0.880907739837433,4.792904014333851,2.0021555976258285,0.007407496113908212,-0.07741070076778575
1789203269.7201114,0.880906615893091,4.792916313354637,2.002159234062009,0.007404235865830222,-0.07738808826120155
1789203269.7256906,0.880904934694003,4.79293475896549,2.0021646877702626,0.007399356157227104,-0.07735421674371347
1789203269.7301345,0.8809038169931122,4.7929470544888755,2.00216832306186,0.0073961096591455425,-0.0773316643717234
1789203269.7360687,0.8809021450773995,4.792965495560511,2.0021737752432696,0.007391250209245287,-0.07729788095941924
1789203269.7405763,0.8809010336013064,4.792977787829674,2.0021774094232914,0.007388017258779485,-0.07727538768479492
1789203269.7459898,0.8808993709227039,4.7929962246842015,2.0021828601002096,0.007383177776918069,-0.07724169069076396
1789203269.7503202,0.8808982656218776,4.793008513912923,2.002186493172695,0.007379958170312132,-0.07721925520097898
1789203269.755945,0.8808966123432425,4.793026944913311,2.0021919417269953,0.007375138916857056,-0.0771856460479161
1789203269.760401,0.8808955132437101,4.793039230439279,2.002195573401943,0.007371932775991555,-0.07716326883949523
1789203269.7660322,0.8808938691784474,4.793057656150657,2.0022010198855416,0.007367133476155048,-0.07712974562559177
1789203269.7706149,0.8808927761663162,4.793069938310362,2.002204650195273,0.007363940475780422,-0.077107424820143
1789203269.7761092,0.8808911411551879,4.79308835918841,2.002210094650014,0.007359160649889022,-0.0770739849791608
1789203269.7806869,0.8808900541301791,4.793100638258577,2.002213723617353,0.0073559804786719725,-0.07705171897324686
1789203269.7864482,0.8808884278462077,4.793119056148042,2.0022191665378495,0.007351219302743881,-0.07701835801585397
1789203269.7894924,0.8808873465541243,4.793131333748809,2.0022227946255864,0.007348051322922055,-0.07699614342942147
1789203269.7964697,0.8808857289513663,4.79314974864095,2.0022282359426113,0.007343308112110717,-0.07696285799823045
1789203269.7997987,0.880884653357674,4.793162024758144,2.002231863094529,0.007340151960163561,-0.07694069293830876
1789203269.8065767,0.880883044360239,4.7931804366763515,2.0022373027210247,0.007335426645030441,-0.0769074828727412
1789203269.8100264,0.8808819745934202,4.7931927098476645,2.0022409284021125,0.007332282512654892,-0.0768853685813179
1789203269.8156104,0.88088037424346,4.793211117542055,2.002246365818403,0.007327575323267682,-0.07685223508065414
1789203269.820004,0.8808793101856542,4.793223388014381,2.002249990025873,0.007324443139029724,-0.07683017102010319
1789203269.8256521,0.880877718323149,4.793241791816629,2.0022554252321654,0.007319753666791289,-0.07679711178555403
1789203269.8302193,0.8808766598762381,4.793254059790219,2.002259047966199,0.007316633159184761,-0.07677509656002103
1789203269.835931,0.8808750763631455,4.79327245997757,2.0022644809608363,0.007311961004783706,-0.07674210960884882
1789203269.8403044,0.8808740234397415,4.7932847256249715,2.002268102218445,0.007308851914295275,-0.07672014194278964
1789203269.846237,0.8808724479800399,4.793303123904145,2.002273533472352,0.007304196353540529,-0.07668722339744187
1789203269.8505526,0.8808714004102031,4.793315388255576,2.002277153541211,0.007301098109846337,-0.0766653002978358
1789203269.856098,0.8808698329524997,4.79333378456926,2.0022825829674127,0.007296458697215508,-0.07663244808038334
1789203269.8597803,0.8808687906935652,4.793346047602636,2.0022862017863843,0.007293371138673014,-0.07661056879515886
1789203269.866748,0.8808672313311207,4.793364440472862,2.0022916288109944,0.007288747973999622,-0.07657778363677013
1789203269.8702636,0.8808661944172684,4.793376701310168,2.0022952460228796,0.007285671260436896,-0.07655594905935441
1789203269.8759592,0.8808646430022258,4.79339509101915,2.0023006706313042,0.0072810641917038805,-0.07652322999552716
1789203269.8803742,0.8808636113431062,4.793407349829837,2.0023042862291947,0.007277998092890817,-0.07650143888643017
1789203269.8862507,0.8808620677489273,4.793425736610614,2.002309708411709,0.00727340677384503,-0.0764687841796712
1789203269.8895833,0.8808610412059624,4.793437994047529,2.00231332255501,0.00727035106170643,-0.07644703542701713
1789203269.8962548,0.880859505171868,4.79345637950625,2.002318742771052,0.007265774672448621,-0.07641444070104932
1789203269.8996801,0.8808584836010899,4.793468636518295,2.0023223557352945,0.007262728667571423,-0.0763927306833189
1789203269.9055462,0.8808569550314285,4.79348702102686,2.0023277740432706,0.007258166987975003,-0.07636019514245378
1789203269.909871,0.8808559384616157,4.793499277017138,2.0023313855840428,0.007255130562896264,-0.07633852329601613
1789203269.917826,0.8808544173514002,4.793517659993565,2.0023368017103764,0.007250583401686844,-0.07630604590057918
1789203269.9202282,0.8808534057263574,4.793529914965735,2.0023404117688295,0.007247556586982604,-0.07628441242646711
1789203269.9257617,0.880851892046378,4.793548295914093,2.002345825464315,0.007243023727501103,-0.07625199198448485
1789203269.930409,0.8808508854065066,4.793560548925371,2.0023494336675602,0.007240006686959202,-0.07623039790606714
1789203269.936121,0.8808493796109871,4.793578927339139,2.002354844161917,0.00723548887239193,-0.07619803517874425
1789203269.9404511,0.8808483788706184,4.793591179110987,2.0023584496734568,0.007232483783322201,-0.0761764772180724
1789203269.94603,0.880846882101939,4.793609555913502,2.0023638560857497,0.0072279856270133285,-0.0761441662671696
1789203269.9505455,0.8808458869801767,4.793621806498462,2.0023674592904097,0.0072249925690418175,-0.07612264327294754
1789203269.9560444,0.8808443981440065,4.793640181394958,2.002372862698032,0.007220510743594234,-0.07609038556852485
1789203269.9603288,0.8808434080400489,4.793652430653253,2.0023764641175115,0.007217527675581478,-0.0760688983694516
1789203269.966,0.8808419262702125,4.793670804981727,2.002381865547171,0.007213059535529601,-0.07603669273750298
1789203269.9706612,0.8808409407359701,4.793683053757603,2.0023854657033926,0.007210084999988844,-0.07601523972743329
1789203269.9760025,0.8808394656678884,4.793701427259418,2.0023908652511655,0.00720562916332684,-0.07598308525050024
1789203269.9805286,0.8808384845246879,4.793713675439846,2.002394464132681,0.007202662597182407,-0.07596166612571745
1789203269.9861095,0.8808370159652142,4.793732048012501,2.002399861709044,0.007198218489957854,-0.07592956203204954
1789203269.9894881,0.8808360391231778,4.793744295562807,2.0024034592258246,0.007195259642857174,-0.07590817614176941
1789203269.9961958,0.8808345771213723,4.793762665730435,2.002408854175576,0.007190827316017368,-0.07587612298599782
1789203269.9998426,0.880833604612811,4.793774911785168,2.002412449912386,0.007187876370406243,-0.07585477107282189
1789203270.0057602,0.8808321490699672,4.793793279858199,2.002417842153142,0.007183455824521827,-0.0758227680628698
1789203270.0101035,0.8808311808460607,4.793805524609424,2.0024214360603487,0.007180512689983544,-0.07580144905436409
1789203270.0157459,0.8808297316078006,4.793823891852916,2.002426825864149,0.007176103658881329,-0.07576949381350374
1789203270.020213,0.8808287675566974,4.793836136382881,2.002430418220066,0.007173167975159642,-0.07574820514115087
1789203270.0259852,0.88082732458264,4.793854503276722,2.002435805632548,0.00716877009353974,-0.07571629487516132
1789203270.0304804,0.8808263647066873,4.793866747570191,2.002439396354236,0.007165841829172592,-0.07569503582254444
1789203270.0361276,0.8808249279479927,4.793885114578947,2.0024447814233715,0.007161454911817839,-0.07566316865752497
1789203270.040571,0.8808239722426682,4.793897358607069,2.002448370431205,0.0071585340372957015,-0.07564193855410804
1789203270.0464308,0.8808225417234761,4.793915725240356,2.0024537528879973,0.007154158172629791,-0.07561011428697188
1789203270.0497046,0.8808215901641726,4.793927969033826,2.0024573401293826,0.007151244637166204,-0.07558891244040064
1789203270.0556238,0.8808201659753563,4.79394633388076,2.0024627194025966,0.007146880003175825,-0.07555713161499733
1789203270.0600705,0.8808192186005448,4.793958576601493,2.0024663045309263,0.007143973997839073,-0.07553595882356941
1789203270.0659022,0.8808178006403239,4.79397693999613,2.0024716806529423,0.007139620558745257,-0.07550422094315805
1789203270.0704873,0.8808168573880392,4.793989181844104,2.0024752636933263,0.0071367219431421915,-0.07548307637056217
1789203270.0762234,0.8808154455692951,4.794007544061642,2.0024806367023715,0.007132379473076888,-0.07545138020762716
1789203270.079646,0.8808145057489306,4.794019785430152,2.0024842184601064,0.007129488091958136,-0.07543026303959392
1789203270.0864031,0.8808130952075885,4.7940381458786305,2.002489593469799,0.007125145367838686,-0.075398615625637
1789203270.0898485,0.8808121549266221,4.794050385982973,2.0024931776602495,0.0071222471300168766,-0.07537753615084641
1789203270.095698,0.8808107457408398,4.794068744819051,2.0024985534783815,0.00711789881128312,-0.07534594088055249
1789203270.1001208,0.8808098075573854,4.794080983473853,2.0025021365390896,0.007115001053166671,-0.07532489209500418
1789203270.1058252,0.8808084027883165,4.794099341025105,2.0025075093126947,0.007110658145194261,-0.07529333840990377
1789203270.1101775,0.8808074682014303,4.794111579293191,2.002511089735784,0.007107766197294607,-0.07527231452589478
1789203270.1159213,0.8808060695137905,4.794129936784732,2.002516458031694,0.0071034342222435,-0.0752407952612605
1789203270.1204238,0.8808051392974674,4.7941421752717375,2.002520035291715,0.0071005505484121765,-0.07521979295723089
1789203270.1263769,0.8808037474464,4.79416053336017,2.0025253987822675,0.007096231819865884,-0.07518830476607656
1789203270.1298587,0.880802821843201,4.794172772877825,2.0025289730532028,0.007093357256532508,-0.07516732263021483
1789203270.1369076,0.8808014369069643,4.794191133267129,2.0025343324336635,0.007089051886590577,-0.07513586215674678
1789203270.1400416,0.8808005158694755,4.794203374760312,2.0025379042270264,0.007086186025530563,-0.07511489771849034
1789203270.1457431,0.880799137742165,4.794221737751965,2.0025432599511634,0.0070818936465958625,-0.07508346493371883
1789203270.150308,0.8807982212124617,4.7942339805491985,2.002546829286,0.007079036099677509,-0.07506251834250903
1789203270.1559417,0.8807968497618087,4.7942523449179895,2.0025521812965885,0.00707475600198661,-0.07503111355128882
1789203270.1603384,0.8807959376381279,4.794264587973726,2.0025557480301264,0.007071906624557064,-0.07501018710346312
1789203270.1659722,0.8807945726322678,4.79428295280841,2.00256109630317,0.007067638360201134,-0.0749788125627415
1789203270.1704981,0.8807936647014251,4.79429519621638,2.0025646606422884,0.007064796586884423,-0.07495790628200975
1789203270.1761546,0.880792318950126,4.794313582768831,2.0025699999985824,0.007060581681880845,-0.07492653288203129
1789203270.1797304,0.8807914338823859,4.794325854545684,2.0025735549686754,0.00705783545980769,-0.07490558919175368
1789203270.186599,0.8807901220138009,4.794344278574079,2.0025788829561635,0.007053784903676359,-0.07487415079342973
1789203270.1899502,0.8807892670650885,4.79435667414337,2.0025824607225835,0.007051133254829057,-0.07485319681765207
1789203270.1956785,0.8807880180332524,4.794375506050249,2.0025878909445036,0.007047278307648508,-0.07482180306406996
1789203270.2002077,0.8807872034937163,4.794388198593567,2.002591550740806,0.007044763991255443,-0.0748008452383313
1789203270.2058945,0.8807860032894826,4.794407413557559,2.0025970940251483,0.007041046720098709,-0.07476931694744811
1789203270.210394,0.8807852150071156,4.794420325316035,2.002600821432298,0.0070385934378170405,-0.07474822479081546
1789203270.2160666,0.8807840468697365,4.794439822758139,2.0026064539315054,0.0070349382979385845,-0.07471647380458613
1789203270.2196226,0.8807832759966302,4.794452896351642,2.002610233060092,0.007032513057686138,-0.07469523476337388
1789203270.2263083,0.880782129296102,4.794472603059767,2.0026159324833728,0.007028886653605167,-0.07466327947957088
1789203270.2297103,0.8807813702197471,4.794485796696084,2.0026197497107168,0.007026474397880274,-0.07464191907234748
1789203270.235493,0.8807802383306756,4.794505658465658,2.002625497589857,0.0070228613994947914,-0.07460980652917877
1789203270.2399137,0.8807794849351591,4.794518907348021,2.00262933490338,0.007020455323034037,-0.07458835769505963
1789203270.2455654,0.8807783488623772,4.794538703535442,2.0026350752097675,0.007016792935865191,-0.07455599452368637
1789203270.2513044,0.8807775960820796,4.794551950415421,2.002638911766352,0.007014359422460822,-0.07453444215678695
1789203270.2564065,0.8807764655448571,4.794571789292536,2.002644659135641,0.007010704327804994,-0.07450209504168709
1789203270.2600574,0.880775713739344,4.794585027076688,2.002648492276049,0.00700827520331264,-0.07448055537082596
1789203270.265835,0.8807745891216492,4.794604903125265,2.0026542436574575,0.007004617341285256,-0.07444820944272579
1789203270.2703707,0.8807738389545937,4.794618130898888,2.0026580717747318,0.007002182527847916,-0.07442666022539028
1789203270.276219,0.8807727208704386,4.7946380379059725,2.0026638248338116,0.00699853895063108,-0.07439437201131029
1789203270.280671,0.8807719752626411,4.79465128273898,2.0026676535264083,0.006996112486437379,-0.07437285244090389
1789203270.2864087,0.8807708592275312,4.794671148014137,2.002673392978411,0.006992468581545934,-0.0743405659966494
1789203270.2898707,0.8807701184768618,4.794684413363518,2.0026772214550874,0.006990042688922044,-0.07431906005968125
1789203270.2957265,0.8807690119269905,4.794704335064923,2.00268296748394,0.00698642777773688,-0.0742868727592904
1789203270.3003707,0.8807682713550596,4.794717548660937,2.002686781961846,0.006983997300677435,-0.07426534832945511
1789203270.3060884,0.8807671678527279,4.79473743853155,2.0026925137463594,0.006980367669912354,-0.07423313299521841
1789203270.3104734,0.8807664367704325,4.794750737635016,2.0026963417546524,0.006977965209043121,-0.07421170953106052
1789203270.3163316,0.8807653403790342,4.794770641191161,2.002702073451113,0.006974368609653566,-0.07417957745355498
1789203270.3199563,0.880764609923039,4.794783889158943,2.0027058872610533,0.0069719503674990566,-0.07415809330147649
1789203270.3266249,0.8807635210489587,4.7948038228970065,2.0027116175503026,0.006968352453686486,-0.07412596756436345
1789203270.3302677,0.8807627993970005,4.794817146896709,2.0027154439515837,0.00696596805900145,-0.07410458883256692
1789203270.3358026,0.8807617138645328,4.794837023837811,2.0027211583467994,0.006962377555486609,-0.07407245956934783
1789203270.3402617,0.8807609933073504,4.794850296950554,2.002724969168962,0.006959981992863185,-0.07405104212207429
1789203270.3458405,0.8807599187761189,4.794870262362142,2.0027306944043355,0.006956413462382622,-0.07401899580640962
1789203270.3503344,0.8807592030197066,4.79488354251985,2.0027345034341684,0.0069540365627184875,-0.07399763033505402
1789203270.3559744,0.8807581320258528,4.7949034554278285,2.0027402118535793,0.006950468355108997,-0.07396557154580484
1789203270.3605056,0.8807574209538035,4.794916748994238,2.0027440186739325,0.00694809300681345,-0.07394421353924452
1789203270.3661938,0.8807563584212289,4.794936710451324,2.002749731246124,0.0069445506231613505,-0.07391223596941984
1789203270.36951,0.8807556484523053,4.794949950949975,2.00275352293833,0.00694217208221105,-0.07389086640083933
1789203270.3761873,0.8807545895359359,4.794969876495265,2.002759219550591,0.006938618478767106,-0.07385886949007286
1789203270.3795698,0.8807538874663694,4.794983197032319,2.0027630234793534,0.006936264716088623,-0.07383758359879594
1789203270.3863552,0.8807528369192972,4.795003164179764,2.002768724590165,0.0069327403434964055,-0.07380566146909724
1789203270.3897986,0.8807521377618608,4.7950164582836905,2.002772519499533,0.006930390775515631,-0.07378437801499696
1789203270.396637,0.8807510923292835,4.795036409708481,2.002778210108562,0.006926860277714497,-0.07375244269368827
1789203270.399784,0.8807503975991071,4.795049713970799,2.002782002622727,0.006924520731293139,-0.0737311895832185
1789203270.4057438,0.8807493587560343,4.795069678947003,2.0027876897128842,0.006921003685701504,-0.07369929405354249
1789203270.4100883,0.8807486670169393,4.795082962527997,2.002791473056642,0.006918663319753652,-0.07367804285508676
1789203270.4157138,0.8807476345840127,4.795102943998164,2.002797157096853,0.006915161128609875,-0.07364619219330246
1789203270.4202363,0.8807469471553052,4.795116237909825,2.0028009385125918,0.006912829299906018,-0.07362496494440884
1789203270.4260116,0.880745921042893,4.795136232892767,2.00280661954475,0.006909338651557878,-0.07359314385288078
1789203270.4305406,0.8807452365563244,4.795149505069271,2.0028103920571336,0.006907013973821208,-0.0735719339483376
1789203270.4360092,0.8807442128268961,4.795169432653336,2.0028160503207664,0.0069035112873720664,-0.07354010432563332
1789203270.4403849,0.8807435338425643,4.795182754993913,2.002819828511909,0.00690119234388941,-0.07351892447313782
1789203270.4459515,0.8807425204852092,4.7952027859217425,2.0028255045460117,0.006897730561540981,-0.07348718019014788
1789203270.4504724,0.8807418447840714,4.7952160803619615,2.0028292735776896,0.0068954227596263835,-0.07346601111772316
1789203270.456032,0.8807408341556185,4.795236036180402,2.0028349258229334,0.006891944108458932,-0.07343424355171288
1789203270.4607563,0.8807401636407762,4.795249375023584,2.0028386997989327,0.006889639716521221,-0.07341309526637581
1789203270.4661078,0.8807391616526321,4.795269398600053,2.0028443621783603,0.0068861982354666024,-0.0733813895807834
1789203270.4706452,0.8807384931538176,4.79528268352463,2.002848120037696,0.0068838888365588356,-0.07336023323029343
1789203270.4759414,0.8807374949336431,4.7953026676915425,2.002853765668921,0.006880436331668045,-0.07332853229295007
1789203270.48033,0.8807368325807783,4.79531602314758,2.002857535168655,0.006878147250049005,-0.07330741745661246
1789203270.4858117,0.8807358406509069,4.795336014701075,2.0028631775360086,0.0068747188151613665,-0.07327574592905672
1789203270.4902697,0.8807351802594074,4.7953493215632745,2.0028669313783367,0.006872418659605506,-0.0732546249256482
1789203270.4958415,0.880734194022122,4.795369335523229,2.0028725713261273,0.006868990560448513,-0.07322297959551088
1789203270.5001907,0.8807335395916487,4.7953827085201794,2.0028763368493583,0.006866715774107335,-0.07320189194811758
1789203270.5060382,0.8807325597838118,4.795402726692467,2.0028819725916165,0.006863301314892718,-0.07317025719828626
1789203270.510541,0.8807319076627986,4.795416047382313,2.0028857215404288,0.006861023179930102,-0.0731491710615731
1789203270.5163434,0.880730933574843,4.7954360790300266,2.0028913534916697,0.006857613769490396,-0.0731175590194932
1789203270.5199673,0.880730286277777,4.795449434543987,2.0028951065889737,0.006855351070481052,-0.0730964909200053
1789203270.5257359,0.8807293181646937,4.795469473147859,2.0029007342489487,0.006851949747019908,-0.07306489389491201
1789203270.5304558,0.8807286739579935,4.795482806827204,2.0029044777104428,0.006849685359696488,-0.07304383552930242
1789203270.5364316,0.8807277113976877,4.795502857690419,2.0029101019318745,0.006846295102081764,-0.07301225991231802
1789203270.540059,0.8807270709554476,4.7955161995707565,2.0029138432088605,0.006844037429616248,-0.07299121408671276
1789203270.5458956,0.8807261133795119,4.7955362331779945,2.002919456926564,0.006840656647951343,-0.07295965561575883
1789203270.550494,0.8807254765847466,4.795549585011847,2.0029231961235117,0.006838399078579392,-0.07293862541623247
1789203270.5561402,0.880724525264916,4.795569659175785,2.002928813361716,0.00683502966356447,-0.07290708665045621
1789203270.5596411,0.8807238918651049,4.795582988505891,2.0029325430411777,0.0068327848800809644,-0.0728860629401778
1789203270.5664535,0.8807229441476685,4.795602996516457,2.002938136690957,0.006829405199956662,-0.07285455574574223
1789203270.5698895,0.8807223148854918,4.795616368165727,2.002941871668895,0.006827165166104489,-0.07283355649990979
1789203270.5755477,0.8807213750611528,4.795636468138485,2.0029474822534974,0.006823818635648581,-0.07280205196209814
1789203270.5800796,0.8807207495922477,4.795649813987247,2.002951207339774,0.006821587819405249,-0.07278104874928513
1789203270.5859754,0.8807198136454093,4.795669844856665,2.0029567940347635,0.006818228206396429,-0.07274957643238618
1789203270.5903244,0.8807191920623519,4.795683230261629,2.0029605242351463,0.006816000512544849,-0.07272859462365414
1789203270.5962014,0.8807182630516994,4.7957033231437025,2.0029661207686162,0.006812671267989802,-0.07269711079949726
1789203270.6004937,0.8807176455235606,4.795716710752011,2.002969847772546,0.006810446724850586,-0.07267613406334675
1789203270.6062255,0.8807167216742325,4.795736782771077,2.002975432962142,0.0068071169402930615,-0.07264466928129858
1789203270.6094391,0.8807161076183941,4.795750176550468,2.002979157364397,0.006804898347671787,-0.07262370084131199
1789203270.6162078,0.8807151892213679,4.795770256287632,2.0029847380938444,0.006801577421199513,-0.07259224900505722
1789203270.6197426,0.880714578793347,4.795783654986137,2.002988459508746,0.0067993646350835305,-0.07257128957435785
1789203270.6265056,0.8807136652957771,4.795803718690933,2.0029940293826227,0.00679604704194284,-0.07253986396902319
1789203270.6298082,0.8807130583842698,4.795817124480341,2.002997748211764,0.006793841439489818,-0.07251891368834976
1789203270.6365418,0.880712150860099,4.795837221691726,2.003003320545989,0.006790538730451005,-0.07248748675044622
1789203270.639645,0.8807115476642321,4.79585063142964,2.0030070363404846,0.006788337583356619,-0.0724665438254785
1789203270.6465468,0.8807106451014218,4.795870711687673,2.0030125977619364,0.006785036941434265,-0.07243514317441564
1789203270.6504009,0.8807100453671604,4.795884127764735,2.0030163109031154,0.006782842242613484,-0.0724142075799341
1789203270.6561725,0.8807091480539045,4.79590421825174,2.0030218686394274,0.006779550567405324,-0.07238281791222044
1789203270.6596642,0.8807085517400046,4.795917641332541,2.0030255795306,0.006777361334520796,-0.07236188818675166
1789203270.666607,0.8807076597707238,4.7959377409396,2.0030311333508304,0.006774077531137458,-0.07233050742996755
1789203270.6700225,0.8807070669879549,4.795951169523574,2.0030348415166848,0.006771893576658048,-0.07230958345466508
1789203270.6756675,0.8807061803191455,4.795971277757544,2.0030403913307775,0.006768617637285763,-0.07227821207165251
1789203270.6801789,0.8807055909608602,4.7959846860936155,2.0030440898011,0.006766438740397324,-0.0722572934886813
1789203270.6859648,0.8807047092576753,4.7960048056470335,2.0030496360138845,0.006763166665569809,-0.07222594988234651
1789203270.69036,0.880704123419931,4.796018246006909,2.0030533387977165,0.0067609940866755645,-0.07220503553647843
1789203270.6961262,0.880703247323599,4.796038371907029,2.0030588805039393,0.006757734687286147,-0.07217368083322681
1789203270.6995738,0.8807026650026466,4.796051791684474,2.0030625735430605,0.006755566340440397,-0.07215277224122267
1789203270.7063472,0.8807017937955345,4.796071927902036,2.003068111581274,0.006752309897556395,-0.07212144674109272
1789203270.7096922,0.8807012147722164,4.7960853795912906,2.0030718091557556,0.006750147229458158,-0.07210054139579347
1789203270.7165055,0.8807003487561963,4.796105475620319,2.003077330008149,0.006746897039556897,-0.07206922580966263
1789203270.720065,0.8806997724710871,4.796118890111842,2.0030810129661223,0.0067447297594000095,-0.07204837006792472
1789203270.7258418,0.8806989106989057,4.796139055004891,2.0030865460375353,0.006741492831329296,-0.07201704778966572
1789203270.7302096,0.8806983382237812,4.796152524054892,2.003090239960018,0.0067393415903817455,-0.07199614305973291
1789203270.7357624,0.8806974827620556,4.79617269116555,2.0030957679625736,0.006736116980817865,-0.07196478255742073
1789203270.740107,0.880696913696978,4.796186117335776,2.0030994459886307,0.006733956855422625,-0.07194393997219524
1789203270.7457693,0.8806960623286394,4.796206298213687,2.0031049712848428,0.006730731354503513,-0.07191263021711601
1789203270.7502518,0.8806954966381692,4.7962197768705614,2.003108659673505,0.006728588254592853,-0.07189173176016496
1789203270.7558756,0.8806946511095083,4.796239960072018,2.00311417938909,0.006725372320436173,-0.07186040763251324
1789203270.760325,0.8806940890691595,4.796253394605004,2.0031178511514613,0.006723227314643875,-0.07183954627955835
1789203270.7659776,0.8806932479092366,4.796273588018232,2.0031233672327793,0.006720015315593952,-0.0718082509565099
1789203270.769489,0.880692688879816,4.796287074896798,2.0031270494954905,0.006717881151238556,-0.07178736010483155
1789203270.776801,0.8806918534953267,4.796307226415647,2.0031325473592037,0.006714673865542226,-0.07175608056789638
1789203270.7800698,0.8806912974125111,4.796320676471462,2.003136214913753,0.0067125349399537165,-0.07173525222366685
1789203270.7856758,0.8806904655273374,4.7963408920446655,2.003141724529126,0.006709339161591577,-0.07170395803416217
1789203270.7900507,0.880689912755316,4.7963543934383805,2.0031454025353486,0.006707214723480159,-0.07168306674462743
1789203270.795552,0.8806890868613305,4.796374611378677,2.00315090661918,0.0067040263471823194,-0.07165175840786328
1789203270.80002,0.8806885380136174,4.796388069454718,2.0031545679823544,0.006701899532716048,-0.07163091049876122
1789203270.8058076,0.8806877163765119,4.796408296615386,2.0031600683692963,0.006698714262777794,-0.07159963303919094
1789203270.8102238,0.8806871702202097,4.796421805160706,2.003163740054863,0.006696597423106773,-0.07157874977399788
1789203270.8159814,0.8806863545058184,4.796441991501749,2.0031692221940043,0.006693416395913889,-0.07154748958780296
1789203270.8205273,0.880685811479501,4.79645546308655,2.003172878897862,0.00669129511238355,-0.07152667615341257
1789203270.82636,0.8806849989417169,4.796475709531167,2.0031783720367593,0.006688125280301378,-0.07149539643248505
1789203270.8297613,0.8806844589656303,4.796489230492126,2.0031820388100905,0.006686017960443587,-0.07147451190599668
1789203270.8363893,0.8806836523631272,4.796509479199862,2.0031875261906613,0.00668285531314553,-0.07144321798463386
1789203270.8397684,0.8806831161970067,4.796522980499517,2.0031911830557116,0.006680749911267781,-0.07142234451541497
1789203270.8455453,0.8806823138795516,4.796543237373353,2.003196666726888,0.006677587947219874,-0.07139109272545217
1789203270.8503752,0.8806817806932082,4.7965567437698216,2.0032003208972764,0.006675486432250281,-0.07137021921747191
1789203270.8561914,0.8806809828531084,4.796577009201356,2.0032058007741838,0.006672330352773876,-0.07133896953412515
1789203270.8603976,0.8806804527026963,4.7965905211882465,2.003209452335475,0.006670232619650179,-0.07131809655501087
1789203270.8662205,0.8806796595158591,4.796610793866359,2.0032149278954123,0.006667082522711912,-0.07128684937840066
1789203270.8706734,0.8806791324902963,4.7966243104615,2.003218576484236,0.006664988932785131,-0.07126597752334746
1789203270.8763564,0.880678343964137,4.796644590287997,2.003224047677046,0.006661845068833366,-0.0712347335312053
1789203270.879786,0.880677819538231,4.796658133390898,2.003227699940313,0.006659755511934871,-0.0712138627734689
1789203270.8865743,0.8806770369233796,4.7966783766001795,2.0032331535278654,0.006656616364209166,-0.07118263168107719
1789203270.8898513,0.8806765157156111,4.7966918858678,2.003236791426649,0.0066545231800417244,-0.07116183899699843
1789203270.8955686,0.8806757354531284,4.79671218814996,2.0032422565630523,0.006651394568667497,-0.07113057479311233
1789203270.899809,0.8806752167861293,4.796725745853043,2.0032459046483813,0.006649314094606581,-0.07110969336571603
1789203270.9054852,0.880674442829306,4.796746050555301,2.003251363641054,0.0066461956608513065,-0.07107837246704106
1789203270.909905,0.8806739281913842,4.79675957155933,2.003254996393421,0.006644108297263284,-0.0710575954923087
1789203270.916765,0.8806731572785319,4.796779890728438,2.003260453916892,0.006640988642709585,-0.07102634263543692
1789203270.9206629,0.880672644595447,4.796793459866431,2.003264097094916,0.006638914400793029,-0.07100546389890429
1789203270.9265835,0.880671879647889,4.796813782563408,2.003269548844555,0.006635805419375363,-0.07097414370172744
1789203270.930048,0.8806713711036623,4.796827315276174,2.0032731766045186,0.006633725175444425,-0.07095337067479256
1789203270.9359064,0.8806706092738356,4.796847651276102,2.003278626504152,0.006630616234984252,-0.07092211843080463
1789203270.9405186,0.8806701026415726,4.796861231003155,2.00328226440878,0.006628549326907131,-0.07090123843914817
1789203270.9461184,0.8806693467648651,4.796881570528641,2.0032877083463783,0.006625451349650139,-0.07086991634339615
1789203270.9505472,0.8806688442321051,4.796895114935333,2.0032913310042124,0.006623378554672196,-0.07084914600678688
1789203270.9562175,0.8806680912509725,4.796915468215163,2.0032967732949043,0.006620280359747151,-0.07081789328544955
1789203270.9596217,0.8806675903927222,4.79692905978692,2.003300406295802,0.006618220404250838,-0.07079701101965813
1789203270.9663706,0.8806668425925551,4.796949436912305,2.003305848965214,0.006615132643383574,-0.07076568512745036
1789203270.9699376,0.8806663451705607,4.79696303136885,2.003309478431265,0.006613073695925844,-0.07074482236458535
1789203270.9756052,0.8806656021679408,4.796983396499922,2.003314911049247,0.0066099850980776455,-0.07071355792142611
1789203270.980153,0.880665107371889,4.79699699638883,2.003318538067762,0.006607928969688605,-0.07069269226174098
1789203270.9858572,0.8806643684797877,4.79701736956456,2.0033239667872187,0.006604845061762688,-0.07066142515508077
1789203270.9904773,0.8806638764861198,4.797030974115348,2.0033275909486754,0.006602792422167809,-0.07064055799291072
1789203270.9961333,0.8806631415778705,4.797051372837882,2.0033330210423688,0.0065997167541204165,-0.07060924489865544
1789203270.9995635,0.8806626526768605,4.797064981005784,2.0033366419008454,0.006597666536879219,-0.07058838743706165
1789203271.0064766,0.8806619225153384,4.797085368178296,2.0033420618082958,0.006594591896251529,-0.07055712923472436
1789203271.0099118,0.8806614362099456,4.797098982334597,2.003345680278179,0.006592545566191886,-0.07053626542518825
1789203271.0157006,0.880660709859314,4.797119396749075,2.003351102100096,0.0065894794307583965,-0.07050495441895187
1789203271.0202928,0.8806602267537925,4.79713301635616,2.003354717619063,0.006587435976749918,-0.07048410163436557
1789203271.0261016,0.8806595051211796,4.7971534400742355,2.0033601353983377,0.00658437467850265,-0.07045280501794468
1789203271.0295217,0.8806590251449159,4.797167066499644,2.003363748414742,0.006582334813113047,-0.0704319610064262
1789203271.0364187,0.8806583081781199,4.797187501589889,2.003369162823875,0.006579278924262083,-0.07040067623801753
1789203271.042538,0.8806575932432039,4.797207962007474,2.0033745811353576,0.00657622602163869,-0.07036940708154636
1789203271.0456698,0.880657119151741,4.79722158636446,2.0033781857899884,0.006574192171020924,-0.07034856789073024
1789203271.052494,0.8806564090094748,4.797242058678812,2.0033836009113646,0.006571144998630331,-0.07031730625488562
1789203271.0559194,0.880655938102304,4.797255691376306,2.003387203550399,0.006569115039498687,-0.07029647109879282
1789203271.0614667,0.8806552327553301,4.797276176610518,2.003392615733325,0.006566073709618341,-0.0702652153670074
1789203271.0660396,0.8806547645342894,4.797289836270928,2.003396222241648,0.006564051330973305,-0.07024433157181736
1789203271.0717416,0.8806540644971425,4.797310333049817,2.0034016308044356,0.006561014190865885,-0.0702130984720077
1789203271.0762808,0.8806536001180596,4.797323982781154,2.0034052294336524,0.006558991198043646,-0.070192278952809
1789203271.0819633,0.880652904400324,4.7973444950587485,2.003410636115922,0.006555960515224601,-0.07016104166905979
1789203271.0863025,0.8806524425233555,4.79735817345579,2.0034142392096044,0.006553945355580895,-0.07014016768717303
1789203271.092337,0.8806517519603521,4.797378700461759,2.003419643236628,0.006550918820447681,-0.07010894698098227
1789203271.0957584,0.8806512933597468,4.797392389498656,2.0034232449263634,0.0065489067229718475,-0.07008808311209812
1789203271.1024315,0.8806506075477929,4.7974129316053595,2.0034286467746707,0.006545884603628576,-0.07005687070164399
1789203271.1058273,0.8806501521095158,4.797426629833641,2.0034322467325767,0.0065438757427972866,-0.07003600917769896
1789203271.1115904,0.8806494710334751,4.7974471853713165,2.003437645820095,0.0065408587978841954,-0.07000479933661083
1789203271.1160858,0.8806490180706773,4.797460911693135,2.0034412499914898,0.006538853462188682,-0.06998393911567152
1789203271.1220644,0.8806483422440313,4.797481478731854,2.003446645474042,0.0065358445468742185,-0.06995269058363368
1789203271.126246,0.8806478907573555,4.7974951077734,2.0034502219334724,0.006533846242209098,-0.06993182278305958
1789203271.1318974,0.8806472121434098,4.797515181487576,2.0034554874248105,0.006530887768107067,-0.06990043670401622
1789203271.1364315,0.8806467586321074,4.797528189114767,2.0034588921535006,0.006528995053431633,-0.06987947155088124
1789203271.1421683,0.8806460718424938,4.79754722392943,2.0034638582311057,0.006526238159809411,-0.06984824776590745
1789203271.1465569,0.8806456131672235,4.797559526250371,2.0034670406857016,0.0065244493611701605,-0.06982768648807129
1789203271.1519873,0.8806449186169222,4.797577385247124,2.003471616063831,0.006521879090429977,-0.06979740093058813
1789203271.156299,0.8806444451127629,4.797588946318857,2.0034745564917764,0.006520201079635017,-0.06977763316971743
1789203271.1625013,0.8806437135159171,4.797605849413348,2.003478832640858,0.006517695568271813,-0.0697486205529902
1789203271.1660519,0.8806432095854363,4.797616863791379,2.003481608035789,0.006516017597301156,-0.06972968351018766
1789203271.1717923,0.880642428040218,4.797633060635214,2.0034856779532166,0.006513474149017185,-0.06970182556514001
1789203271.1764047,0.880641889755061,4.797643670138516,2.0034883386344142,0.0065117548931747146,-0.06968358295123987
1789203271.1820989,0.8806410582352003,4.797659345852973,2.003492263395614,0.006509136808073853,-0.06965664843196977
1789203271.1865747,0.8806404903825241,4.79766966163108,2.0034948410250824,0.006507368742845399,-0.06963894092785992
1789203271.1921957,0.8806396220557499,4.797684968459314,2.0034986574896414,0.006504689844813006,-0.06961269314700766
1789203271.195501,0.8806390338502373,4.797695078905209,2.0035011729434515,0.006502888948320544,-0.06959537292773837
1789203271.202276,0.8806381673732531,4.797710577793374,2.003505041567674,0.00650021087624095,-0.06956950816577208
1789203271.2057395,0.8806375842266597,4.797720850727539,2.0035076067776982,0.00649843041474305,-0.0695522534053487
1789203271.2124798,0.8806366962109993,4.797736103604387,2.003511411490666,0.0064957225673194395,-0.06952644449592885
1789203271.215744,0.8806360962246461,4.797746184947638,2.003513922572666,0.0064938973527751,-0.06950931273916237
1789203271.2225127,0.880635190715859,4.797761291879933,2.0035176843769165,0.006491135571322115,-0.06948374363636003
1789203271.2259758,0.88063459741254,4.797771590595636,2.003520260328599,0.006489318192189367,-0.06946667953132918
1789203271.2317657,0.8806336955683077,4.7977868727945125,2.003524081313076,0.00648657355197893,-0.069441038434464
1789203271.2362933,0.8806330867707015,4.7977969684783135,2.003526602969771,0.006484720903518528,-0.06942397712217573
1789203271.2419305,0.8806321633130471,4.797811997587499,2.0035303519008827,0.00648191515178222,-0.06939848292441828
1789203271.246479,0.8806315461620418,4.797822045429707,2.0035328598017648,0.006480030021476936,-0.06938156487805268
1789203271.2522852,0.8806306323895693,4.797837400055369,2.0035367101085084,0.006477236878491381,-0.06935611562082361
1789203271.256477,0.8806300161469423,4.79784753296511,2.0035392496398883,0.006475359034235706,-0.0693391298367636
1789203271.2621715,0.8806290816355984,4.797862605002566,2.0035430229003195,0.006472512499655222,-0.06931371290362774
1789203271.2656236,0.8806284524260716,4.797872581353413,2.0035455172140244,0.00647059870277814,-0.06929683464253715
1789203271.2723093,0.8806275133512246,4.797887729125454,2.003549314859621,0.0064677192729151395,-0.06927160288705776
1789203271.2758296,0.8806268901794373,4.797897916007658,2.003551877039907,0.00646581904712093,-0.06925472386232479
1789203271.2824047,0.8806259455981563,4.7979130511835875,2.003555681020127,0.006462935818959786,-0.06922940821593947
1789203271.2857723,0.880625309589044,4.797923060197851,2.0035581937407407,0.006460995494379456,-0.06921257501322327
1789203271.2925134,0.8806243468629835,4.79793797139437,2.0035619324981297,0.006458063282734912,-0.06918742910746686
1789203271.295739,0.8806237120460282,4.797948126774874,2.003564491300844,0.006456105992333386,-0.06917071406243741
1789203271.301586,0.8806227573155448,4.797963342257463,2.0035683305225342,0.0064531880080273,-0.06914554352778474
1789203271.3062818,0.8806221145961399,4.797973391860874,2.003570864123308,0.006451222207637188,-0.06912877175826168
1789203271.3119416,0.880621141555841,4.797988349805907,2.0035746306573543,0.006448249038000419,-0.06910369164030457
1789203271.316723,0.8806204911094294,4.7979983480358355,2.0035771505337294,0.006446253461124467,-0.06908704209620416
1789203271.3223066,0.8806195131480452,4.798013362292594,2.0035809391457104,0.006443266248738425,-0.06906206795778161
1789203271.3257008,0.8806188634410068,4.798023476610298,2.0035834991212496,0.006441268517786435,-0.06904543197178926
1789203271.3325176,0.8806178805183618,4.798038510698122,2.0035873008582756,0.006438259739876219,-0.06902046523059206
1789203271.3359497,0.8806172196990956,4.798048456350305,2.003589812815472,0.006436238317218157,-0.06900386142964297
1789203271.3417864,0.8806162312249439,4.798063534812188,2.0035936333505977,0.006433201952207819,-0.06897898928752715
1789203271.3464415,0.8806155669361578,4.798073503151208,2.003596156335539,0.006431168042941925,-0.06896242051090178
1789203271.351923,0.8806145731665836,4.798088609307145,2.003599991456375,0.006428111560309682,-0.06893758261385227
1789203271.3564458,0.8806139052635154,4.798098591758057,2.0036025229170664,0.006426063188725182,-0.06892103008550222
1789203271.3624005,0.880612902193942,4.7981136332639815,2.003606343379455,0.006422977122368007,-0.06889625242265222
1789203271.3655899,0.8806122304921374,4.79812363312047,2.0036088839905126,0.006420914915225703,-0.06887973305096803
1789203271.3722496,0.8806112182874821,4.798138608971769,2.0036126891726154,0.006417800099500902,-0.0688550164460723
1789203271.375554,0.8806105427438755,4.798148629909672,2.0036152397089064,0.006415724524837628,-0.06883853906595583
1789203271.3825018,0.8806095249123981,4.7981636300772985,2.003619057886512,0.00641258917379907,-0.06881386511437193
1789203271.3859282,0.8806088455610234,4.798173663280226,2.003621615947166,0.006410499069473867,-0.06879740986479749
1789203271.3916233,0.880607818837936,4.798188585394985,2.00362541501362,0.006407341608101156,-0.06877276327256018
1789203271.3959014,0.8806071354056784,4.798198638219115,2.003627982013876,0.006405230476124365,-0.06875636032142336
1789203271.4014812,0.8806061028792416,4.7982135824073575,2.003631792767696,0.0064020523023399,-0.06873176078461819
1789203271.40591,0.8806054155223417,4.79822364624526,2.0036343665328973,0.006399926820137203,-0.06871538144369468
1789203271.4116864,0.8806043771276101,4.798238602440165,2.0036381860546686,0.006396726578604841,-0.06869081201856155
1789203271.4160373,0.8806036828104271,4.798248586808562,2.0036407373692184,0.006394580219478042,-0.06867447425397318
1789203271.4218364,0.8806026385696702,4.798263564362384,2.0036445676200945,0.006391359890895332,-0.06864996254239353
1789203271.4262042,0.8806019404096795,4.798273558779932,2.003647125033534,0.006389199787249449,-0.06863365409985848
1789203271.4319425,0.8806008903952158,4.79828854717218,2.0036509631638264,0.006385958151131799,-0.06860917915533929
1789203271.4362483,0.8806001854945232,4.79829845462008,2.003653496031872,0.006383783714922768,-0.0685928918080278
1789203271.4420545,0.8805991296752402,4.798313465886766,2.003657344423798,0.0063805162271229855,-0.06856849244271068
1789203271.4455938,0.8805984210966012,4.798323384869213,2.0036598833304566,0.006378328787852316,-0.06855223787090187
1789203271.4525712,0.8805973596493901,4.798338409599695,2.003663739461951,0.006375041179140818,-0.0685278746140893
1789203271.4558506,0.8805966469889575,4.798348335837074,2.0036662821788966,0.006372838916818391,-0.06851163738978523
1789203271.4616284,0.8805955761693868,4.798363289577867,2.0036701164203685,0.0063695218182470365,-0.06848733018972433
1789203271.4660466,0.8805948594603167,4.798373229380204,2.0036726644602596,0.006367305112029831,-0.06847112462519965
1789203271.4718306,0.880593782907519,4.798388198133478,2.003676506126027,0.006363966973951398,-0.06844685389988742
1789203271.4762838,0.8805930625210183,4.798398145005079,2.0036790587076583,0.006361736495301112,-0.06843066873184829
1789203271.4821377,0.8805919805140178,4.798413120476502,2.003682906412337,0.00635837807955125,-0.06840642626970736
1789203271.4855647,0.8805912564910591,4.7984230694255565,2.003685462466258,0.00635613404814183,-0.06839026149089394
1789203271.4922142,0.8805901662261272,4.798437960689069,2.0036892872426364,0.006352750207599741,-0.06836607047554052
1789203271.495743,0.8805894386652073,4.798447920588822,2.0036918487819735,0.006350494506537702,-0.06834995019735833
1789203271.5025694,0.8805883432785251,4.798462823554572,2.0036956807362682,0.00634709298609392,-0.06832580871501853
1789203271.506238,0.8805876122971413,4.79847278876973,2.003698246390604,0.006344824958703222,-0.06830971525683062
1789203271.511902,0.880586509015679,4.7984876050647705,2.003702054700575,0.006341404593990225,-0.06828560790983652
1789203271.5162873,0.8805857770868277,4.798497678033057,2.003704655396421,0.006339119316046976,-0.06826956707393989
1789203271.5220225,0.8805846766435252,4.798512749640074,2.003708549663144,0.0063356938508676896,-0.06824542270027145
1789203271.526359,0.880583938143514,4.798522693257979,2.0037111146053923,0.006333396006128268,-0.06822932221294321
1789203271.532051,0.8805828229896253,4.798537480883782,2.0037149214339904,0.006329931601462898,-0.06820524065185479
1789203271.5355563,0.8805820783833314,4.798547357213788,2.0037174657838692,0.006327613277634944,-0.06818925720374468
1789203271.5424342,0.8805809607358379,4.798562177809892,2.003721288467372,0.006324144126385346,-0.06816531365549502
1789203271.5458415,0.8805802173767916,4.798572155844721,2.003723869475724,0.006321828585242328,-0.06814937374996406
1789203271.5515852,0.8805790963513773,4.798586979080397,2.0037276986359784,0.006318347181293734,-0.06812546058646125
1789203271.556079,0.8805783472717633,4.798596872834935,2.0037302551152876,0.006316015636932506,-0.06810955654620174
1789203271.56197,0.8805772287869237,4.798611970511995,2.003734173381634,0.006312525319180473,-0.0680856525327376
1789203271.5664623,0.8805764783238486,4.798621923150645,2.0037367520844027,0.006310186376204265,-0.06806968176500859
1789203271.572319,0.8805753447835393,4.798636715251986,2.0037405763913596,0.006306657786775774,-0.06804576545279126
1789203271.5758266,0.8805745839394045,4.798646498981801,2.0037431000685064,0.00630429380434262,-0.06802987916562672
1789203271.5824914,0.8805734436996305,4.7986613336821975,2.003746934406349,0.006300742912212244,-0.0680061069026639
1789203271.5857556,0.880572684178689,4.798671316340804,2.0037495201743254,0.0062983720532653305,-0.06799025944732424
1789203271.5924022,0.880571537868293,4.79868614049264,2.0037533533080807,0.006294802915723556,-0.06796646723785932
1789203271.595572,0.880570768756228,4.798695939370298,2.0037558818945,0.006292411128929723,-0.06795063661886092
1789203271.6021442,0.8805696210618338,4.798710967923932,2.00375977842936,0.006288821328631029,-0.06792691401035075
1789203271.6054866,0.8805688530823644,4.7987209330986955,2.003762361593568,0.006286423310840505,-0.06791104921358959
1789203271.6122234,0.8805676935534796,4.798735733887547,2.003766190696891,0.006282805801196582,-0.06788726392774436
1789203271.6154933,0.8805669155414944,4.798745518653589,2.00376871663487,0.0062803826367390115,-0.0678714547517953
1789203271.6220734,0.8805657493498914,4.798760362738195,2.003772556057541,0.006276738864006634,-0.06784782511803952
1789203271.626351,0.8805649728292056,4.798770337492668,2.003775142297051,0.006274313924152229,-0.06783204210612526
1789203271.6319976,0.8805638011787138,4.798785147561223,2.003778975453062,0.006270656600669755,-0.06780834908602205
1789203271.6362925,0.8805630153093021,4.798794935203865,2.0037815035679363,0.006268206981790036,-0.06779258789238088
1789203271.6419356,0.8805618376473976,4.798809766913907,2.0037853424804286,0.006264527307680643,-0.06776899140155265
1789203271.6461856,0.8805610506948967,4.798819657220914,2.003787902791472,0.006262066453408023,-0.06775327313837258
1789203271.651717,0.8805598676164538,4.798834481112949,2.0037917414534885,0.006258372027352155,-0.06772968157821889
1789203271.6563547,0.8805590743393303,4.7988442739895865,2.00379427253394,0.006255897503041261,-0.06771397281538735
1789203271.6620722,0.8805578903568685,4.798859287079518,2.0037981708582158,0.006252183586617238,-0.06769042928882107
1789203271.666799,0.8805570983603985,4.798869238036406,2.003800754211269,0.006249703081822117,-0.06767468337443767
1789203271.672205,0.8805559030775152,4.798884012653672,2.003804582246779,0.006245963204221163,-0.06765107473094657
1789203271.675459,0.8805551013823512,4.79889377726971,2.0038071066357914,0.006243459271599421,-0.06763538383151174
1789203271.6821923,0.8805538996919026,4.798908588021561,2.0038109424191664,0.006239695161219876,-0.06761193498105189
1789203271.6855044,0.8805530995580252,4.798918538997787,2.003813525574402,0.006237189924719944,-0.06759627730693121
1789203271.6925323,0.8805518927015769,4.798933310439517,2.003817353166484,0.006233413716611944,-0.06757277292088733
1789203271.6959345,0.8805510835279357,4.798943071547525,2.003819877123284,0.006230885535911487,-0.0675571381306698
1789203271.701861,0.8805498708993246,4.7989578614119,2.003823708858328,0.006227088398441738,-0.06753373343126057
1789203271.7062318,0.8805490607172775,4.798967722986214,2.003826263961823,0.006224549900861561,-0.0675181443445339
1789203271.712037,0.8805478429099673,4.798982502771432,2.00383009417107,0.006220739097144363,-0.06749474836953587
1789203271.7163568,0.8805470290889647,4.798992358003633,2.003832648056979,0.0062181875527453955,-0.06747916907908987
1789203271.7221167,0.8805458056946718,4.799007128724036,2.0038364763538468,0.006214357314978673,-0.06745579398647106
1789203271.7265165,0.8805449880985909,4.799016978127517,2.0038390289212993,0.006211792924463917,-0.06744023127271506
1789203271.7323868,0.8805437590120526,4.799031740318908,2.0038428551868037,0.006207943497811511,-0.06741688369181442
1789203271.736555,0.880542937612878,4.7990415841430565,2.0038454063695816,0.006205366424281259,-0.06740134031690499
1789203271.742201,0.8805417028822669,4.799056339133755,2.0038492307547657,0.006201498121168774,-0.06737802158213511
1789203271.745478,0.8805408802388776,4.799066264012793,2.0038518079506447,0.00619891258509586,-0.06736248275883014
1789203271.7523887,0.8805396396881294,4.799080994882074,2.003855626109138,0.006195023491302743,-0.06733916034748452
1789203271.7559917,0.8805388105326915,4.799090820219644,2.0038581721578024,0.00619242027731895,-0.06732364634766162
1789203271.76276,0.8805375641078245,4.799105549131937,2.0038619890171465,0.006188513335141848,-0.06730038255916146
1789203271.7662027,0.8805367336678825,4.799115457459247,2.0038645613023442,0.006185902357236493,-0.06728488514374098
1789203271.771596,0.8805354815007732,4.799130164542915,2.0038683722791863,0.006181975456614842,-0.06726162983210592
1789203271.776182,0.8805346471522139,4.799140060037033,2.003870940850722,0.006179351382849551,-0.0672461465229947
1789203271.7817192,0.8805333890909076,4.799154749921241,2.003874746603846,0.006175405276341191,-0.06722291997430611
1789203271.786546,0.8805325508250341,4.79916463503276,2.0038773119102244,0.006172768618650682,-0.06720745872587412
1789203271.7921855,0.8805312869425046,4.799179310670096,2.0038811130766025,0.006168803913521883,-0.06718426719731786
1789203271.795839,0.8805304448423712,4.799189187389837,2.003883675597025,0.006166154987050488,-0.0671688297459952
1789203271.8027384,0.8805291776925842,4.7992039442253835,2.003887501648204,0.006162172167270046,-0.06714567196788401
1789203271.806308,0.8805283319029843,4.799213801247356,2.0038900588670003,0.0061595144630210135,-0.06713022858541354
1789203271.8120728,0.8805270589192518,4.799228533310003,2.0038938775795714,0.006155511625503491,-0.06710707795231809
1789203271.816621,0.8805262091537798,4.7992383754055465,2.0038964301357964,0.0061528409817756605,-0.06709164870514499
1789203271.8221653,0.88052493017953,4.799253086893077,2.0039002421837773,0.00614881911242697,-0.06706852922718003
1789203271.8257203,0.8805240764523203,4.799262916511448,2.0039027905703497,0.0061461360384854795,-0.06705312432466771
1789203271.8325775,0.8805227916151397,4.799277611149805,2.0039065968390606,0.0061420959042807885,-0.06703004298526098
1789203271.8359463,0.8805219385976555,4.799287609148521,2.0039091974219168,0.00613940399994023,-0.06701465301180363
1789203271.8417115,0.8805206526212712,4.799302419713285,2.0039130430544287,0.006135352691334881,-0.06699149942885305
1789203271.8461282,0.8805197905088651,4.799312189419754,2.0039155739900996,0.006132640516065254,-0.06697607643632741
1789203271.8520083,0.8805184927059309,4.799326807557587,2.0039193563053384,0.0061285585189434855,-0.06695302698361284
1789203271.8564358,0.8805176265367752,4.799336583037562,2.003921886583039,0.006125837097992595,-0.06693769112272503
1789203271.862085,0.8805163282488215,4.799351372402492,2.0039257212068606,0.006121748049253416,-0.06691468884489635
1789203271.8655646,0.8805154584945118,4.799361128345033,2.0039282456355636,0.006119014077970931,-0.06689934935892497
1789203271.872347,0.8805141543674697,4.799375905147748,2.0039320749572322,0.00611490325437225,-0.06687638615045485
1789203271.8757284,0.8805132856371286,4.799385822061138,2.0039346500098407,0.0061121644399155,-0.06686104642122076
1789203271.8814576,0.8805119757983169,4.799400527699614,2.0039384606154163,0.006108038613026991,-0.06683800507984888
1789203271.885877,0.8805110978511013,4.799410236266701,2.0039409702542477,0.006105277887418103,-0.06682267677776559
1789203271.8918526,0.8805097813616717,4.79942495127207,2.0039447791722087,0.006101128415882875,-0.06679976687339409
1789203271.8963864,0.8805089044748535,4.799434832024364,2.003947341646316,0.006098364850658759,-0.06678447403997519
1789203271.9022572,0.8805075826113716,4.799449490141844,2.003951135103433,0.006094202827343728,-0.06676151290736916
1789203271.9057736,0.8805066968125221,4.799459170745286,2.00395363436415,0.006091418572916353,-0.06674624058876559
1789203271.9117565,0.8805053728976746,4.799474014085233,2.0039574811471663,0.006087239514351444,-0.06672337490746057
1789203271.91637,0.8805044877467609,4.7994838506366015,2.003960028920526,0.006084448697297665,-0.06670808963026365
1789203271.9219763,0.880503153411694,4.799498452641721,2.0039638026286832,0.006080247313183811,-0.0666851725514904
1789203271.9265716,0.88050226135795,4.7995081938191975,2.0039663181958427,0.006077437822112359,-0.06666994188586889
1789203271.932044,0.8805009252634758,4.799523059464057,2.00397016790674,0.00607321951896104,-0.06664708025260536
1789203271.9365635,0.8805000308149039,4.799532852269048,2.00397269980577,0.006070398617630382,-0.0666318072012516
1789203271.9421594,0.8804986828188208,4.799547398250757,2.003976452318767,0.00606615484966446,-0.06660893915219677
1789203271.9465258,0.8804977832124666,4.7995571934246195,2.0039789810109156,0.006063319316028063,-0.06659373845573473
1789203271.9520702,0.8804964324233413,4.799572000006792,2.003982807380113,0.006059055618173775,-0.06657091419613274
1789203271.9564004,0.8804955285441747,4.799581758880739,2.0039853255133675,0.006056205704697339,-0.06655568000128803
1789203271.9624753,0.8804941680341065,4.799596352998667,2.003989086555789,0.0060519208606770675,-0.06653288238039816
1789203271.9666185,0.8804932602809025,4.799606291321638,2.0039916526566146,0.0060490540654671195,-0.06651769167645119
1789203271.9724717,0.880491893711873,4.799621014979225,2.0039954494301764,0.006044738439241584,-0.06649483944392659
1789203271.9759042,0.8804909790417492,4.79963072785001,2.003997949582719,0.006041854806373372,-0.06647961777966688
1789203271.982082,0.8804896029347858,4.799645351365821,2.004001711175714,0.00603751962763316,-0.06645685510633687
1789203271.9866772,0.8804886826407294,4.799655159211257,2.004004233077929,0.006034619592372992,-0.06644169016046958
1789203271.9923131,0.8804872964156877,4.799669848582771,2.0040080060608503,0.006030247580481441,-0.06641891506979268
1789203271.9956338,0.8804863682279891,4.799679638186483,2.004010517232246,0.006027322532880677,-0.06640373837347104
1789203272.0025265,0.8804849694351707,4.799694305621769,2.004014274749525,0.006022911774027393,-0.06638096313017901
1789203272.0060265,0.8804840325016052,4.799704083575623,2.004016776039135,0.006019960176626778,-0.06636579306056403
1789203272.0115793,0.8804826209769698,4.799719002114908,2.0040205944989364,0.006015500464287816,-0.06634299987896754
1789203272.016108,0.880481674305815,4.799728826841438,2.0040231031553484,0.0060125100154976826,-0.06632775347507047
1789203272.0218852,0.8804802458473159,4.799743415478966,2.004026818009143,0.00600800585513511,-0.06630490849485865
1789203272.0264628,0.8804792887852059,4.799753151891928,2.004029292987333,0.006004992922511046,-0.06628973118464036
1789203272.0322807,0.8804778468781159,4.79976802221656,2.004033075057621,0.0060004419631456704,-0.06626695668460802
1789203272.0356767,0.8804768799511279,4.799777822348971,2.0040355612953267,0.005997391000399093,-0.0662517323860417
1789203272.0424101,0.8804754216235404,4.799792477868095,2.004039271608579,0.0059927961236647094,-0.06622892249594196
1789203272.045806,0.8804744444812549,4.799802276609823,2.004041749262292,0.005989715514354778,-0.0662137294858095
1789203272.0514648,0.880472971354262,4.799817101104245,2.0040454958119107,0.005985067870874524,-0.06619091871769106
1789203272.055948,0.8804719834981283,4.799826877665669,2.0040479600267407,0.005981953170427075,-0.06617569079374577
1789203272.0616674,0.8804704941592146,4.799841689461014,2.0040516909800283,0.005977260000961674,-0.06615288300471198
1789203272.0663037,0.8804694958981458,4.799851633982588,2.00405419490338,0.005974104743597496,-0.06613764739946877
1789203272.07202,0.8804679895440316,4.799866381367334,2.004057898053627,0.005969349202528726,-0.06611473201357845
1789203272.0763786,0.8804669794499397,4.7998761180653915,2.0040603357676914,0.005966166319000716,-0.06609947423118812
1789203272.0820944,0.8804654569682607,4.799890870276594,2.004064027144774,0.005961368683758801,-0.0660766373798754
1789203272.0856948,0.8804644368256145,4.799900793595483,2.004066508970187,0.005958151742955563,-0.06606141178331856
1789203272.092253,0.8804628980492831,4.799915517519496,2.004070181474357,0.005953299936915692,-0.06603853427881833
1789203272.0981789,0.8804618669688533,4.799925426710437,2.0040726517394734,0.005950049264464593,-0.06602329212552598
1789203272.101523,0.8804603118010305,4.799940135258215,2.004076308302853,0.005945147609697857,-0.06600040654313045
1789203272.106233,0.8804592697226971,4.799950132889958,2.0040787951388532,0.005941863923389823,-0.0659851638478444
1789203272.111564,0.880457697783466,4.799965081642891,2.004082508187496,0.005936895835418482,-0.06596222660732436
1789203272.1158915,0.8804566438807333,4.799974935750727,2.0040849488297265,0.005933569476120113,-0.06594689667442809
1789203272.1214292,0.8804550543724683,4.799989579530796,2.0040885645903495,0.005928562469914295,-0.06592394249150312
1789203272.1257927,0.8804539895286756,4.799999543405143,2.004091026368655,0.00592521044915103,-0.0659086898912595
1789203272.1314073,0.8804523838487246,4.800014453490577,2.004094704862968,0.0059201417966435535,-0.06588576385818712
