wall_time,stage_index,x_m,y_m,z_m,roll_rad,pitch_rad,yaw_rad
1789205917.4659023,-1,0.6498242210428475,-0.012206724527136848,0.3758313514726667,-0.0009375868050724932,-0.08264928471754009,1.571865016812142
1789205917.5111494,0,0.6498212026017084,-0.012191251523293348,0.37583538796143684,-0.0009468358933783816,-0.08262699459345559,1.5718735665757528
1789205917.561365,0,0.6498192128023366,-0.012181534802935878,0.3758378979329677,-0.0009529171884914895,-0.08261242263769297,1.5718790959677302
1789205917.6111622,0,0.6498172233403632,-0.01217142335221661,0.37584052056634926,-0.0009590124701578578,-0.08259786398680437,1.5718847731638723
1789205917.6613479,0,0.64981520962801,-0.01216136242277108,0.37584312766052735,-0.0009651231851510152,-0.08258319235708719,1.5718902815213214
1789205917.7110403,0,0.6498132206269973,-0.012151754431919877,0.3758455588428318,-0.0009711964361923249,-0.08256902041528474,1.5718957772392974
1789205917.7612731,0,0.6498111943247846,-0.012142096863205935,0.37584804071432115,-0.000977299759281692,-0.08255472534258554,1.5719010072194184
1789205917.811121,0,0.6498091863919828,-0.012132243881437075,0.37585056086814383,-0.000983374799980393,-0.0825403010503029,1.5719065306817293
1789205917.8734992,0,0.6498071812984876,-0.012122628898376722,0.37585297506677273,-0.0009894469255130726,-0.08252624859110165,1.571911909020794
1789205917.9212995,0,0.6498047572982892,-0.01211113481546113,0.3758558833689266,-0.0009967155725358003,-0.08250948949785272,1.571918203822217
1789205917.9815938,0,0.6498027416337461,-0.012101702147722939,0.3758582660674615,-0.0010027666058501376,-0.08249561702254968,1.5719233479492607
1789205918.0312886,0,0.6498003110461438,-0.01209056705768185,0.3758610313824123,-0.0010100471775013617,-0.08247876856087553,1.5719296327532337
1789205918.0815792,0,0.6497982623150336,-0.012080716848305598,0.37586353625276553,-0.0010161377378544295,-0.0824647424116465,1.5719347906506287
1789205918.13114,0,0.6497962359608298,-0.012071312802799055,0.3758658692858194,-0.001022156748114232,-0.08245122162461671,1.5719399019862532
1789205918.1817036,0,0.6497942197291517,-0.012062349532720304,0.3758680676545505,-0.0010281675205152275,-0.08243757767779322,1.5719449477930056
1789205918.2319229,0,0.6501959590553393,-0.009259856247772359,0.3768818390041766,-0.0006001362596272625,-0.08142870247794776,1.571655122753536
1789205918.281532,0,0.6520131983431829,0.003595238562613466,0.3817891449522063,0.0024103392019751806,-0.0644568627380227,1.5695792297196292
1789205918.331833,0,0.6542798351730416,0.02411483792743315,0.38748893491603276,0.003087229403307337,-0.03628769988278008,1.5676777181904138
1789205918.381483,0,0.6557836285736245,0.05002584863030152,0.39052120790397243,0.0036404339754523294,-0.013913750749896902,1.5687330761666902
1789205918.4314933,0,0.6559309567253503,0.07909238738595474,0.3894636826281809,0.0037591387909272455,0.001147485405464248,1.5693290399451894
1789205918.506926,0,0.6550427463949987,0.10368121493186451,0.38648329386011315,0.0020259386211957976,0.012642675913134085,1.5688748084127646
1789205918.5520113,0,0.651393332698978,0.1543754364269527,0.38268695449463713,-0.0016784194964591403,0.034995091980169646,1.5687523227762379
1789205918.6011815,0,0.6491503455524565,0.1865306092223906,0.3854983541269698,-0.0042110098842129805,0.04720472777411503,1.5713723198152938
1789205918.6517813,0,0.6481992946690678,0.21878082582091324,0.3904259978121288,-0.003048361780061643,0.05692107228902342,1.5784178919890561
1789205918.7010665,0,0.6485411138965005,0.25073014563663265,0.39481063746027434,0.0005501026846920197,0.06476867898598578,1.5869689864578596
1789205918.7522273,0,0.6495720369572687,0.2824602569715909,0.39825763699671524,0.005499950649151892,0.07123839088361755,1.5950365502743342
1789205918.8023703,0,0.65039468214313,0.31382740875145104,0.4001562818270046,0.009906842920224802,0.07542801398317495,1.5998275022580402
1789205918.8517299,0,0.650225111234711,0.3444560248686307,0.39992128847559255,0.01064542518840792,0.07822699284204393,1.600344734567222
1789205918.9129288,0,0.649213748160918,0.37417951053431653,0.3984239008444673,0.01059145808189284,0.08057329394283565,1.5985260885490191
1789205918.9619226,0,0.64740980347349,0.4088987908470382,0.39744122478219446,0.0093764570534708,0.08371980345385133,1.5964605001244467
1789205919.0112553,0,0.646110261944732,0.43729495645796956,0.39794099515823034,0.010210019942409226,0.08608363476624392,1.596268183729219
1789205919.061366,0,0.645345983258206,0.46531834828062046,0.3988910948615762,0.011707828041072663,0.08665508549372081,1.5961611640731748
1789205919.1108723,0,0.6449776130542753,0.49288012352065874,0.3995937381779633,0.013725807004489748,0.0866608336260677,1.5966378762239999
1789205919.161692,0,0.6447722250559498,0.5199745139011165,0.39990795430905196,0.014769589776499606,0.08530865311108751,1.595908599927444
1789205919.2120297,0,0.6444954437264411,0.5466128137863746,0.39981196849359174,0.01512785075250919,0.08378729159541991,1.5944233185186905
1789205919.2620149,0,0.6440438321732722,0.5727875017860931,0.3997199111661487,0.015008678517992457,0.08260095861317263,1.5929671539500785
1789205919.311148,0,0.6433828201375313,0.5985714369534133,0.3996619086890777,0.014571572418144179,0.08177735587205957,1.5919599229267203
1789205919.3618546,0,0.6426661424869059,0.6228259194587363,0.39919940368652423,0.014109129229247041,0.08528713464114383,1.5921491670083754
1789205919.4108555,0,0.6420090845237033,0.6338998548166694,0.39768677966406085,0.013665601263973204,0.09983039496096166,1.5919648875644994
1789205919.461262,0,0.6415714220773023,0.6312732065291015,0.3972639751481479,0.011334463974955503,0.09230843838212079,1.5908318908046104
1789205919.5120807,0,0.6416545186514665,0.6276616398717797,0.3968771470699488,0.008823315239157466,0.07837515254022415,1.5908845915950018
1789205919.5610282,0,0.641850429706318,0.623783797741344,0.3961178920808179,0.004493641899261506,0.06471025547674551,1.591042914637114
1789205919.6113353,0,0.6422632745018236,0.6189857100450241,0.39576919826317014,0.0041407273744331835,0.05046421006501525,1.5910275965387657
1789205919.6616075,0,0.6432554341851714,0.6137417634503362,0.3948667770568775,0.005709882213386071,0.032295939629404476,1.589018853480216
1789205919.7113154,0,0.6439838967570128,0.6089885665909464,0.3909711983844114,0.008435748579089561,0.010249648536415842,1.5845834004910204
1789205919.7615726,0,0.6434287806641675,0.6054300773561,0.3817773697817171,0.011328809186358188,-0.014393594118016904,1.5827985948737178
1789205919.811762,0,0.6418803876646714,0.6042158600368298,0.3713376254133087,0.017167558355602054,-0.04837100915575524,1.5793867795323921
1789205919.8621309,0,0.6400597665660263,0.6042190764185704,0.36376750674529834,0.022825428775981173,-0.0790503382526419,1.5773612406493025
1789205919.9109476,0,0.6379785339348073,0.6051052614731481,0.35966984945638114,0.02372695669191666,-0.10601020091613933,1.5756331810502346
1789205919.9613073,0,0.6355756290380357,0.6064377504665223,0.3588185907104735,0.022328727381975808,-0.12629211382420444,1.5756084980216802
1789205920.0116596,0,0.6325751603012841,0.6085348183611952,0.3593823125270431,0.019825900038976524,-0.13636535527247004,1.5780856718924756
1789205920.0622177,0,0.6288151272403318,0.6124311123877514,0.35981488768926545,0.014566955605601489,-0.13979525371666476,1.5822249962756296
1789205920.1118264,0,0.6249559207025825,0.6175677337431277,0.36064010873616076,0.012284084153277279,-0.13338961790376236,1.5889067176227176
1789205920.1616533,0,0.6205230020628306,0.6246537708238804,0.36129765589312035,0.005412457803703477,-0.12620029025026178,1.5946237727529398
1789205920.2116153,0,0.6162051151169717,0.6331488326897485,0.36256014401880055,-0.0006393697060417626,-0.11233976067444522,1.6021018454640528
1789205920.2610373,0,0.6120513682959058,0.6427485532337449,0.36422805328567254,-0.006924668809862077,-0.09449903276087013,1.6106261445929453
1789205920.3060563,0,0.6088500552376546,0.6523916806976175,0.3665483129728066,-0.01156673768522164,-0.07636319036228491,1.6176855321579766
1789205920.3517823,0,0.6046597516819406,0.6641568560825896,0.3686620814001381,-0.019747418505623473,-0.06255612384760949,1.6260380467004336
1789205920.4012167,0,0.6010943215308474,0.6773747907901937,0.3722870968243701,-0.022867849307872844,-0.03901059762359767,1.6368299771524022
1789205920.4519012,0,0.5974266439224936,0.6897274989004366,0.3773590850057287,-0.028584162884163797,-0.022196095290623743,1.650061397780888
1789205920.501023,0,0.5943316885883686,0.6965378622015765,0.3836078490168714,-0.027186395730190188,-0.01331316560811305,1.6584315059751513
1789205920.5509665,0,0.5939400295507907,0.7013074862414437,0.38972873930513946,-0.021477068492752778,-0.02347132327126405,1.665987880715066
1789205920.601308,0,0.5947731718146787,0.7014649346279003,0.3934272869631602,-0.029776220878873258,-0.05757283554518359,1.6673131906453742
1789205920.6515005,0,0.596144013392657,0.702933547146218,0.39611589104396255,-0.028001328323196486,-0.10971764827145548,1.6671884128580448
1789205920.7014425,0,0.599611867348624,0.7067082885536663,0.39978525437188883,-0.005651115014634016,-0.1568738477867282,1.664931893651633
1789205920.7511866,0,0.6059102021139968,0.7134807651819399,0.4039700283616288,0.025006538874775264,-0.1991805605606185,1.6578224562268367
1789205920.8010757,0,0.6140852658565469,0.7234699584440929,0.40839112830764185,0.05447988991303338,-0.23558204179160347,1.6522706978820063
1789205920.8518703,0,0.6233104200006131,0.7356257382839232,0.41255258982170384,0.08090662588750976,-0.266876591244925,1.6511922482703585
1789205920.9011736,0,0.6333354206457615,0.7486844766030651,0.4167555438236162,0.10131721285202595,-0.29749638102124165,1.6484200723143598
1789205920.9511912,0,0.6440409124341286,0.7616180376840049,0.42226120231498265,0.11671863583947699,-0.32920047911070854,1.6433598555966311
1789205921.002048,0,0.6554722541082205,0.7735842106102739,0.4299870872877039,0.1350086281275992,-0.36209122862659876,1.63570302112859
1789205921.0510561,0,0.6681640055125094,0.7838348899498264,0.4393962569007773,0.162765739973042,-0.390729176640954,1.6188251655001122
1789205921.10176,0,0.6811295221752447,0.7908610984020187,0.4507533807780007,0.17976955101540554,-0.40177754080447775,1.5879940588534496
1789205921.1520314,0,0.6960072565761052,0.7981762396403269,0.4605953903577742,0.19909119001013142,-0.42045330013542603,1.5553326369703688
1789205921.201268,0,0.7117527689052623,0.8058818873062823,0.4627148102830448,0.2166194003301962,-0.4428296455119698,1.5186505897043032
1789205921.251963,0,0.7246163650871476,0.8128843747571014,0.4518372660116868,0.1688770108335751,-0.426409147687166,1.475575274084049
1789205921.3018482,0,0.7339159944815674,0.819026319017507,0.4338820518967306,0.11771189953580996,-0.373257123268314,1.4540740041752465
1789205921.351162,0,0.743503256736664,0.82458833255596,0.42351038735117474,0.14825312519412862,-0.3242672325924155,1.4446082332976258
1789205921.4035623,0,0.7476491471336567,0.8236141890340473,0.4273608737868671,0.15700563122385316,-0.3155493659022607,1.4507735347985309
1789205921.4512537,0,0.7472550726876607,0.8267072670510176,0.4386495210731871,0.12934998905309833,-0.31937960787677266,1.4516263077663558
1789205921.5010931,0,0.7436753102613527,0.8336807084519627,0.45341193224780846,0.10666842862700592,-0.3298652772169234,1.4429136605353374
1789205921.5514085,0,0.7378068616147971,0.8433461214297268,0.4678084345323654,0.09300999202107926,-0.3357453628687562,1.4280512626150448
1789205921.6016495,0,0.7307235457934459,0.8558951172493484,0.4779692010888452,0.08828139732549309,-0.32987194651053153,1.4127861950675433
1789205921.6509717,0,0.7233606378510629,0.8714835256561667,0.48292398627537003,0.08285605232756008,-0.319332528063507,1.398876514665007
1789205921.6960175,0,0.71788966815859,0.8873660179217322,0.48537481309393044,0.07473718123312993,-0.30621322819310964,1.3893271079305634
1789205921.7413962,0,0.7142632737624081,0.9071049543873378,0.48847914774604034,0.0668072754443437,-0.29249717277693277,1.3806555020123974
1789205921.791426,0,0.7118427347575296,0.9317145294663826,0.4912583763009613,0.06602999391588642,-0.2796478588923097,1.3784279565278603
1789205921.8413458,0,0.7158253742273907,0.953243531879145,0.49731556693318707,0.06914193811767355,-0.27953346430050835,1.3821318244732543
1789205921.89137,0,0.726376965326167,0.9697762674130256,0.509513837475886,0.08883420226827755,-0.2928398455784373,1.3851759562015125
1789205921.9412372,0,0.7419942835169422,0.9831645478378624,0.5271823943638272,0.12906530555262266,-0.3305794542506149,1.3884540113085828
1789205921.9939628,0,0.7504121473494402,0.9887154727207823,0.5370709711267823,0.15140545241287343,-0.3569084583346466,1.3915522905644577
1789205922.0419211,0,0.7787004126293757,1.003274162467419,0.5678712977314421,0.20190342172168524,-0.4388354877201575,1.4016546399372796
1789205922.0913079,0,0.7966267813704379,1.0064151419313276,0.5849970976031624,0.20713296742805073,-0.4506046971183717,1.3965981954863538
1789205922.141172,0,0.814307969242137,1.006827432439972,0.6005447902509012,0.21097192922991717,-0.46422729719275907,1.3835813458899682
1789205922.1910703,0,0.8334676264432261,1.00677019793543,0.6080052580165469,0.22123946686155546,-0.4853690594700958,1.377218012923448
1789205922.241081,0,0.8497825521384866,1.0063137505290918,0.5995534225122171,0.18730512292308998,-0.4744205886570376,1.378582185266988
1789205922.291693,0,0.8615060014183219,1.0069652966674982,0.5895499495790947,0.10961411524269887,-0.41082346195412317,1.3780243099735359
1789205922.3418608,0,0.8710322917604126,1.011762317471891,0.5871078109409729,0.10817534221366788,-0.36860161903984257,1.387684484342985
1789205922.391671,0,0.8776273997790278,1.022981742602609,0.5945506946678792,0.11378515328862976,-0.3490557943064347,1.3926776322610275
1789205922.4414566,0,0.8801469666343625,1.0387909798103578,0.6086680044986071,0.1110873788901569,-0.34286303361371895,1.3919515542014673
1789205922.4881585,0,0.8801538534134923,1.0472763992997323,0.6161662641711937,0.10941538409653039,-0.3379752217000186,1.3893976760413127
1789205922.5349832,0,0.8777738038291844,1.0765084628518935,0.6346809988971626,0.10921613816432625,-0.30318629363634525,1.3830271271721986
1789205922.581029,0,0.8750717480378856,1.1001488199690268,0.6416656763521889,0.09398481632627445,-0.27147834469111676,1.3790661139862683
1789205922.6310387,0,0.8684951596102318,1.1290512271826953,0.6444496092478309,0.07570044897123697,-0.2579528101367056,1.3690907269542065
1789205922.6817622,0,0.8629975107742682,1.1542625374235616,0.6427079300181909,0.09135328898853999,-0.25992766099023623,1.3802780689212655
1789205922.7311513,0,0.8687126316493998,1.1695427386123185,0.6524675291751996,0.10590606312572592,-0.2806205067116346,1.3876044758893373
1789205922.7818909,0,0.8785056715643239,1.1790585136278469,0.6697890669111104,0.12219723719594627,-0.3062581044870701,1.3931804822164866
1789205922.8312852,0,0.891059953762392,1.1873783408763252,0.6909793099187653,0.1530165801024023,-0.35838042454228836,1.3976328790515882
1789205922.8815577,0,0.9052982169515047,1.195719466102218,0.7110210771448282,0.18044118913879417,-0.4134945583568429,1.400441854932522
1789205922.9310725,0,0.9210040129350924,1.2031902636490184,0.7265330577768422,0.19854946552482647,-0.4539940252081854,1.3935538973937163
1789205922.9877691,0,0.9310686648196663,1.2051382231606014,0.7363726581072663,0.19774980507639156,-0.4572375719572402,1.3803795339561886
1789205923.0352967,0,0.9522284333581569,1.2055500894995104,0.757332161693493,0.20010856336816862,-0.47572201131002095,1.3627629620527746
1789205923.0819046,0,0.9675359843360413,1.204490368746258,0.766796444788451,0.20318714457945433,-0.4891319809915734,1.3579808333763068
1789205923.1321583,0,0.9832111983709626,1.2038498337046626,0.7617460649591142,0.20074507556878027,-0.5045230452294618,1.3670110640269793
1789205923.181425,0,0.9939613393531834,1.2025205943564299,0.748980419232819,0.1268074367824004,-0.45429206253864274,1.3676287442834139
1789205923.231052,0,1.0015612524021869,1.2057937601379711,0.7420720293392743,0.08242424262565234,-0.3967223179451225,1.371697624920147
1789205923.2813025,0,1.0073712881398218,1.214955938506598,0.7470957452017117,0.10026513018260381,-0.3723377720182751,1.3785711562900687
1789205923.3320997,0,1.009973064285613,1.2298759909278099,0.7592505838348212,0.10422384047549692,-0.3545104505427619,1.3820048259282514
1789205923.3811936,0,1.0095172176535276,1.2485349838499304,0.7745648943907487,0.1031997520474834,-0.33961748058732066,1.378608849550011
1789205923.431692,0,1.0073712859812023,1.2709936661667134,0.7885708161099564,0.09874520158715128,-0.3116226595528654,1.3731852762969177
1789205923.4923477,0,1.005353412521805,1.2888960021613223,0.7951200579795294,0.08836031850164523,-0.28926003670737377,1.3699579033794504
1789205923.5411358,0,0.9937036369001441,1.3333893019094054,0.7984036804825501,0.08295267612941774,-0.28946527515778453,1.3636520294760799
1789205923.5920117,0,0.9957080309832959,1.3516078999599361,0.8052239789164555,0.11440462626162813,-0.31042732714128457,1.3762694359607386
1789205923.6415746,0,1.0059714197024006,1.3640329181208086,0.8221350765061805,0.1374956991150708,-0.3421885095956057,1.3787002477625203
1789205923.6917257,0,1.0198740897246494,1.3774572538770848,0.8442876630255641,0.16918798688398184,-0.3815475796155617,1.3813505228065357
1789205923.7411702,0,1.0356722508147718,1.3934236733344518,0.8649471103005285,0.19615796776987904,-0.4388748342581141,1.3819581775973353
1789205923.7910461,0,1.0528404243181153,1.4083077599898652,0.8808127033747583,0.21089774661836186,-0.483277610925639,1.373031998350355
1789205923.8417382,0,1.0684633690303844,1.4177843728560584,0.8970316752052675,0.20316342065638177,-0.48542224158434305,1.3465979084713768
1789205923.89193,0,1.0833770447272166,1.4233620527366793,0.9166094970940963,0.19532833821152726,-0.4848794343567203,1.325393464449915
1789205923.94141,0,1.0993819022470344,1.4280198744894514,0.934649965419396,0.1887076826591009,-0.4914209856336039,1.3140876957380443
1789205923.9916325,0,1.1149033844816347,1.4306083209307652,0.9379102902453899,0.1640655639656544,-0.4585302041954651,1.3165737968901403
1789205924.0417387,0,1.124346773630398,1.4318830610004385,0.9344516629480331,0.07583959512832694,-0.3847680493357111,1.3274896415752664
1789205924.0911045,0,1.1334044652252901,1.4352237250945705,0.9251312382217719,0.037986212338731964,-0.32481548583620756,1.3452804532163782
1789205924.141396,0,1.1457042714698173,1.4380640791736792,0.910360245133146,0.06772301991190009,-0.31123370356541974,1.3548241129359446
1789205924.1913393,0,1.1527770111443905,1.4509957343998483,0.9074808838892291,0.07619433303887063,-0.27918826166297694,1.3514371225501138
1789205924.241123,0,1.1531148294850748,1.4731781402473179,0.9178524996359143,0.06590726390979224,-0.2887743402248592,1.3506594833012764
1789205924.2913666,0,1.1500085418322403,1.502768647886841,0.9330090612164966,0.05696686551423397,-0.2861524894069006,1.350469402876037
1789205924.3411279,0,1.1446818794302474,1.5376527836446439,0.9411294707370454,0.055343592612256985,-0.275312351515885,1.348055643423807
1789205924.3916774,0,1.1463996997339407,1.561211430957882,0.9483303440531318,0.10441681570418264,-0.3166740712746676,1.3617754032591465
1789205924.441377,0,1.157544500406985,1.5715205512982402,0.9670907042127741,0.14199957694861748,-0.35594853296526613,1.3693987571745276
1789205924.4924526,0,1.1637229559161688,1.5751583362367496,0.9790850520135808,0.15144669040750083,-0.3647617438843747,1.3713619114773103
1789205924.5411112,0,1.1840410138810447,1.5922858830293647,1.016982462452087,0.18701387621860072,-0.42614165057513553,1.3765992875275535
1789205924.5916667,0,1.1988619758840084,1.6054221484121143,1.0348079379951136,0.20033873270170763,-0.4597009760358833,1.3756065709518224
1789205924.641329,0,1.2100432402289578,1.611029185994957,1.0507080509417555,0.18995788999493013,-0.445579027198452,1.3693802074359105
1789205924.6913223,0,1.2176395929730708,1.6121953846346686,1.0671743144554087,0.1771413433395976,-0.44802867199153473,1.3678714527392961
1789205924.7420263,0,1.2256101452987207,1.6117044695908238,1.0798909998787334,0.17118984756338856,-0.4580257082767464,1.374796964759987
1789205924.7918496,0,1.2325685860923743,1.6087647227604847,1.0811269883576047,0.1498365525207495,-0.432881675214163,1.3840264753392442
1789205924.841147,0,1.2350008713281961,1.6040225000299113,1.0714226927442472,0.08431780377310928,-0.38098049684235064,1.398584054600088
1789205924.8911934,0,1.2350339062049156,1.5995393561834395,1.0553987571827539,0.032968701234754406,-0.3313029768214173,1.418315808307005
1789205924.9417706,0,1.2379562206441193,1.5934301361752397,1.0339510136594559,0.06015268747816451,-0.31360103273528356,1.4320143124404225
1789205924.9912622,0,1.2365118897266303,1.592802654938248,1.0241669650875844,0.06498618535221135,-0.29372313713426046,1.4316562301077105
1789205925.041538,0,1.23315371307522,1.5992118927426173,1.0245381245707272,0.07918994740138889,-0.27526138241031894,1.4314414169485852
1789205925.0916245,0,1.2288340271613754,1.6099830870773344,1.0287860713668795,0.07852648875205064,-0.25788192720588604,1.4256364898043847
1789205925.1417983,0,1.2230851765455832,1.6127345222549478,1.0338701118292366,0.06429111329337238,-0.25178170718019666,1.4127362623055466
1789205925.191533,0,1.2166045054104877,1.614709186171255,1.0390838049419813,0.05529449767863133,-0.2721128812793977,1.3998332183782247
1789205925.2409668,0,1.208856214597639,1.6201362723864343,1.0461129754815826,0.040203311948639305,-0.29422992225299466,1.3929204982971852
1789205925.286043,0,1.2021095496728924,1.6262842963157897,1.053085457533674,0.021086983064505977,-0.3016064929478143,1.3944252105266037
1789205925.3310926,0,1.1975182846160595,1.6353521110791143,1.0576587054101336,0.027889891915412742,-0.295391412029736,1.4023922781087967
1789205925.381761,0,1.1986175737095672,1.646339211795896,1.0529377694903044,0.0733082001576585,-0.261843329134324,1.4160408101108406
1789205925.4320328,0,1.2018362807088738,1.6486457819921705,1.0537247370552454,0.08702466362644726,-0.2709181601228553,1.4230683173613876
1789205925.4862838,0,1.2032463702992073,1.6493046785797545,1.064695254869215,0.09188418868203099,-0.26832992125975713,1.4228335028958456
1789205925.5360775,0,1.2050306831619102,1.6510921618605037,1.0917919587621163,0.10023815224902506,-0.26646064992525287,1.42036540607657
1789205925.5814424,0,1.2066137106857548,1.6533338916290934,1.1089017908367205,0.09865100689778629,-0.2685338532438109,1.418104886214545
1789205925.631141,0,1.2095124943193165,1.6562039112659848,1.1184237009513986,0.08761639145266854,-0.2648046705167074,1.4109814237598373
1789205925.6810942,0,1.212677168971948,1.6612018037988199,1.1179038567381667,0.05062251060859101,-0.2613795631599873,1.3994512330811466
1789205925.731854,0,1.2097731237659424,1.6693030388023316,1.1111254677261373,-0.02718261759499447,-0.2512120067164138,1.3941461622114186
1789205925.781592,0,1.2051710816851182,1.6792366943790507,1.1089106485350613,-0.01438936577958125,-0.2526543090862345,1.3890483756679746
1789205925.8313837,0,1.1973775598985115,1.692384594535028,1.1167618630254947,0.007179831035849058,-0.2749621813782802,1.3826543640529967
1789205925.88192,0,1.1861016630841108,1.7084111978933918,1.1285572125249619,0.010772530321145266,-0.2876019663121612,1.376193896546012
1789205925.9319985,0,1.1721736335399449,1.7274723849933198,1.1375711439008105,-0.0006294749485100193,-0.28988115668652775,1.3687778076611434
1789205925.9819663,0,1.1616102742859478,1.7422923754522985,1.1388840214161233,-0.01830931274571751,-0.28572184380488364,1.3626989516720522
1789205926.0320492,0,1.1486510160206331,1.7689035410476892,1.1381337279082289,-0.017518368678323945,-0.247743514596876,1.3657959555750898
1789205926.081562,0,1.147788994365427,1.7802398214538029,1.1514058403820557,0.004525920264769705,-0.2854676239105795,1.375084456415964
1789205926.1316555,0,1.1519723382218425,1.786113509568896,1.1758442025424498,0.056090015749404844,-0.35480077743883104,1.377530949243664
1789205926.1818027,0,1.1591945209038217,1.7923259011544634,1.200148856523644,0.08761234147663788,-0.3956741977932246,1.3826792181730914
1789205926.231385,0,1.1685549564248174,1.8000915537597209,1.2176589445091892,0.10392085354888755,-0.42520310363891745,1.394948619415678
1789205926.282379,0,1.178810508430481,1.8050876683347719,1.2285537138450395,0.10130429552471366,-0.42926115520546637,1.4006533378473378
1789205926.3311293,0,1.1896108492447817,1.8085661200464498,1.2352686182884969,0.10045170411965139,-0.4362622520751925,1.4113930084229578
1789205926.3812516,0,1.2009443715522916,1.810628341035772,1.2336453720094618,0.09653426717192126,-0.4234464498114297,1.423354849855482
1789205926.431855,0,1.208048723047809,1.811917857961827,1.2251086933818838,0.07712372519094345,-0.3929269230886008,1.4337574791978283
1789205926.4852824,0,1.2080231298126538,1.812551255530702,1.2182288013457265,0.02129755739278091,-0.34821433093720233,1.4446405530551607
1789205926.5317004,0,1.2059043713897746,1.813840412903099,1.2141421579884588,0.013938259275846793,-0.2957372428127267,1.4565546177380788
1789205926.5815716,0,1.202148866417429,1.8147203114791073,1.2146478537223382,0.0295777748338165,-0.27652202085183364,1.462586833798737
1789205926.6309872,0,1.1995770261114493,1.8154652745142847,1.205388772047312,0.07436293455072936,-0.2799649476497883,1.4747231870141868
1789205926.6816187,0,1.1940234133095617,1.8154082876012512,1.192993207352349,0.06833869849779062,-0.23815697461110152,1.4699165162767354
1789205926.731589,0,1.1883765465164324,1.8145749736896493,1.1922086850000506,0.05667305169659395,-0.23778883707600723,1.4563116029637122
1789205926.7817402,0,1.1891454363843899,1.8106202879665965,1.1867687426698732,0.08859754879528967,-0.24336528546987887,1.449184830111147
1789205926.8317227,0,1.1851333182118504,1.8076602127420496,1.1903126696798627,0.08322255989202038,-0.25929942628751224,1.4594490169626397
1789205926.8811586,0,1.1743294235623407,1.8088729561014538,1.1924706734379638,0.054792177624872034,-0.32010050089687636,1.46231533819425
1789205926.9316876,0,1.1662136833824897,1.810551916125374,1.1921170681509867,0.05913463254698008,-0.3176591512973805,1.4843527768436409
1789205926.9842632,0,1.157823864661382,1.8110017545752557,1.1908993179987566,0.03150345230378265,-0.30214039934091386,1.491773559278686
1789205927.0318868,0,1.1442476701943427,1.8065831310584524,1.1955171993897342,0.02220801213681787,-0.3007802738861794,1.494395823689067
1789205927.081623,0,1.1318950824133809,1.8004335482232214,1.2023621250180212,0.011020859276864938,-0.31607680300262936,1.4932646391713034
1789205927.1313188,0,1.1215106324528623,1.7937223419563755,1.2014301045723164,0.016887792725415653,-0.3484990838442063,1.508087904507211
1789205927.181026,0,1.1066958194834036,1.787840997892084,1.1948104945709768,-0.007893116862357788,-0.34837040762804117,1.4978328246245227
1789205927.2315302,0,1.0896759639488827,1.7906886852829584,1.1820939563113846,-0.006068697081553454,-0.3529817006380731,1.484473826381607
1789205927.2813354,0,1.0794298612348254,1.7986384061252356,1.1614961842522016,0.04200552495934997,-0.3120234314161651,1.5001019057106926
1789205927.3315773,0,1.0703298638795493,1.8085201901318249,1.1549942736846937,0.014192351725723008,-0.3076847100143705,1.512375206867077
1789205927.3817477,0,1.0622719263532021,1.806668397252577,1.162206075207416,-0.011253176005004688,-0.29343124542852217,1.4958466814536489
1789205927.431451,0,1.056597115232373,1.809555708201565,1.173749637810928,-0.021531101463755888,-0.3091071358358473,1.4748404666882096
1789205927.4859474,0,1.0552282332766045,1.8147034685612746,1.181827251009736,-0.023685594038942222,-0.3174234869848567,1.4614800040423388
1789205927.53133,0,1.058111087870094,1.831092855374765,1.1952207654997613,-0.02187743049122058,-0.32154847779272594,1.444428562097906
1789205927.5815477,0,1.063328264940941,1.8449256034804238,1.201526505459013,-0.019095046448891897,-0.30993303541147244,1.4416630963223442
1789205927.6313794,0,1.06801043586837,1.8590815289446074,1.205190466359776,-0.024374708919572476,-0.28636735798830987,1.431991837379682
1789205927.682136,0,1.071214244457994,1.8730453820539237,1.205422215059178,-0.013934420285198292,-0.2602611654322674,1.4257494264380792
1789205927.730956,0,1.0729468895666239,1.8797732332726194,1.200670497470308,0.03127712781216056,-0.27925541076756016,1.447049035150856
1789205927.7816663,0,1.0706024741397904,1.8814676898960006,1.1951302361428076,0.0371257355095593,-0.2932549846927592,1.460296961207375
1789205927.8310013,0,1.0599329632929289,1.8889426728854308,1.2061528265950276,0.0086990771375032,-0.3116531145787583,1.4579007183785528
1789205927.8821704,0,1.043809479990542,1.9044089990946143,1.2207881329995165,-0.007753220293775346,-0.3277676402104716,1.4556206680470958
1789205927.931336,0,1.031310102798724,1.923245364942119,1.2290668185567133,0.0054347160737945295,-0.3071739590070554,1.4558658302558944
1789205927.9825618,0,1.0299123940647343,1.9333118908067235,1.2355047694006998,0.027421064519110052,-0.3233078584691536,1.4587229010324754
1789205928.0313003,0,1.0394367737565329,1.944999604393243,1.2585942335438187,0.07085009306073473,-0.3559529361017806,1.4496084149332422
1789205928.0818882,0,1.0503803379849854,1.9566350091323783,1.2807644076296587,0.1126137031412506,-0.39083913775406953,1.4420331028196285
1789205928.1321096,0,1.0642777836305104,1.9741248030213279,1.2991539065824973,0.1549773786505325,-0.443489324430349,1.4389090331875019
1789205928.181966,0,1.0786735878864928,1.9930789796393507,1.3143868597003279,0.17363140439423724,-0.4759690906840625,1.4228661717534399
1789205928.2316904,0,1.0933189320292462,2.012695458619633,1.325964117933016,0.16590155529087483,-0.47957672646397437,1.3924638127934164
1789205928.2821813,0,1.1060257631156227,2.0293930089680488,1.3351055887446277,0.15275705179075766,-0.4516263411800715,1.3725900630116425
1789205928.3318448,0,1.1130183654288242,2.0447184552874424,1.3490428975716675,0.13172391604314948,-0.4310785071606555,1.3620784337466347
1789205928.380947,0,1.1185932088771697,2.058901720533926,1.3668342237796505,0.103996557471025,-0.4156115196246792,1.3569152700722218
1789205928.4314575,0,1.1261294263217454,2.0728768978232956,1.3779138782723441,0.08076966679866796,-0.3827333578294602,1.3545568632229716
1789205928.4935603,0,1.1304723872109177,2.0817767688957263,1.3724263066268971,0.04789010606552714,-0.3467303211091366,1.3572880491911528
1789205928.5417807,0,1.1323618757621239,2.0910894836743075,1.3645784694763947,0.012685684817063453,-0.2591612171616217,1.3582756953076214
1789205928.591144,0,1.133891442150785,2.0980742426824346,1.3712771171863765,0.023839051821606602,-0.24647779108420184,1.3570618411967366
1789205928.6415145,0,1.131818422556351,2.1095781442329935,1.3851729790144807,0.021362344072523024,-0.25731947953482937,1.3500045308895836
1789205928.6910543,0,1.126184057312834,2.1266187007899195,1.4040270361884646,0.021879857304388097,-0.27953500409505266,1.3386704712904656
1789205928.7412727,0,1.118197284327561,2.1468198803856784,1.4201778820515418,0.017590993064787525,-0.2856187131668143,1.3289380564421291
1789205928.7917385,0,1.1089030987529,2.1683995284086532,1.4273907993675354,-0.00017428791790305813,-0.2752191855869855,1.3287482319838821
1789205928.8417268,0,1.1061682889540665,2.1830908206506177,1.4378535496739946,0.015298435886258227,-0.2816639370084954,1.3499422904090779
1789205928.8914528,0,1.1116923091216206,2.1925507674717286,1.4592548142248152,0.05391447169337095,-0.346208954689551,1.3586776768393618
1789205928.9414754,0,1.1208792706846604,2.201424644897759,1.4846753186338628,0.0971564490812967,-0.4005420092226015,1.3643065247027526
1789205928.9876645,0,1.1277117799823555,2.207174696097094,1.498406383443272,0.11489078579025265,-0.42137693250314606,1.3717852473615864
1789205929.0352056,0,1.1421850380835357,2.2162341891090627,1.5206894938421578,0.11238391151689271,-0.4310103256828131,1.3722342218601529
1789205929.0811162,0,1.1545603915861569,2.2229176504004324,1.5301409075960033,0.1106269493089005,-0.44353701772821025,1.375798786258616
1789205929.1309497,0,1.1673367838096875,2.2276069723396708,1.5298703966552851,0.09894290121932635,-0.4256704487893773,1.3728898039548636
1789205929.1812305,0,1.1750508947050367,2.229705448427035,1.5203792172884603,0.04804937623593087,-0.37464405865758915,1.373512088772014
1789205929.2312665,0,1.1783535506511675,2.231854532422634,1.5132685192690587,0.032302913865090294,-0.3099425772977758,1.3792389978190667
1789205929.2818263,0,1.182357284530277,2.2339929872899167,1.507003128341018,0.06176636687450897,-0.2837691288228002,1.3911910642359888
1789205929.3317783,0,1.1851864644975227,2.235031731222845,1.4936214253372642,0.0906797996225588,-0.26715685135561196,1.4010182093853583
1789205929.381529,0,1.1798076245025717,2.2345728287882434,1.4973191638527215,0.06776383128103941,-0.2737964282121949,1.3950697884328147
1789205929.4314811,0,1.1757209029151914,2.2390573260457454,1.5023230660905469,0.07600875502193202,-0.26238029106381044,1.3993422475251713
1789205929.48541,0,1.1772219831583934,2.239446283781564,1.5006331647838835,0.10746186841179073,-0.2638527531179296,1.3996847880875931
1789205929.5315287,0,1.1784582850356455,2.240098365751469,1.5111280080118856,0.11010880385290113,-0.26390980598425595,1.4147068742822309
1789205929.5816453,0,1.1779630366390628,2.24408571639474,1.534111614802728,0.10644806023875211,-0.26918473619179134,1.4291129694183016
1789205929.631185,0,1.1788017908122357,2.2490097289410302,1.5545185140287254,0.10307796890494969,-0.273924705336243,1.4368098885884437
1789205929.6813958,0,1.1810839292616848,2.2538430669625056,1.5647409375680805,0.0854738861921659,-0.27582721391488485,1.4391135938813657
1789205929.7309525,0,1.1805512616644376,2.258421564232421,1.5640910485677915,0.028931093200492714,-0.2677904891579521,1.4333386300175073
1789205929.7812839,0,1.1747747066755585,2.264839896571518,1.5578588836949039,-0.023408578354704168,-0.25873661206599863,1.4352575067529458
1789205929.8314896,0,1.1672332610137033,2.272676312573908,1.5585916139200267,-0.008712730520035506,-0.27416910210623124,1.436327588792874
1789205929.8818762,0,1.1556020068195567,2.2833720823698718,1.5659008747062704,-0.0010693146385696716,-0.29433705059531245,1.4334416619905361
1789205929.9317322,0,1.1405266427389311,2.2973078764420416,1.5735008738304719,-0.011389630782708665,-0.3073930306014845,1.4263472953018212
1789205929.9879007,0,1.1294860075101543,2.308434380325331,1.576498785706359,-0.023966732042045025,-0.3062922149312603,1.4235391551628183
1789205930.0352547,0,1.1105234940997992,2.3390964469705025,1.5778791396881693,-0.03231231287227231,-0.2833882982808424,1.4337183373120592
1789205930.081341,0,1.103578058165976,2.3598210333852747,1.5836238086210628,-0.0316087298828224,-0.29538141204272217,1.4550378207895223
1789205930.131551,0,1.104702891176949,2.3799557149337085,1.597630295242765,-0.0008604813886669417,-0.3480457155889034,1.4745739866171113
1789205930.1813893,0,1.1106242502961365,2.3985579052595876,1.6186334773111868,0.04393869796792903,-0.3887503003828723,1.4811190770052471
1789205930.2311249,0,1.1171280991225752,2.415891307661297,1.6424079653838801,0.05321037412281778,-0.39857570170514267,1.470565684903222
1789205930.2815526,0,1.1249513837822658,2.433229435987813,1.6635424711827662,0.04761994703091286,-0.40008056864029196,1.454991605591447
1789205930.3315978,0,1.1358567629844438,2.4500275870959207,1.6744371443568817,0.04338030931535943,-0.377700024875039,1.4409827514002138
1789205930.3815634,0,1.1447866067664851,2.4646226103415794,1.670473646347841,0.021378061850347282,-0.3306895283849352,1.423097185935691
1789205930.4314535,0,1.14900876373359,2.4788573737125104,1.666012919085655,-0.0027129410744663953,-0.2766033890945159,1.4110975087563704
1789205930.4839282,0,1.1502175515338897,2.4915657333769206,1.671610860977736,-0.0009279339785613685,-0.24293013059799268,1.40941310920653
1789205930.5316093,0,1.1460366542826985,2.5170223341708127,1.6899682595006724,0.00761172907652572,-0.22229666927411745,1.4080396660787855
1789205930.5812335,0,1.13808735837865,2.5451812587259077,1.7097790197768328,0.025686381812090882,-0.23701149373814634,1.4119974222453973
1789205930.6319158,0,1.1270055836376236,2.5794361434842465,1.7313495880415113,0.028697025274244885,-0.2466692661623861,1.414671379997023
1789205930.6815963,0,1.1142608898033688,2.61822771093091,1.7499098856650552,0.017950066327576567,-0.2281762975089546,1.4241954153824936
1789205930.731968,0,1.1043515064569873,2.6583454432523146,1.7671450063545173,0.02074550165537345,-0.17727407369322704,1.4617968497561555
1789205930.7813478,0,1.0967001909670075,2.702818335168051,1.7794088080755437,0.02373585223953556,-0.13480347084854857,1.4926686031745369
1789205930.8312929,0,1.0915614958418904,2.7482540935627404,1.7810761220815285,0.034472384917177246,-0.09160231070050086,1.5162179865200047
1789205930.8820446,0,1.0864622841715554,2.78864960628638,1.7854943134195997,0.046587727277318504,-0.06779305728054522,1.533268407383012
1789205930.9318194,0,1.0795207162716338,2.824220516250274,1.798694198552979,0.04708358277960379,-0.0245218900068886,1.536241964212668
1789205930.9862306,0,1.0716424646731275,2.854635200620596,1.813440627199566,0.03562890345503813,0.00801095868859545,1.5313679654033934
1789205931.0316012,0,1.057212286569044,2.906070680154171,1.8330761145148209,0.0072982522188286885,0.03387056123133526,1.5259620265824432
1789205931.0813518,0,1.043304135790765,2.9502981822289676,1.8318142528831995,-0.022625323749754653,0.04402930103433744,1.5295277155336398
1789205931.131539,0,1.0310446830697118,2.9918605711966335,1.8246618934472163,-0.017117267606247596,0.07063849372690177,1.5217836500387136
1789205931.1820333,0,1.0204670138808394,3.0329346699088,1.8184253107490431,-0.004542625880494611,0.10115046592108706,1.5142347796146751
1789205931.2313457,0,1.0086510158834447,3.073940390018997,1.819298593693666,-0.022367136859374876,0.10029776253677106,1.501507403730896
1789205931.281481,0,0.9953184052419317,3.1127575388404627,1.8191050602101115,-0.03994285394729874,0.08973275549416539,1.4889077486786262
1789205931.3320527,0,0.9856330865042515,3.1443135618245988,1.824448419552782,-0.05665861713485352,0.11612531102862933,1.473685748956446
1789205931.3819938,0,0.9730259869992605,3.1714750794601163,1.8347559312908568,-0.0891151654687631,0.11932333948116915,1.4552242866526743
1789205931.42915,0,0.9568261498354841,3.1963285029399255,1.851985692870217,-0.10981355501814814,0.09108827093034359,1.4369418696940008
1789205931.4845445,0,0.9455474570270709,3.2171239146504718,1.8648584815444742,-0.12942126471370907,0.07341099303402915,1.410684108821
1789205931.535827,0,0.9338764102014443,3.2543928912452382,1.8691355815042512,-0.06511862508798877,-0.04802824270563186,1.413233801336297
1789205931.5853372,0,0.9206407839905698,3.280656766670075,1.874294618088827,-0.05647141809494913,-0.08863170143882891,1.4024426010387243
1789205931.6356533,0,0.904590694733293,3.310921803636763,1.8864327751383763,-0.05027035841066806,-0.11670038085250017,1.4070965998880909
1789205931.6859725,0,0.8901032769670748,3.343060319007072,1.899793282550165,-0.04181201948141961,-0.11620420162924618,1.427770889702986
1789205931.7350876,0,0.8828002250048858,3.3740566714179234,1.904671862837516,0.0042360549306617425,-0.06410046664383802,1.4858613429330627
1789205931.7855568,0,0.8734488820394191,3.4038822692131374,1.9069858974718557,0.016192795718596525,-0.03345202916874074,1.5383467866659537
1789205931.8348658,0,0.8608949002340123,3.4308174893193173,1.9168313329964086,0.007590902031560757,-0.001437363649991544,1.563202843036289
1789205931.886006,0,0.8457466377761497,3.455488919001409,1.9318873010948894,-0.023618054716577602,0.05384729398853293,1.5720704996109576
1789205931.935597,0,0.8284142143226298,3.4810374223011022,1.9442076624153557,-0.059091164544103764,0.08786431847987079,1.5717760918796309
1789205931.9831955,0,0.8202656370337055,3.4982525963481805,1.9522126840215137,-0.054219780366044364,0.08605285047668298,1.5757384189114847
1789205932.0290127,0,0.8102936254440023,3.527710733673157,1.959976586946864,-0.04707029987850461,0.08528272585817433,1.5785120426648054
1789205932.0755498,0,0.8031778067201316,3.551795105071795,1.9627244246018498,-0.03301219140760764,0.08762334011866091,1.5772266947809515
1789205932.125912,0,0.7951225909237061,3.5793827595735257,1.966558853603,-0.032673471325206684,0.07972494490468424,1.5697214360450722
1789205932.1758332,0,0.7860644097758513,3.6067125714448762,1.9723004488116067,-0.041567803383977274,0.055743848271289885,1.559208645088001
1789205932.2254446,0,0.7793986643779378,3.6330659280296156,1.977138732909921,-0.02686105062017483,0.060922000692092027,1.5624589047790796
1789205932.275646,0,0.7743559043702332,3.6612088488941725,1.9870732593931213,-0.018371884834692917,0.057372916105000574,1.56583674328002
1789205932.3254006,0,0.7694704566101195,3.690136891659718,2.0002327558446398,-0.026015171534091733,0.05915189696657016,1.5661997145903288
1789205932.3756554,0,0.7648254521408911,3.7191692690608296,2.005237033691083,-0.02784805989454274,0.0643692569441462,1.5635453367760217
1789205932.4252799,0,0.7602532974277434,3.7479240097923876,2.0032696754528514,-0.029202155195726005,0.0739917502715423,1.557603714571219
1789205932.4983428,0,0.7551827600379757,3.773065597718164,2.0033750480666694,-0.03885295651046458,0.07308654742657099,1.5495325511667881
1789205932.545833,0,0.7490563796552155,3.816191850972527,2.012267135762727,-0.04702985946910672,0.08102977522398681,1.5534500256489359
1789205932.595787,0,0.7469684310397218,3.8443280488605374,2.018886281892729,-0.04870146809040876,0.0827497274931522,1.5605378739484188
1789205932.6460154,0,0.7456342139822649,3.8720800173880185,2.0235722734172246,-0.04976986983375837,0.08220383159924802,1.5669478024585397
1789205932.6950948,0,0.7444987219120379,3.8991952065173656,2.0249894737968597,-0.05163293325170108,0.08262655974115457,1.5708472653351837
1789205932.7462454,0,0.7432831978354066,3.9256385530915954,2.0246744160565378,-0.05387231418432746,0.08332954530538587,1.572264418764845
1789205932.7956767,0,0.7420101787004084,3.9514636832682783,2.024194514502373,-0.05561875349353386,0.08356075620844983,1.573177321259553
1789205932.8451247,0,0.7408321599832771,3.976771471545669,2.0241968038267184,-0.05782862688347487,0.08362777605495457,1.5734561803424347
1789205932.894941,0,0.7398476209399,4.0016582177827855,2.0243782281307463,-0.05931643547396694,0.08358659919120172,1.573515875937396
1789205932.9453747,0,0.7390335527196304,4.026215479482495,2.024678674243387,-0.06040233537474196,0.08361189848443934,1.5733408259908301
1789205932.9955099,0,0.7383924835228202,4.05044854578609,2.0249244834736984,-0.0607836128204502,0.08361588082299137,1.5732470227254514
1789205933.0456083,0,0.7379961953607829,4.074401930187612,2.0252594375059227,-0.06105833788298165,0.08326888035691,1.5732931961611558
1789205933.0956779,0,0.7377886785325715,4.098097236904081,2.0255734153730844,-0.061178414881159146,0.08232692431279078,1.5734617997024434
1789205933.1460671,0,0.7377017618726409,4.121515560393886,2.0258044443963463,-0.06060262825801753,0.08119683928613652,1.5741877899391696
1789205933.1951988,0,0.7377390973796449,4.144669734864692,2.02608098547949,-0.06032689660302696,0.08003536840547398,1.5748016900125676
1789205933.246092,0,0.7378545123200778,4.167606384050384,2.026139017272808,-0.05979580642359226,0.07854298367037686,1.5752289675653963
1789205933.2954426,0,0.7379048865942186,4.190358799956644,2.026361037197866,-0.059621203592190385,0.07765375841781591,1.5755497223402646
1789205933.3458056,0,0.7379018671685373,4.212967906309896,2.0264337031691917,-0.0591366573345482,0.07637608300508725,1.5761104118558453
1789205933.3957593,0,0.7377222580990083,4.235427078420688,2.0263738137153653,-0.059163846939258094,0.07568113277243965,1.5765981688435116
1789205933.4459283,0,0.7373971728252184,4.257758634678191,2.026095441627502,-0.059494593101097636,0.07567353247179137,1.5771411494559313
1789205933.4948657,0,0.7371705185177946,4.268450706705298,2.025930566837501,-0.05989722469457774,0.07561601760496701,1.5774453739492404
1789205933.5452456,0,0.7363068701891864,4.3021686537723305,2.025513559462453,-0.06082707074203646,0.07558805945003155,1.577865256285353
1789205933.5953746,0,0.7356718804076686,4.3243089774652415,2.025429419894261,-0.061377945224711974,0.0745707392537541,1.578219136106526
1789205933.6450677,0,0.7350505273030835,4.34641489310495,2.0253710438309964,-0.06198683471718342,0.07404192436576608,1.5784943365682218
1789205933.696007,0,0.734497280499634,4.368462912175205,2.0251530820727224,-0.0624734913584696,0.07379590323655313,1.5783937477085588
1789205933.745226,0,0.7339421087176023,4.390495829514358,2.024934694198372,-0.0627399112892497,0.07330370576141015,1.5787737487524047
1789205933.7957256,0,0.7333882269119057,4.412515085743932,2.0248380794649528,-0.06297945694789035,0.07301926444611533,1.5793296236063925
1789205933.8451986,1,0.7343814220745587,4.433829817364172,2.023601419274035,-0.05846183860402818,0.07842710361733411,1.579894870131914
1789205933.8952134,1,0.7410344762346174,4.451350782310591,2.0191494897563764,-0.041381024916821205,0.10433793522676216,1.5783347798172684
1789205933.945224,1,0.7507649986884627,4.465052324874277,2.0145666068656,-0.018000319169887573,0.12147621701279933,1.5774226187370135
1789205933.9954321,1,0.7608874565740189,4.475116722897429,2.0124334828064394,-0.0018387945255063578,0.12843287196882877,1.5776176601173253
1789205934.04636,1,0.7689168390258918,4.481233798754584,2.0130226182945967,0.00794345794057492,0.13200320292275036,1.5747158037043871
1789205934.0951927,1,0.7737873035884857,4.483286168100715,2.0144665949417027,0.01225776970991624,0.13052261059600018,1.5704567160359164
1789205934.1461866,1,0.7755193389889722,4.481549415802078,2.0156045706031556,0.013683757649124915,0.12602008255843006,1.5673994226663075
1789205934.195586,1,0.7748422791954203,4.476250397449913,2.016447690880975,0.011903949849348451,0.11929826788643683,1.5663426229934965
1789205934.2449887,1,0.7727032282388051,4.467595318538837,2.017374539784781,0.006759895151505832,0.10993384567687639,1.5651096637965454
1789205934.2950573,1,0.7700140590953268,4.45594156892916,2.0185126059201184,0.000989518106561396,0.09695186436956847,1.5635319941802652
1789205934.3455267,1,0.7674912554199071,4.441603200171345,2.0196978930290204,-0.002612290648967572,0.07975846642965854,1.5621389543022257
1789205934.39626,1,0.7657297638200711,4.424814773754747,2.0204598437842485,-0.004348436468903595,0.05991716249684686,1.5613845539182678
1789205934.4450483,1,0.765041473830565,4.406069412755956,2.0205047904353504,-0.004830174058505004,0.03992360302512619,1.5611457011925571
1789205934.4955587,1,0.7652729024052755,4.385920484531479,2.0194006381813554,-0.0032162666531902013,0.018230915549206098,1.5611120737867952
1789205934.5453732,1,0.7661584191755433,4.365038051230141,2.017170428481382,-0.00018976149005914,-0.003160659136487396,1.5611990029639078
1789205934.5954304,1,0.767414605761268,4.344121306939948,2.0136391850340867,0.003498756002050517,-0.023929117123445708,1.5612914557020485
1789205934.6456766,1,0.7687652722431503,4.323951333026292,2.009134847697685,0.007670061666861204,-0.04361673204348991,1.5607292922394358
1789205934.695953,1,0.7698354964046881,4.3050727497821235,2.0040391322901825,0.011525063342953579,-0.0619863576519094,1.5594376366390705
1789205934.745456,1,0.7708123085125661,4.289605281469223,2.000457357647112,0.014309507329013696,-0.08016329180824106,1.5584261577082519
1789205934.7956457,1,0.772687671162851,4.283183434513305,2.0025380227849903,0.015163876262062283,-0.08505305898798286,1.5571044274110821
1789205934.8459477,1,0.7754027306032213,4.28358838438152,2.0079582548735804,0.014638588851868715,-0.07401985275737737,1.5568492136391054
1789205934.8951037,1,0.7781345706353227,4.289238424517462,2.0136506493563906,0.016379239713426568,-0.06066215102095316,1.5577574561525007
1789205934.9462795,1,0.780399040350592,4.2984763147643505,2.019124397086272,0.018350410347223373,-0.04527412158912164,1.5582912522150505
1789205934.995318,1,0.7822213783606005,4.309857000395987,2.0246462587414444,0.019764651846464858,-0.028247369508090227,1.5593025671373564
1789205935.0455735,1,0.783535680903616,4.32259993749583,2.0299702144052993,0.020580085733331876,-0.01120804411068349,1.561344160614694
1789205935.095277,1,0.784386182003205,4.3362666933729965,2.0346935798126027,0.020625223067106704,0.004173288277704038,1.564631948264844
1789205935.1458836,1,0.784848769035576,4.350348340070582,2.038602715330478,0.019634875318866398,0.018316093278316053,1.5698192920555811
1789205935.1953788,1,0.784981777088806,4.364441477097813,2.041724823328859,0.018764331871053593,0.03045302379448224,1.5763263906106824
1789205935.2450178,1,0.7848526444179644,4.378333460591348,2.0439961488424014,0.0190613244241074,0.040215466956114276,1.5844592475356982
1789205935.29543,1,0.7845147497880961,4.391746903560875,2.0455436933804783,0.020054259687404742,0.048753344251017156,1.5943621511618604
1789205935.3458202,1,0.783981827818505,4.404456836923505,2.0464399246730536,0.021648439317254454,0.055277282067078354,1.6057479313683243
1789205935.3959968,1,0.7831941155390978,4.416384763666838,2.0468376173817946,0.02240952092677181,0.05983896137010556,1.617692383637012
1789205935.4454665,1,0.7820905327757197,4.427426622533041,2.0468635549533856,0.022526840049432076,0.06340538733069868,1.630201075650493
1789205935.5062373,1,0.7815260890395376,4.431593130377344,2.0467758814275423,0.02244645603147123,0.06450430547561332,1.6354424784515176
1789205935.5576866,1,0.7785021369567395,4.447643927658836,2.0460085954672387,0.02114088109563664,0.06728078329732587,1.657651999292249
1789205935.6058338,1,0.7760131391649233,4.457123828465394,2.0453492902510955,0.019651413313123436,0.0675027204783638,1.6728396102317482
1789205935.6554716,1,0.7736115685268766,4.464906568760978,2.04478763110734,0.01910636611168389,0.06737992306418221,1.6868439818354815
1789205935.705289,1,0.7710881474615568,4.4721549599376775,2.044184661741336,0.017987474361925077,0.06686068521371046,1.700509265766445
1789205935.7553225,1,0.768402177973719,4.478957094229796,2.043570333505589,0.01617106198147344,0.06588805350915734,1.7133349278997407
1789205935.8053539,1,0.7656621815211314,4.485431934054028,2.042995248768061,0.014119456519667235,0.06468720844533378,1.7254027046003972
1789205935.8558526,1,0.7628520124155534,4.491602054589718,2.0424580880313385,0.011999290200302375,0.06341250199201341,1.7362958093527572
1789205935.9060032,1,0.7600058352745834,4.497605178333033,2.041956902724627,0.00949321762645014,0.06190495614526371,1.7462248591885117
1789205935.9558716,1,0.7572129297752892,4.503474003159706,2.041476333798643,0.007275714413546262,0.060885846454959355,1.7549536089266013
1789205936.0056064,1,0.7544456216482587,4.509310320795754,2.040948504647078,0.005036639452540634,0.05975742944318488,1.7626342277046134
1789205936.0552285,1,0.751760708476614,4.515155349221546,2.040499605658389,0.003066508966638615,0.05886006822888065,1.769395075530132
1789205936.1051693,1,0.7492276461334807,4.52111374382029,2.0401010137101387,0.0011057919706673079,0.0579573954333315,1.7746474508994887
1789205936.1554782,1,0.7468733738099941,4.527259074039172,2.039791380486706,-0.0004574945167140176,0.05730039993053424,1.7790247334012144
1789205936.2058206,1,0.744692451327351,4.533614603196153,2.039492090685296,-0.0016838113739932224,0.05661036685877535,1.782574680658106
1789205936.2552605,1,0.74265848561987,4.540209863626151,2.0392321449072925,-0.002742849648718686,0.056121944647865706,1.7850900969131733
1789205936.3053677,1,0.740717219033757,4.5469806589207264,2.0390149387531196,-0.0036569458728339735,0.05606239992646928,1.7870514480108088
1789205936.3550396,1,0.7388359152001568,4.553962523343511,2.038826764967494,-0.0044446190792098265,0.05594651131940703,1.788348906522538
1789205936.4002733,1,0.7371729098474625,4.560244874446689,2.0386203460460126,-0.00512542627322515,0.05595456185421384,1.7891242588403893
1789205936.4496446,1,0.7353635634654077,4.567539888853953,2.0384437162566593,-0.005544088981143061,0.05602202950760901,1.7897872340539234
1789205936.495177,1,0.7337010561771671,4.574338814015317,2.0382983032604343,-0.005884626763168424,0.05614151002163768,1.7903206617875314
1789205936.5455546,1,0.7318579812182971,4.581789162178095,2.0381274125988083,-0.006270177707897,0.056229451556799245,1.7906041638032006
1789205936.5951147,1,0.7304146449534343,4.587803707860704,2.038031755257088,-0.006473323632228738,0.056326723178950704,1.7907285353132028
1789205936.645724,1,0.728224241061875,4.596876168137362,2.0378914535299826,-0.006800729818865586,0.056531060801325535,1.7909382446125712
1789205936.6951208,1,0.7264086718299932,4.604466483695446,2.037758430147637,-0.006977377237605056,0.05653413989644004,1.7910226163895395
1789205936.7452002,1,0.7245798208375099,4.612042031775272,2.037687782827084,-0.007225586439548246,0.05653236074897334,1.7904389690790385
1789205936.7959,1,0.7227798734444181,4.619637279250036,2.0375677332696616,-0.007010243018706767,0.056470941435769445,1.7890867611664718
1789205936.8455715,1,0.7210013071016597,4.627226330724524,2.0374389462240363,-0.006681447158613575,0.056453425696416974,1.7868702793011713
1789205936.8959534,1,0.7192261542850976,4.6347543525285335,2.0373900898075514,-0.0059387467616617996,0.056415087502423425,1.7834183680240683
1789205936.94536,1,0.717509848808006,4.64223465958904,2.0373586116469,-0.00537614867988144,0.05630573545839631,1.7784717986853436
1789205936.995932,1,0.715883639274302,4.649658141139995,2.0373490782768626,-0.0045340297095753795,0.055780819423817934,1.7724698048198488
1789205937.045645,1,0.7143328830224536,4.656996026069824,2.037400325709787,-0.00413098433183984,0.055233813462911265,1.765217491615577
1789205937.095453,1,0.7130054858524266,4.664343235306012,2.037497569526797,-0.0037649640703934974,0.05447669191180357,1.7571648202089776
1789205937.145757,1,0.7118498544133707,4.6716832194716345,2.0376413672851643,-0.004320648340356276,0.05362680084068265,1.7477596772420627
1789205937.1959872,1,0.7108444903974553,4.679039228528212,2.037820828177182,-0.0042792780550070355,0.05241807343870007,1.7371375843833832
1789205937.245622,1,0.709974716070027,4.686435411288466,2.0381186196060472,-0.004058182895527521,0.05126912534672766,1.725345841164825
1789205937.2950723,1,0.7091425745132065,4.693842410074808,2.0385221549308157,-0.004413450152448081,0.05027304597199182,1.7125988096890794
1789205937.3456988,1,0.7083765730539385,4.701397469670173,2.038910109971134,-0.004455373411455999,0.048980863046873456,1.6986284854374034
1789205937.3953822,1,0.7076743779554823,4.709045107147763,2.039312009044096,-0.004901489244593736,0.04784913613079151,1.6834970318008848
1789205937.4455752,1,0.707070701463752,4.716833965938777,2.039766825284574,-0.005273657179250583,0.04695973806048287,1.667150301017203
1789205937.4908702,1,0.706786560149361,4.721635637967044,2.0400170981181214,-0.005551181509736381,0.04647528684344444,1.6570533254192357
1789205937.5398316,1,0.7063219430751169,4.732023259910975,2.0406637767701223,-0.007020549809981696,0.04579107222628195,1.6352734886231624
1789205937.5852156,1,0.7061665486206904,4.739686896479643,2.0411360135018004,-0.007613238523715682,0.0458041010070989,1.6203854361156271
1789205937.637222,1,0.7061956178241752,4.745498999761122,2.04154104230667,-0.007649031269461424,0.04554708521068455,1.6101020711353724
1789205937.685883,1,0.7065391609349385,4.756972365650509,2.0422728450970964,-0.008908302405582654,0.046016232721317586,1.5908180180451021
1789205937.735934,1,0.7071025321409072,4.765905602650975,2.042793764859869,-0.0087223810006334,0.04648643179757918,1.577857041103821
1789205937.7854435,1,0.7078053736428916,4.77496424335136,2.0432857181143103,-0.009473866891432661,0.04720830367064678,1.5657102644188658
1789205937.8355234,1,0.7087284844004861,4.784145759653676,2.043684191460885,-0.008942852445279686,0.04831043949432702,1.5552686671682447
1789205937.8856275,1,0.7097219382269188,4.793336403963454,2.0440847965373226,-0.008219969996336611,0.04919801656822958,1.5459611155251407
1789205937.9353416,1,0.7108909770969339,4.802604504403167,2.0443861821977065,-0.007815072189106887,0.05057793831296472,1.5382861291334826
1789205937.983374,1,0.7116403609293583,4.808162071645551,2.044542123623158,-0.007542454792358646,0.050990880752704366,1.5344250760431433
1789205938.029783,1,0.713346910820799,4.820008707876931,2.044873200292337,-0.006111292867037867,0.052795687587860074,1.528156750671375
1789205938.0752196,1,0.714619285902256,4.8284839818400025,2.045080685021763,-0.004920290769314249,0.05380432861955503,1.5250517760249855
1789205938.1250713,1,0.7160170153631212,4.837693696550449,2.045333776239361,-0.00317701424589993,0.0550041495783046,1.522756629372218
1789205938.1757333,1,0.7173234639499687,4.846894548186045,2.045549257758542,-0.0014830250375588723,0.05635804155659341,1.5217662036048578
1789205938.2257152,1,0.7185580488710986,4.856068184310614,2.0457056340822644,0.00026589628117208096,0.05739080190475515,1.5216749686264537
1789205938.2759166,1,0.7196405414530889,4.865216443391118,2.0458211301163303,0.001621201547166948,0.058492767317655736,1.5225389121126813
1789205938.3258982,1,0.7206558753828061,4.874328792745652,2.045931583393421,0.00285751073308412,0.059005746188691865,1.5242808127664775
1789205938.3757844,1,0.7215626644493708,4.883391818091782,2.0459424392151893,0.0035884394764625653,0.059730409887058994,1.5271557334667216
1789205938.4257789,1,0.722344049063616,4.892350905858972,2.045983620874935,0.0039020386509872134,0.06045093051217374,1.5311124603542454
1789205938.4942625,1,0.7228494888460384,4.899483032144313,2.0459286491137276,0.0037107458873056436,0.060764899018684405,1.5350890682582499
1789205938.5398538,1,0.7235640615339572,4.912567746176332,2.0457792358609757,0.0029040052063302882,0.06155114866901794,1.5448023096667376
1789205938.5855734,1,0.7238280339251824,4.920622245818452,2.045652537663694,0.002506281104079253,0.06204600389774134,1.5524669646008895
1789205938.6352227,1,0.723908799859114,4.929287821608315,2.0455125282425657,0.002794421728178394,0.06227321376422746,1.5619217484101406
1789205938.6854215,1,0.7237694673916177,4.937870962666094,2.045292449862974,0.0026019687374451684,0.062326823594872266,1.572629418756004
1789205938.7358148,1,0.7234374710703244,4.946341513395614,2.045022359092621,0.0028315218354570794,0.06228222077741559,1.5846452790589887
1789205938.7858596,1,0.722906259377015,4.954720624274655,2.044723378400461,0.002800348044466628,0.061804447954146746,1.5964224427998897
1789205938.8354785,1,0.7221950936952383,4.962989976461662,2.0444810081130713,0.0032398288458019417,0.06152930765272103,1.6075293114774096
1789205938.8861623,1,0.7212937063132888,4.971198306152937,2.044235324958995,0.0030956315565358367,0.061023420064226466,1.6170881856168458
1789205938.9360325,1,0.7202601401481848,4.979333461919365,2.044023429826984,0.0031072717779100823,0.06053440503260553,1.625606618948293
1789205938.9875424,1,0.7195745978181497,4.984199430108149,2.043918833050993,0.003052468548592752,0.06008423520116347,1.6298471791405607
1789205939.0358827,1,0.7179659896537801,4.995448334959004,2.043757015395976,0.00268298026087264,0.059579219943193554,1.6385093553174719
1789205939.0860684,1,0.7168468123361641,5.003451461460219,2.043659667949303,0.0023362505786595185,0.0593241849052097,1.6431289658414092
1789205939.135316,1,0.7157815828640088,5.011421989565467,2.043606184532833,0.0018978885590461543,0.05937536933022716,1.6464560800612893
1789205939.1858642,1,0.7147725335050481,5.019371387350382,2.043513008562111,0.001229914618796712,0.05900575745575715,1.648401136286671
1789205939.2358263,1,0.7138387553776343,5.027281960318528,2.0434272191261456,0.0007219912370076125,0.058651881819627674,1.6492904914272692
1789205939.2853644,1,0.7129362301962711,5.035161550906786,2.0433047240118265,0.00011526491580873095,0.05852075180361519,1.649307881067224
1789205939.3356605,1,0.7121152454796394,5.043021426928989,2.0432070657289776,-0.00026912059743777116,0.058389375814164944,1.648814730485733
1789205939.3852153,1,0.7113311031536889,5.050876354086098,2.0431731076329354,-0.00030324252510232876,0.05822962366022381,1.647182583798747
1789205939.4351575,1,0.7106087774182183,5.058756485078391,2.043139858863539,2.53696149307018e-05,0.057947736619852766,1.64450123510442
1789205939.4868748,1,0.7101588436510009,5.063504269892041,2.0430899662168125,0.00019798099830845454,0.05753905677671619,1.6420945650189172
1789205939.535829,1,0.7092071152167977,5.074547848252657,2.0430193152565614,0.0008084327447774162,0.05718730650816907,1.6351446946387747
1789205939.5853648,1,0.7085784662054393,5.082405152977634,2.042942046887778,0.0007766452809754111,0.05637481595422114,1.6287019282845334
1789205939.6355672,1,0.7080790318419945,5.09024985406061,2.042978328743188,0.0007815182568922758,0.0559232017839833,1.6211030847587418
1789205939.6861014,1,0.7077177668150596,5.098129693650913,2.042948203176114,0.0005490456030945508,0.05499726823501633,1.6122027393964589
1789205939.7354524,1,0.7074823534980403,5.1060173874237895,2.0430099554641017,1.9297767955683327e-05,0.05447937416215902,1.6027530146999602
1789205939.7849195,1,0.7074112949099839,5.114009451273594,2.043103639657462,-0.00021959970947882956,0.0539234346485093,1.5934574803669044
1789205939.8349793,1,0.7074876148374543,5.122091770669391,2.04327394851947,-0.00036060398767267046,0.05384296134185298,1.5848494545169787
1789205939.8862329,1,0.7076779558711996,5.1302559523435205,2.043486101672911,-0.0009152688726822245,0.053694909131549375,1.5775155249059523
1789205939.9352076,1,0.7080161547799252,5.138525188127983,2.043668405396147,-0.0009080721294720663,0.05381976538423485,1.571698650003428
1789205939.986924,1,0.7083116320333782,5.144194521140683,2.0437696588288414,-0.0010739647038941508,0.05397062962205833,1.5684791981240924
1789205940.0354607,1,0.70892519628685,5.155307668837645,2.0439020069867566,-0.0014581411531157777,0.05426082356090255,1.563598461474563
1789205940.0854313,1,0.7093653013746907,5.16379827827275,2.043988226302794,-0.0011736810524761348,0.05453679886421952,1.56153457536031
1789205940.135432,1,0.709813049113658,5.172348427766199,2.0441060254722796,-0.0005871623043161137,0.054884892629452016,1.560639280192879
1789205940.185373,1,0.7101989162851617,5.180951590792755,2.0442180258339637,7.454832201538039e-05,0.05512404670898972,1.5606536543783505
1789205940.236068,1,0.710508484901887,5.189600109405891,2.0443568485440182,0.0005864771864361237,0.05583057060663313,1.5613709526473492
1789205940.2851748,1,0.7108028103167479,5.1982967241297064,2.0444308577918133,0.0010277673661593949,0.056488043111124875,1.5629493753260786
1789205940.3362188,1,0.7110822304067509,5.207004427421138,2.0445016534837914,0.001327568363754164,0.05716473508304186,1.5652279770275268
1789205940.3857927,1,0.7113449066612904,5.215711546694316,2.0445304660263917,0.0013993810119368086,0.057566623786162105,1.5686977696113622
1789205940.4349947,1,0.71155457764779,5.224397141392324,2.044584608266775,0.0009900926214795203,0.05822684566105982,1.5734931872164093
1789205940.4846425,1,0.7116097830752584,5.230298328638365,2.044600888173893,0.000589584210737371,0.05850531485505976,1.5772285227054628
1789205940.5351784,1,0.7116029724339541,5.2416960607331875,2.0445888357404804,0.00041547260857629863,0.05891204964875706,1.5858904686495991
1789205940.5855079,1,0.7114468180638104,5.250261605212151,2.04453656157191,0.0006714558765741377,0.0593412430953181,1.5929516362599279
1789205940.6355538,1,0.7111318125235063,5.258764246670682,2.044453303989771,0.001205879694612133,0.0593472125184105,1.5996893104589034
1789205940.6852298,1,0.7107010163228042,5.267192998816991,2.0443443867021744,0.0011905539337423276,0.05937606766637018,1.6062039815112035
1789205940.738215,1,0.71029306290424,5.273868073733559,2.0442725727002107,0.0012689031043995997,0.05953787800245279,1.611223794721326
1789205940.785811,1,0.7095734899793519,5.283793718771433,2.0441239141546084,0.0015177527734706849,0.05928634318435064,1.6181348055192222
1789205940.836049,1,0.7088771309932994,5.2919630551082015,2.0439839683489103,0.001699931942659957,0.058838969504583775,1.6233367516615798
1789205940.885185,1,0.7081487586222093,5.300052324257621,2.043862111174706,0.001872486411166789,0.05862617231694049,1.628037099708033
1789205940.936007,1,0.7073611084004036,5.308073575237135,2.0437456206276483,0.0016469522689582764,0.05850632020062946,1.6317884021965006
1789205940.984323,1,0.7068978057339325,5.312892053322063,2.0436471850843025,0.001631416272204709,0.058145577952797886,1.6338729579044398
1789205941.0300088,1,0.7058630988453447,5.323144088102389,2.043542614164086,0.0016155679648729507,0.057995537584598966,1.6377691890743258
1789205941.07709,1,0.7051201182326603,5.33048486123983,2.04350480844435,0.0013970917957376223,0.05807651976844041,1.6397600092634652
1789205941.1259012,1,0.7043362598945129,5.338455369866208,2.0434466168850376,0.0010745190685729398,0.057839381489881325,1.641363618884094
1789205941.1757865,1,0.703604367266358,5.346391390138721,2.043363208117615,0.0008129049474507469,0.05752424860445038,1.6427346973406347
1789205941.2259686,1,0.7028705645983379,5.354293140944147,2.04329641561743,0.000585593330039699,0.057421503656825336,1.6436540575425342
1789205941.275629,1,0.7021969070335023,5.362168340222633,2.0432419700477493,0.0004853310445539068,0.057285335868652906,1.6443337157387339
1789205941.3259263,1,0.7015115160771125,5.370027410927198,2.0431996935858976,0.00029220695650861384,0.05716486402299752,1.6446901352497765
1789205941.376035,1,0.7008024742743804,5.377882878837061,2.0431683671024086,2.33722108222215e-05,0.05709893983539913,1.64478180453028
1789205941.425221,1,0.7001266074041992,5.385740159799874,2.0431193490984234,-0.00014164109156965065,0.05689991879537314,1.6448416100201764
1789205941.5013664,1,0.699620606437461,5.392004628987863,2.0431149179214243,-0.00020550388945531718,0.05668415535282054,1.6448220482305291
1789205941.5493922,1,0.698560368681022,5.405216734770869,2.043033273463273,-0.00042397747611829786,0.05656977412031062,1.6441557583745003
1789205941.5949664,1,0.6979996860884209,5.41245237682033,2.043029013837892,-0.0004719778430184478,0.05638702625264735,1.6435859227765786
1789205941.646129,1,0.6974027031827909,5.420336996976909,2.0430604101228735,-0.00046375985820822405,0.05646624927114309,1.6426974605248605
1789205941.6959994,1,0.6968131104538025,5.428273291479993,2.0430262117378017,-0.0005954908251571902,0.05649824641965613,1.6417250675571688
1789205941.7457113,1,0.6962155907105055,5.436215502955758,2.04298883206076,-0.0005134260746235207,0.05633502987545262,1.6404529716084846
1789205941.7957025,1,0.6956002837546086,5.444140623515011,2.0429609064566763,-0.0005856356368896053,0.05611855185854359,1.6389637172893803
1789205941.8458347,1,0.6950033405635934,5.452060534309935,2.0430070081248193,-0.0006377562762764857,0.055970301566658,1.6373163734471086
1789205941.895927,1,0.6944954343165886,5.460009087335485,2.0430464760367033,-0.0008030464777625884,0.0558182840963341,1.6356164665388435
1789205941.945834,1,0.694014014945255,5.467974930303096,2.0430390339765707,-0.000714132911440166,0.05579972384110234,1.6337363135908158
1789205941.9958336,1,0.6935413466373452,5.475941734108109,2.0430873081360468,-0.0006231544177999965,0.055931952178355886,1.6316054397113686
1789205942.0457299,1,0.6931222817979255,5.483932659791643,2.0431493128477665,-0.000686022937556663,0.05580366793041233,1.629608786308415
1789205942.0958574,1,0.6927595889723029,5.491957308737923,2.0431816237135734,-0.00046587812287666216,0.055666089787942644,1.6276499072503061
1789205942.145238,1,0.6923875557827968,5.500013748335152,2.0431503365000423,-0.00016487260424739828,0.05551725185586493,1.625527966679857
1789205942.1953883,1,0.6920090923983743,5.508074983639308,2.0431587220504617,8.101094638479166e-06,0.05556335522807448,1.6233700602416594
1789205942.2458055,1,0.691646435004448,5.5161500054513715,2.043212773459586,-0.0001680823910643724,0.05554925004052282,1.621553091452298
1789205942.2959661,1,0.691335178337654,5.524262291965788,2.0432513449470444,-9.76732595943392e-05,0.05558770578673697,1.619845079418067
1789205942.3459816,1,0.6910518235291073,5.532401705141457,2.0432701187767384,2.755087299394802e-05,0.055799068934829436,1.6182421121169903
1789205942.3961036,1,0.6907483998759926,5.54054889095742,2.0433269251258093,-4.91668149048066e-05,0.05598641628048866,1.616581963390118
1789205942.4458354,1,0.6904506211354544,5.548703607848658,2.043389568441978,-8.557227907559126e-05,0.05607654594384352,1.6150285234548583
1789205942.491239,1,0.690386982304607,5.551972330568969,2.043385948258177,0.00020618842031185119,0.05609180315548621,1.6144302585725994
1789205942.5392194,1,0.6900769545218195,5.564052196638642,2.043420272779399,0.0005200572392589211,0.05584539921183461,1.6119844828426544
1789205942.585514,1,0.6898909671249178,5.571565373765212,2.043490818303665,0.0007453356984278876,0.05595145263447925,1.610390372429662
1789205942.63506,1,0.6896894031055548,5.579773339114835,2.043496573784377,0.000754607587249964,0.05606886675224773,1.60873061844565
1789205942.6860623,1,0.6895148387693587,5.5880145917145425,2.0434799813056195,0.0006750660678407216,0.055985563347699316,1.607275491865099
1789205942.7357323,1,0.6893143022217204,5.596262734641212,2.043464358148084,0.0005424542544357448,0.05596202875330109,1.6058479795138445
1789205942.7933526,1,0.6890809867458717,5.604497886896687,2.043476479611254,0.00025905581942622507,0.0559911523359143,1.6043819083511432
1789205942.8393192,1,0.6888418547464198,5.613396655980661,2.043503370721259,5.3319111759179645e-05,0.0560496717576377,1.6030061686127697
1789205942.8853927,1,0.6886808924093603,5.620980235941822,2.0435381391636374,8.311275566707896e-05,0.05616751799109419,1.6020505704619241
1789205942.9353867,1,0.6885077506566882,5.629227263192138,2.0435702819273396,0.00011144790363156089,0.056241575429302505,1.6011697820316813
1789205942.9844286,1,0.6883587856797816,5.634837034831881,2.043601882276765,-2.115522182136344e-05,0.05627537632208428,1.6003776121600166
1789205943.029921,1,0.6882294800988171,5.644758323729701,2.04367744327697,0.00015704683278104835,0.056428723172195744,1.599366566940519
1789205943.0759332,1,0.6881849618416108,5.652382152777986,2.0436890630359548,0.000450145599396914,0.056505966101057306,1.5988370025688565
1789205943.1259208,1,0.6881445339013357,5.660664737591094,2.0437116296824476,0.0008589243009565298,0.05650781195910958,1.5984501618288238
1789205943.1759148,1,0.688088458635051,5.668959208689028,2.0437381732250386,0.0011574162748414856,0.056598955029013694,1.5980117187135525
1789205943.2256396,1,0.6880014534293857,5.677259444375662,2.043768909211612,0.0013268806943900079,0.05683715190688614,1.5973902113682565
1789205943.2762122,1,0.6879311945379831,5.685555906628295,2.043776708329133,0.001557819631764775,0.05706131897920482,1.5968148135456628
1789205943.3253994,1,0.6878621964854389,5.693854661892717,2.043739341861431,0.0018160338696696665,0.0571030707508129,1.5963864813069235
1789205943.3759294,1,0.6877845354006046,5.702138695732344,2.0437061225493776,0.002073125701766756,0.05705614451900983,1.5960838678522482
1789205943.425638,1,0.6877146539524336,5.7104073699585705,2.0437036946168745,0.0023786379244796945,0.057059928042051365,1.595803056099629
1789205943.4878619,1,0.687643987953701,5.717685135078296,2.043755172284876,0.0025727940360165467,0.05715152504202425,1.5955297797392234
1789205943.5353882,1,0.6875462467204246,5.728618193333486,2.043748599090242,0.002936946884901912,0.05713946509725652,1.5952094502033944
1789205943.5856507,1,0.6874586431190834,5.736897995599336,2.043755255835498,0.0031337116235013555,0.057235760309443266,1.5948942343340806
1789205943.6359546,1,0.6873629229174696,5.745184466338668,2.0437218835295834,0.003346312222168737,0.057205047906601,1.594597734460827
1789205943.6851702,1,0.6872606684667888,5.753473994470397,2.043680827869188,0.003524108562471331,0.05719122322947239,1.5943586676977675
1789205943.735989,1,0.6871647115014147,5.76176999513347,2.043651846326319,0.00374727024315471,0.057142784605275686,1.5941975733249174
1789205943.7855,1,0.68708461012892,5.770067322942102,2.043661162521497,0.004028247116565676,0.05717909512538573,1.5940422396804395
1789205943.8357472,1,0.6870088558282266,5.778364228163982,2.0436957757108263,0.004246619408216171,0.057315276484142676,1.5937224771923415
1789205943.8857741,1,0.68692750871325,5.786655927192303,2.0437062723461903,0.00444101215458737,0.05734761718234323,1.5933736346140361
1789205943.9351287,1,0.6868540859979541,5.794950468619357,2.043717343467739,0.0046527769013355955,0.05723817258843738,1.593102635346936
1789205943.9893992,1,0.6867890619772085,5.800589296147219,2.0437198213907966,0.004784004616464993,0.05707144409798126,1.593109449718771
1789205944.0353808,1,0.6866941870503103,5.811548750691862,2.0437532761786055,0.0051050115262948875,0.056958344092251326,1.5930127307754665
1789205944.0853014,1,0.6865787579935692,5.819825508559396,2.0437946039287294,0.005169189999103264,0.05729976951588871,1.5927192891960436
1789205944.1361496,1,0.6864659415862702,5.828109524648291,2.0438000219884906,0.0052306067219036936,0.05741805674773368,1.5923521438443047
1789205944.1856647,1,0.6863865672257989,5.836395862784278,2.0437986148566636,0.0054237369501095286,0.05740238674494972,1.5921133857279344
1789205944.2351696,1,0.6862898200454831,5.844695847429305,2.043795430426621,0.005527521001216775,0.057370034898471145,1.591826631700505
1789205944.2857773,1,0.6862085122095875,5.853010445876667,2.0437620805727996,0.005694467867024148,0.057391798749502086,1.5916384813280582
1789205944.336004,1,0.6861397823634705,5.861335054473175,2.0437257561057844,0.0059018620491897095,0.0574454999428964,1.5914293111139917
1789205944.3852227,1,0.686065465876461,5.86967533242758,2.04369771938653,0.006079400771639542,0.05765622969440253,1.5911439005859023
1789205944.4357035,1,0.6859825041348278,5.878029227203459,2.043683943825301,0.006221773483260315,0.05786393434464817,1.590734015575834
1789205944.4872954,1,0.6859259971007021,5.883030409581087,2.0436750766212537,0.006267313203025688,0.057604240793319994,1.5905054086500021
1789205944.535027,1,0.6857885396907368,5.894697911637008,2.043664324219421,0.006393183929888383,0.05774792355035594,1.5899794222554373
1789205944.5857544,1,0.6857013752269377,5.903034181237512,2.0436197490033075,0.006506556646629187,0.057698054176848465,1.5895855051505632
1789205944.6359684,1,0.6856058562388904,5.911378000064364,2.043602393467971,0.0065870854283845365,0.05773315953762916,1.5892096054757199
1789205944.6858895,1,0.6855155066112636,5.919721828837675,2.043593676493071,0.006668074831873268,0.057967042027649844,1.5888649664652676
1789205944.73532,1,0.6854438423271172,5.92808026768062,2.0435813258985918,0.006807929687224919,0.058082613890888424,1.5885675866012219
1789205944.7854125,1,0.6853834344224373,5.936448301349575,2.0435834020816537,0.006964430515777751,0.05804236221929387,1.5883254843248837
1789205944.8351223,1,0.6853023383910749,5.944829355133451,2.043572010130506,0.007068019198092878,0.05793580833287637,1.5880169333028722
1789205944.8853598,1,0.685207202506291,5.953227764086132,2.043547032903234,0.007125856702600079,0.05786605037397374,1.5876427422910306
1789205944.9352205,1,0.6850957543206302,5.9616325738537705,2.0435136295475615,0.007138558028969398,0.0579743686283886,1.587262868675364
1789205944.9844027,1,0.6850416094712991,5.966659388725504,2.0435222549286047,0.007176905804864163,0.058213187003092186,1.5870395815380585
1789205945.0352612,1,0.6849135256693116,5.978418472213664,2.043477105070598,0.007266907877814582,0.05832918767179325,1.58664478806259
1789205945.0859916,1,0.6848037542553572,5.986803906532701,2.043473597145775,0.0072800638043117325,0.05824325502557699,1.5864145241581984
1789205945.13639,1,0.6846910969181432,5.995185403967121,2.0434626260855366,0.007273990168110418,0.058158684363528584,1.5861724273177227
1789205945.185944,1,0.6845868521977045,6.003577382574261,2.043433411954683,0.007293235613622247,0.05809040895473141,1.5859823034948273
1789205945.2351363,1,0.684472328910571,6.01195744687705,2.043404131627879,0.007278259072871471,0.05812656403848707,1.5857570208863034
1789205945.2859325,1,0.6843500432314372,6.020330609929508,2.0434062045111214,0.007267744519852037,0.058298997540456005,1.5856246530883922
1789205945.33534,1,0.6842274846809396,6.02869433058966,2.0433993939836514,0.007236475952782388,0.05836761294420502,1.5854322070350642
1789205945.3853476,1,0.6840976541409702,6.037054056812913,2.043400677623567,0.007186892703996864,0.05830753448485052,1.5851969177008747
1789205945.4352207,1,0.6839676593489762,6.045411652883754,2.043393626486987,0.007113200312670726,0.05815272233122259,1.5849392677992158
1789205945.491894,1,0.6838817503916196,6.051110288955631,2.0433695262495872,0.007051980102425574,0.05818081946930543,1.5846245408047932
1789205945.5401392,1,0.6837231901247149,6.062821564734098,2.0433550448281084,0.006989740275812331,0.05797501748913188,1.5840739648801354
1789205945.5854664,1,0.6835969692051417,6.070513284363563,2.043357786202546,0.006909593628903853,0.05809582766339513,1.5837033373083795
1789205945.6359365,1,0.6834747685672614,6.07885566367023,2.043355408318869,0.006815315338047619,0.058063927721475624,1.583353921040357
1789205945.686117,1,0.683343981366269,6.087187614501339,2.0433659654515424,0.006695385783082025,0.057897994932710486,1.5829648693401563
1789205945.7353914,1,0.6832353699740451,6.095509927422221,2.043378317649645,0.006634320879994876,0.05775055431244677,1.58251152119444
1789205945.7856052,1,0.6831349281488325,6.103831382682937,2.043375542196196,0.0065933460595408696,0.05760043092223872,1.5819813682584167
1789205945.8354204,1,0.6830003785521056,6.112148102702227,2.0433561091707455,0.006435116157146083,0.05763692061900987,1.5813116959618991
1789205945.9023352,1,0.6828741979716474,6.120458797975819,2.043371398664442,0.006316404040242389,0.057718510847745104,1.5807474275596523
1789205945.9491696,1,0.6827345051520941,6.131105194961671,2.0433989565808073,0.006195573866602327,0.057623121119368445,1.5800157708988942
1789205945.9954255,1,0.6826475672108504,6.138752815135207,2.0434285862399424,0.006120584384782843,0.05761828360725919,1.5796095027266515
1789205946.0462506,1,0.6825724111941975,6.147063372857921,2.0434652933420496,0.006107633169272227,0.057665537494175106,1.579232608760708
1789205946.0955162,1,0.6825025701652071,6.155371803201639,2.0434802619692807,0.006107739106698059,0.05751251424107953,1.5788308596635272
1789205946.1455383,1,0.6824605705872568,6.163675177145206,2.04350706295845,0.006175354700222472,0.05747560824252942,1.5783769745053817
1789205946.195525,1,0.6823961452891919,6.171986182095798,2.0435423532361563,0.006146669186807962,0.05755749416467339,1.5778642858625813
1789205946.24525,1,0.6823540298285515,6.180310129190168,2.0435573179530286,0.0061251232579319515,0.057646505962116755,1.577536589760981
1789205946.296131,1,0.6823205389413203,6.188623107249061,2.0435975907415895,0.006158230529971129,0.05778436938364424,1.577284318023649
1789205946.3456316,1,0.6823244785384323,6.196929770425613,2.0436144318639577,0.0062760797021791,0.057810668295313256,1.5770181959611769
1789205946.3951519,1,0.6823503139972469,6.20522749918197,2.043609315901273,0.006401893760306557,0.05797250421755906,1.576632234055614
1789205946.4458423,1,0.682385900103089,6.2135057984027355,2.043603240236997,0.006467820124615134,0.058115205192252176,1.5761211096720054
1789205946.4914603,1,0.6824002575709675,6.21748145704919,2.0436097382131737,0.006533588128345879,0.058203463562019414,1.5760370350628878
1789205946.5398252,1,0.6824518873883366,6.22906885882858,2.043606091673436,0.006622610246289223,0.058423394401057996,1.575405270055051
1789205946.585797,1,0.6825136182013366,6.236686731639307,2.0435994976217233,0.00680857942492109,0.05857383190301472,1.5752980203944593
1789205946.6357741,1,0.6825766312922142,6.244957738731441,2.043601017829987,0.006966671002603952,0.05872715548630421,1.5750322638438248
1789205946.685879,1,0.6826429904075592,6.253221264310203,2.0436042518546538,0.00708506006498128,0.058794035030150994,1.5746199535486647
1789205946.7359881,1,0.6827274298440803,6.2614981008025055,2.0435691994062704,0.007273852379721131,0.058720501065382597,1.5743893629419412
1789205946.7852674,1,0.6828275643940631,6.269769707461819,2.0435759216040097,0.00752740874890253,0.05866414538670379,1.5742850264056643
1789205946.835799,1,0.682944206437305,6.278054901861962,2.043563998351827,0.007828402209529772,0.058724464487745404,1.5742106923978714
1789205946.8859122,1,0.6830537143502711,6.286336508942645,2.0435506616137196,0.00809094615243329,0.058845674887754246,1.574067058345861
1789205946.9359493,1,0.6831497001475676,6.294615716397717,2.043547188705359,0.008308041017090437,0.05906475625586916,1.5738661599611974
1789205946.9853702,1,0.6832007008339815,6.300229634754803,2.043567993232819,0.008398496986596204,0.05891229272428262,1.573696946260072
1789205947.03572,1,0.6833208403238283,6.311143982633681,2.043534217756105,0.00872756696795529,0.05881730478122855,1.573661884689234
1789205947.0854552,1,0.6833671392869112,6.319415254331958,2.043572127980754,0.008838548903716777,0.05894663237497393,1.5735834674567433
1789205947.1360147,1,0.6834392997858056,6.327699984649626,2.04357647774153,0.009027782522064579,0.05905978759230352,1.5736046025755206
1789205947.1857982,1,0.6835078768921063,6.3360008340489955,2.043554868830907,0.009183893569931692,0.05915759370659167,1.5735518332449114
1789205947.2349486,1,0.683543265029984,6.34429276652801,2.043525190917966,0.009254133581566609,0.05919875429375998,1.5734509556511858
1789205947.2855392,1,0.6835711251860382,6.3525772006448875,2.043518662022918,0.009333385836831062,0.05914965546100155,1.5734722569760928
1789205947.3359132,1,0.6836292500892316,6.3608614013294975,2.043483214956673,0.009572564622334951,0.05890357469901592,1.5737179082325747
1789205947.3859122,1,0.6836313150444061,6.3691289078002455,2.043487301023864,0.009611410213440842,0.059021840460457775,1.5737613996281927
1789205947.4350305,1,0.6836280174859793,6.377406733483027,2.0434392732902116,0.009637930290364048,0.05895057325153057,1.5737829242591646
1789205947.485756,1,0.6835900476611235,6.382352808089025,2.043429761116474,0.00953818939320799,0.058880456843515255,1.5736082384896772
1789205947.5352082,1,0.6835524487813447,6.393923920340312,2.043367666029745,0.009506432291914963,0.05878227849571232,1.573600235193192
1789205947.58599,1,0.6835093114911429,6.402162170021768,2.0433856573535856,0.009434167510812965,0.058644738801759064,1.5735004913816781
1789205947.6354373,1,0.6834921371655012,6.410398559553289,2.043401458345182,0.009455819447656005,0.05860148302574368,1.5735466934283495
1789205947.685435,1,0.6834760584322216,6.418649674022483,2.043383863740025,0.009468157549163369,0.0584494793598357,1.5736045990585141
1789205947.7356234,1,0.6834499619497376,6.426912021745464,2.043338888840032,0.009429898525754094,0.05838603037645214,1.5735848511331925
1789205947.7858174,1,0.6834224825524899,6.435167276212519,2.0433032998661336,0.009389407164343656,0.05841596851247896,1.5735207382157326
1789205947.8353193,1,0.6833906515379204,6.4434131337706235,2.043314563830626,0.009343961950683332,0.05843973261127317,1.5734209570277968
1789205947.8859665,1,0.683371095659126,6.4516506964841644,2.043322576428,0.009293686457171508,0.05840670064153565,1.5732721420390146
1789205947.9354968,1,0.6833405880172958,6.4598839090797275,2.0433164992696375,0.009215025551876865,0.05837533544194422,1.5731980273177613
1789205947.9906778,1,0.6833358258583138,6.465509148285519,2.0432813648462993,0.009221289142677561,0.058435839996832224,1.5732002832370386
1789205948.0388813,1,0.6833300751606359,6.477063898776181,2.0432976914228917,0.009238477292807197,0.058365884167521614,1.5731378328320142
1789205948.0859947,1,0.6833032755502483,6.4846517513677755,2.0432778195151142,0.009167911182973864,0.05848560869187406,1.5729999061297189
1789205948.135658,1,0.6832753795426985,6.492887419565739,2.0432852871779006,0.009119751348259245,0.0584460393607076,1.5729223872274076
1789205948.1857686,1,0.6832663952217658,6.501148798839786,2.043294775781859,0.009161760927125027,0.05840994167166413,1.5729675452309273
1789205948.236026,1,0.6832717487175782,6.509419601882321,2.0433186170525652,0.009248172026133651,0.05855431698837181,1.5731350438802103
1789205948.285304,1,0.6832843722327642,6.517692575620024,2.04328648603978,0.009356204523639763,0.05853666975350326,1.5733084617935322
1789205948.3355317,1,0.6832716681833343,6.5259557820656,2.043253476245579,0.009379129967344916,0.05857545983816046,1.5733818189808617
1789205948.3850887,1,0.6832454024005706,6.53419900659852,2.0432403238007164,0.009343055217782736,0.058578681265799265,1.5733007903071672
1789205948.4353473,1,0.6832332299241592,6.542424685188624,2.043269821190542,0.009373586548514029,0.0585728176606535,1.573272337180393
1789205948.4888926,1,0.6832500088906066,6.548036687339353,2.0432690326836074,0.009480545912911933,0.05858668006324758,1.573442010064287
1789205948.5359519,1,0.6832320139388142,6.558888260253272,2.0432712323104125,0.009451425764500107,0.05864599630713666,1.5732709181270754
1789205948.5858216,1,0.683221952751241,6.567128718281377,2.043220199902104,0.009430734364264731,0.05858246986056961,1.5731394457189314
1789205948.6355999,1,0.6832126870086707,6.575359351374413,2.043206144704221,0.009436061092628524,0.058659412094174086,1.573078087125886
1789205948.6854472,1,0.6831995071517227,6.583569994136094,2.0432093219121445,0.009436135383571138,0.058602202910521914,1.5730220947032678
1789205948.735434,1,0.6831872228283815,6.591792416450719,2.0432479328379545,0.00938854584271719,0.058494393922735664,1.5728889784624636
1789205948.785814,1,0.6832122638437474,6.600053470587064,2.043248622692828,0.009490302674294349,0.05850402244397119,1.572918999497585
1789205948.8352568,1,0.6832353674776134,6.608344298548693,2.0432447029065437,0.009582878888088892,0.058598073459165255,1.5729310611915819
1789205948.8851802,1,0.6832341204928104,6.616637343777853,2.0432316641201607,0.009596709840269668,0.05876380124440536,1.5729329867926907
1789205948.9352903,1,0.6832085369136732,6.624916116561759,2.043220414176428,0.009535524198175077,0.058799305686870446,1.5728025910446863
1789205948.9945102,1,0.6831917207171092,6.62988822122878,2.0432272113790173,0.009518691839165769,0.05884787316859482,1.5728401995864858
1789205949.039803,1,0.6828305798584297,6.642415291563714,2.0429069965888202,0.008655930744590128,0.05984004717145071,1.572747906107597
1789205949.0859456,1,0.6824314994588335,6.650598936760081,2.0425254014143186,0.007842839954439995,0.06109966844036488,1.5731088024533593
1789205949.1355586,1,0.6816314019046991,6.660083864706358,2.0418127154352113,0.0059171872365006775,0.06397897575489747,1.5731541695860523
1789205949.185386,1,0.6804229417830931,6.670637237673739,2.0400295145204534,0.0030194108375486283,0.07032151166841813,1.5734680725910122
1789205949.2355807,1,0.6785822434370122,6.682713302177979,2.036306323792213,-0.001741304650663805,0.08305436595722995,1.5739925294860775
1789205949.2850277,1,0.6759035082065371,6.696705232335654,2.029554263669751,-0.008580960166751047,0.1048638982015713,1.5749837782031448
1789205949.3358471,1,0.6719475850605418,6.712564270331118,2.0161750505825666,-0.020590497513792105,0.1440139657853501,1.578195032226797
1789205949.385128,1,0.6665470616055835,6.729152685439802,1.988643656025304,-0.03552376636681135,0.21396790837841884,1.583693779147965
1789205949.435504,1,0.6650413999407775,6.74447001182018,1.9493204935694153,-0.005803563913816335,0.2745105750502727,1.5772293783538447
1789205949.486439,1,0.6682126957555878,6.752331881468439,1.9266441046829537,0.01732395705762161,0.2916570388859359,1.5703123361538187
1789205949.5358818,1,0.6729659913405335,6.762495975297005,1.904609046959542,0.023280455750550547,0.27231444681678696,1.5680107611597731
1789205949.5856736,1,0.6769231094476571,6.768470968465788,1.8997884262533742,0.023559800003869466,0.249001159484025,1.5668553774236376
1789205949.6358197,1,0.6810868558850328,6.773660086959956,1.8979022154554719,0.025212163565690646,0.22948578577753712,1.5647096655330772
1789205949.6859143,1,0.6852754097443166,6.778359767186438,1.8963831857103437,0.02904220032820512,0.21267550162445245,1.5624076586670541
1789205949.7349637,1,0.6893835657107189,6.782644479303642,1.8947756799120536,0.033932218837207304,0.19966049713559267,1.5605486127119303
1789205949.7853467,1,0.6933085826317251,6.786759067605485,1.8929324750587933,0.03886093373828884,0.18938688035517137,1.5594319180235643
1789205949.8357399,1,0.6970324785433589,6.790859993988244,1.8911788989298297,0.043870650881064274,0.18093754122860964,1.5590833673077986
1789205949.8852773,1,0.7004843667331011,6.795271416728025,1.889378040310353,0.04859961390285178,0.17346455954826437,1.5593297841131402
1789205949.9350057,1,0.703590727178695,6.800082606758938,1.8874789143342876,0.05234874961200774,0.1671759907977988,1.5604646351252158
1789205949.987043,1,0.70542970079193,6.8037146575599055,1.8861436567246093,0.05471973249034368,0.16384411597184023,1.562025458556037
1789205950.0353267,1,0.70816685280553,6.812017959657699,1.8835650174696459,0.05743677128054239,0.15969369049236634,1.5661784277225612
1789205950.086304,1,0.7093754982120557,6.8197345791853845,1.8819955216411763,0.05897793073963013,0.15774862187710076,1.570882927159393
1789205950.1357021,1,0.7097478625384462,6.8285361761622125,1.8810411081159446,0.05890784169647343,0.1572247897506299,1.575902186949931
1789205950.1857991,1,0.709303214529317,6.83837667913285,1.8806773316010672,0.05687670284733194,0.15775392865103885,1.5807696713038086
1789205950.2351327,1,0.708226940394035,6.849098232318642,1.8806278698780021,0.0533422971690554,0.15896803564985643,1.5848956783007824
1789205950.285366,1,0.7067415904615314,6.860544575708479,1.8807794941106248,0.04909285652857367,0.16086607135009137,1.5881642338323336
1789205950.3361542,1,0.705091261228597,6.872489646739578,1.8810777350228722,0.04495607138357369,0.16326274533412097,1.5907505459579512
1789205950.3858726,1,0.703398467983949,6.884779853144232,1.881442443545519,0.0410085332543879,0.16584767610775264,1.5926035175095303
1789205950.4357953,1,0.7018133019891127,6.897269943182941,1.8818287684058852,0.03758681324189612,0.16840352967585112,1.5941399832251568
1789205950.487433,1,0.7008017051648914,6.905901078165813,1.8820419468681067,0.03544778844081298,0.16985667337051807,1.5956060964604621
1789205950.5356278,1,0.6989849225386319,6.923040348851275,1.882632051539645,0.03216663135485699,0.17098221924896476,1.6002852578143332
1789205950.5856156,1,0.6974943521343879,6.936466565377383,1.8830472554855238,0.029597129678159792,0.17089040929862895,1.6052997142841148
1789205950.6351519,1,0.6958784222871158,6.950280032554688,1.8834970071161807,0.02788817643475092,0.16926523261682772,1.6119850372359699
1789205950.685476,1,0.6939332743777583,6.964485577649154,1.8836985854833384,0.025980106437186515,0.16515740883646082,1.6209956257506049
1789205950.7361488,1,0.6919423013828783,6.97871010035081,1.8825138588328951,0.026154712653263964,0.15473951910802863,1.6339712597378044
1789205950.7854602,1,0.6907238308433437,6.99179749343013,1.8766485996655862,0.0359120545903958,0.12845500075617206,1.6501146832159577
1789205950.835381,1,0.6890122967651763,7.002939066208889,1.8677320658679202,0.03627163172400049,0.10483848838562089,1.6575481975369843
1789205950.8855698,1,0.6844729845710907,7.013236164749391,1.8664928330854103,0.02655273290597748,0.1008266156042915,1.648389943376814
1789205950.9355924,1,0.679280632626437,7.023443698128926,1.867730937018559,0.013283677755288636,0.08420945890137081,1.6316537280662933
1789205950.9934056,1,0.6752662722117297,7.030102983754932,1.8664885999145047,-0.0020155239801310965,0.0629868202712608,1.6154277094913827
1789205951.0441766,1,0.6707738163699355,7.042821662158898,1.8701175183351468,-0.004101957283822422,0.05114719295051999,1.6040915223177916
1789205951.0894864,1,0.6700762540923169,7.052739561405529,1.8786812878113892,-0.004136496760613753,0.048897287347422796,1.6047731814573147
1789205951.1352217,1,0.6697867047384198,7.062352052783131,1.8851744693628993,-0.004121249394252045,0.04733844803696299,1.6050421168034432
1789205951.1859295,1,0.6694350559813173,7.073076043714635,1.8893757130017614,-0.004231433142877139,0.048696647476224486,1.6036758537667204
1789205951.2352672,1,0.6690692110026117,7.0838998424083375,1.891448889759278,-0.0043697755389435445,0.051597485743315075,1.6015028663334403
1789205951.2857177,1,0.6687919370427805,7.0946911297294255,1.8924437071533913,-0.004207305071947268,0.055325326403235335,1.5990291208949678
1789205951.3351629,1,0.6687124415101786,7.105359572779174,1.8930164876407023,-0.0036191841437441833,0.05782041264479864,1.596191935125632
1789205951.3851001,1,0.6686996477889713,7.115812028808785,1.8934402331932816,-0.003385309492012434,0.0595659030875471,1.5929769261431632
1789205951.4357853,1,0.668861855089472,7.126024631323385,1.8938263932564372,-0.002846194480688181,0.06060073515833958,1.5897791154494052
1789205951.4886255,1,0.6689611952186412,7.1320425923240345,1.8939811607644146,-0.0028252025125359453,0.06151461868698344,1.5877929393355463
1789205951.536062,1,0.6693706361356527,7.145792349944972,1.894306462826774,-0.0019413914632381622,0.06247765382435067,1.5830720044987503
1789205951.5851219,1,0.6697308948437364,7.1553960656577384,1.8944875708542859,-0.0015963898307143486,0.0629401393574564,1.5799000599420319
1789205951.634996,1,0.6701553304401233,7.1648304830827545,1.894665275488493,-0.0009183049047550405,0.06346815143470823,1.5771143780945298
1789205951.6801934,1,0.6705034047494434,7.173039623597192,1.8947812221033908,-0.0005090935120277019,0.06345080282982407,1.5744873631764864
1789205951.725926,1,0.6709363370614873,7.181492900402808,1.8949019274638699,0.00021412638671258142,0.06341132882347057,1.5722924620233816
1789205951.7762272,1,0.6713373865242913,7.1906048894581005,1.8950042968531677,0.00029645741689884116,0.06359846563807145,1.5696840034221367
1789205951.8255403,1,0.6717231982527957,7.19964734142903,1.8950892396827301,0.00040101590494669756,0.0633673044984844,1.56717432171317
1789205951.871963,1,0.6720564601573524,7.2075404822119085,1.8951244765522481,0.0007890129596493662,0.06332844289382725,1.5654754816318044
1789205951.9189794,1,0.6724639523803638,7.216483708092279,1.8952219218859767,0.0013082376303101995,0.06340757907151354,1.563744052080294
1789205951.965464,1,0.6728779789950101,7.2246533533996775,1.8952407183068505,0.0017871474231699002,0.06311382364960759,1.562284126125077
1789205952.0154595,1,0.6732237769656013,7.233507609470041,1.895237269773398,0.001987853377377595,0.06340117908015423,1.5607359738090265
1789205952.065742,1,0.6735262649455354,7.24235491598081,1.8952276251680287,0.0021204293981725054,0.06344678449295711,1.5595234932485238
1789205952.1158674,1,0.6737925341582275,7.251173718695368,1.8952388446527733,0.0021858056336979846,0.06353358987658235,1.5585412934418017
1789205952.165281,1,0.6740515846076461,7.259969172982238,1.8952635029891298,0.0023431862703845,0.06352504066841254,1.5578626453693296
1789205952.2153199,1,0.6742843137785193,7.26874713962234,1.895261552767457,0.0024489570350523047,0.06356544961927155,1.5573006738843187
1789205952.2652004,1,0.6745081831032024,7.277497327341236,1.895235470726065,0.0025888941418485654,0.06352762719826058,1.5569942980950153
1789205952.3158162,1,0.6747072598522089,7.286227090118056,1.8952446625435935,0.00262774210329098,0.0637983232612809,1.5566535519232942
1789205952.3649364,1,0.6749378711432548,7.294931791497676,1.8952221987509548,0.0028037144885995403,0.06376381197672498,1.5565630662918375
1789205952.4158828,1,0.675145521299554,7.3036137392668765,1.8952205691074677,0.002903690019760312,0.06368842102472305,1.5564319943407774
1789205952.4653125,1,0.6753176112446299,7.312285015349609,1.8952339179101942,0.002861637218344613,0.06374470197185857,1.5562541312817435
1789205952.515771,1,0.675475847713861,7.320960419325037,1.8952067679776623,0.0028840264414901097,0.06371974665409301,1.5561843242330198
1789205952.5658927,1,0.6754736957042354,7.3297145768007095,1.895071882011404,0.0024813648766411965,0.06421551993046794,1.5560963364534
1789205952.61569,1,0.6752611963910305,7.338729669410703,1.8947926849157801,0.0016606086985959186,0.06522331472342255,1.5563647654606387
1789205952.6658692,1,0.6748121968890237,7.348218333579085,1.8942184129504664,0.00023723854327840395,0.06742228995589883,1.5568629132975005
1789205952.7159383,1,0.6739679056403045,7.358408526281188,1.8930350931145508,-0.0023064128463213137,0.07164406736983062,1.5573229726349844
1789205952.7658236,1,0.6725277479395217,7.369456867722884,1.8908091847584105,-0.006518568749461931,0.07946865294733217,1.5578111699233284
1789205952.8159711,1,0.6701901130108202,7.381515155531102,1.8866629875959304,-0.014014075220073682,0.09285513983337886,1.5587004201604044
1789205952.8650718,1,0.6666012461506406,7.394606784725527,1.8784900936745266,-0.02756344496466026,0.11674691068681231,1.5613851036356754
1789205952.9154513,1,0.6608478232581205,7.408178483168864,1.8608047230381677,-0.052636374760848856,0.16030669599659025,1.569220197042641
1789205952.9655428,1,0.6540553008809368,7.420908946722525,1.826418954669728,-0.07007386373956007,0.22072143533899125,1.576170575190548
1789205953.0161781,1,0.6538912226982677,7.430639661334231,1.793035677461376,-0.03403361479796792,0.24476736757909476,1.5703973443127068
1789205953.0656798,1,0.6586940151223978,7.4387036606408765,1.7636876805714197,-0.002569331857003115,0.2603461395966774,1.5643783246302843
1789205953.1236753,1,0.6642621225572205,7.445376026310692,1.7428833774506511,0.007405194834784069,0.25701314210232834,1.5608239704769158
1789205953.1698534,1,0.6701216841246919,7.451228208161233,1.7369125814521962,0.009623498153251057,0.22861296682796056,1.5605871524556847
1789205953.2159932,1,0.675625647900537,7.456253435999256,1.7363699629298346,0.01286084990725391,0.20561854109547034,1.5597850652497878
1789205953.265526,1,0.6813830236344466,7.461849925290597,1.7367410982409346,0.01877860978962429,0.18771811593223212,1.5587550179584289
1789205953.3162389,1,0.686631005537724,7.467645963416583,1.7366800983362998,0.02529702933514835,0.17616254652213634,1.5575704077093537
1789205953.3662744,1,0.6913171953480319,7.473747001196433,1.7358672742314636,0.03295802755621223,0.16941197114174994,1.5572924643724588
1789205953.415828,1,0.6955208987935628,7.48009061535701,1.7345230286169346,0.04033119479401961,0.1649610520321704,1.5584173378184416
1789205953.464941,1,0.6992826950689162,7.486890106319112,1.7330088716279137,0.046425031158723415,0.16123623588346062,1.5605212271159954
1789205953.5153232,1,0.7023615500225081,7.494383260624406,1.7314395385494785,0.0510634144858708,0.1592659561869687,1.5636683756940337
1789205953.5657554,1,0.7046149559506834,7.502712779098257,1.730101782708579,0.05474540328039647,0.15859317423319455,1.5685422668909335
1789205953.615962,1,0.7059590220267931,7.5120058149335325,1.7294489368136063,0.057045371072080325,0.15859867320152635,1.573803460398488
1789205953.6658208,1,0.7062520515929924,7.522412774365544,1.7292209090804165,0.056551074016471616,0.15957714012406377,1.5798839866243852
1789205953.7158115,1,0.705508661702079,7.533992513048644,1.7290472593487016,0.05377755912846413,0.16140278050838427,1.586215362071944
1789205953.7652209,1,0.70375535920121,7.5467283250329,1.7286617312950057,0.04913459978339541,0.16503676548228485,1.5936392792798488
1789205953.8153567,1,0.7011441690520243,7.560527520169834,1.727945627295787,0.04283987700874839,0.17033527256097294,1.6015761484057072
1789205953.8654034,1,0.6975996135675988,7.575388099176347,1.7264665322316557,0.03664045989594926,0.17727457239251682,1.6100969242249987
1789205953.9157302,1,0.6930614958466491,7.591140917967464,1.7235522886420116,0.029883329754536097,0.1872256148149647,1.6190069543202161
1789205953.9656243,1,0.6872830864573869,7.60789812431153,1.7175362097426228,0.021862368627383683,0.20026399323116018,1.6293474686809093
1789205954.0153048,1,0.6795032601460492,7.625954858669677,1.7022248547118801,0.011542247575028298,0.22573682247137797,1.6440373617179085
1789205954.0659795,1,0.6698626317308255,7.645168146329887,1.6677406769079057,-0.0003826149120672253,0.2740487693061456,1.660625390883152
1789205954.1151054,1,0.6647974117931615,7.665773220220033,1.6282471078394478,0.0236975268042777,0.30551682144554054,1.669629869511308
1789205954.16556,1,0.6661955449334367,7.6870453904692955,1.593695142915905,0.0520819281894341,0.320119115390097,1.6869157324093635
1789205954.215442,1,0.6660685634541159,7.706586082492549,1.5726678293340692,0.040767523241057764,0.31251407546504495,1.6972904795282824
1789205954.2655857,1,0.6620726376932787,7.725766898722162,1.5690014329782254,0.03149837725454387,0.2909187655974455,1.6989958336408308
1789205954.3153849,1,0.6575325924893136,7.745042583269363,1.5689865163693995,0.02099245061703479,0.2595048702262789,1.6980149587726747
1789205954.3650203,1,0.6525052854089173,7.764747169273876,1.5686606152866898,0.007126786537491299,0.23168534159704177,1.693295098946714
1789205954.4151607,1,0.6461085137853766,7.783212139380011,1.5654601995084794,-0.016486628069960086,0.20058838739431795,1.6827457789975142
1789205954.4877264,1,0.6412736671224503,7.7985243907682555,1.5643750590731622,-0.023145327949760625,0.19150336576892701,1.685360846835772
1789205954.535983,1,0.6371176632941032,7.820676987372887,1.5707245472881395,-0.02274391945395297,0.19767412786806626,1.693116077037011
1789205954.5855744,1,0.6348015609325655,7.839319992125321,1.5663145861903403,-0.01735422273623516,0.20697913416647698,1.693073147840198
1789205954.635159,1,0.6327882770241471,7.860364499758087,1.5461019459994594,-0.006873245788593668,0.23785693231230945,1.6911614916136823
1789205954.6851425,1,0.6302991680195102,7.883263285596995,1.504845381279909,0.007116644644672818,0.28736689395944226,1.6917195831508571
1789205954.73027,1,0.6310396610900869,7.903671215149678,1.4634228051747211,0.04163261033131562,0.3084093516106935,1.6917336062181376
1789205954.779799,1,0.6333656390395485,7.922146017100948,1.4390688082438003,0.053898019385565675,0.27639635737629115,1.693637308913358
1789205954.8254778,1,0.6325297499671397,7.93635609909826,1.4323661734930153,0.03347376896526067,0.24941828845648134,1.6783665461134756
1789205954.8758762,1,0.6298458096520935,7.95218109620172,1.4289824992531808,0.013494208131656213,0.22509309828652752,1.658102216013645
1789205954.925591,1,0.6260676722455848,7.967190218736015,1.422940025413739,-0.008579962610265258,0.19605671146601486,1.6348069896996764
1789205954.9857879,1,0.6237073722382197,7.978163136530071,1.418158656117137,-0.014287654917303511,0.18404062442511582,1.6228995924272025
1789205955.0358489,1,0.6243704382253048,7.993469155380382,1.4223591986410145,-0.00815196907620094,0.1925059804670248,1.6168020587076393
1789205955.0853589,1,0.6248072058536525,8.006760164255256,1.424635806128681,-0.0065889816677367295,0.1948424175842797,1.6089126028053027
1789205955.1351388,1,0.6243343994462266,8.021681459466587,1.419184939646811,-0.006519049187043746,0.2077980475719506,1.6000253167310232
1789205955.1826885,1,0.6229221687166417,8.0344666948687,1.4049084501599611,-0.008631841218895103,0.2327815055439217,1.5949857420122133
1789205955.2298012,1,0.620915881845833,8.052746314447928,1.3656137762619243,-0.011418644034673825,0.2883814222114554,1.5897806448739078
1789205955.2752914,1,0.6248829992957615,8.068902208749087,1.3303643029535934,0.02112986621398361,0.3134089839685776,1.5795591777273599
1789205955.325957,1,0.6306829526286181,8.088402608275118,1.3022745640713556,0.02463765654237541,0.32495255157752,1.5688869597597723
1789205955.3757777,1,0.6342811970082399,8.108707978308596,1.2908613187064817,0.029918841796874415,0.29691878898150814,1.5639439195358305
1789205955.4256964,1,0.6375927824415947,8.128519454832658,1.2824136567501094,0.037384614380264594,0.2511971331024789,1.5602857649346185
1789205955.4878473,1,0.6390596512856257,8.144541506102225,1.2730453260763188,0.030480496900263554,0.2136542504943977,1.5540027946004638
1789205955.5355163,1,0.6362944266735653,8.164018084594844,1.2617599146838996,0.005279210715917423,0.19756313536609896,1.5416154649183835
1789205955.5857096,1,0.6366615118069976,8.176090773345553,1.2622448012756102,0.016218392553312443,0.21256552118507221,1.5487455654206566
1789205955.6358464,1,0.6377833805186778,8.189045731602006,1.2659246408146387,0.019165100061906488,0.21547037819595644,1.5507044264135967
1789205955.6851878,1,0.6375720419838183,8.203036152525256,1.2654879348481105,0.0169796106078878,0.22050886590441154,1.5507730229729833
1789205955.7357552,1,0.6346408921539985,8.217408019149788,1.2553919101637472,0.007764041554549362,0.24077954575018018,1.5526767010267153
1789205955.785819,1,0.6294838114681331,8.231882057225581,1.2277788855074794,-0.008098141626145574,0.28512087507746786,1.5563882647380403
1789205955.8356032,1,0.628592636262918,8.246429789231357,1.198348727172356,0.008470329444286618,0.3230159147351946,1.5537898844776834
1789205955.8860118,1,0.6313856333421096,8.261685702310702,1.1742017465954038,0.01969808948949139,0.3459444079196618,1.548022218906725
1789205955.9357655,1,0.63418224640561,8.279590439695976,1.1518192393314493,0.021775112157855995,0.3571259478225781,1.539958485562438
1789205955.985628,1,0.6351435617890594,8.290681013235321,1.1457630410279294,0.02677934230293376,0.34727630256024383,1.5388665291577994
1789205956.0351732,1,0.6372241245561503,8.317146078149689,1.1402218923858443,0.03326612380578983,0.2993860402705064,1.5409495919989058
1789205956.0862696,1,0.6388401142200304,8.335812547680586,1.1333748789174884,0.03675488788378228,0.2539414926674064,1.5426779798471044
1789205956.136219,1,0.638296195820419,8.352264792032765,1.123944886426311,0.02124581096427654,0.20899878235643005,1.5400594140049428
1789205956.1856446,1,0.6353951033834074,8.365356122002265,1.1179462349145517,0.0042992868805171855,0.20030768290271145,1.5384707528712067
1789205956.2355928,1,0.6352217026696466,8.3769048437534,1.1199649554604005,0.009569764340988938,0.20936082240217038,1.5461833412093553
1789205956.2859132,1,0.6355446173917689,8.389323601891679,1.123864597575669,0.009328887085922994,0.2082806579969245,1.5488950057696
1789205956.3359518,1,0.6351537729147526,8.402695416965223,1.1241591650973748,0.006597703279611154,0.21007889262953036,1.549196310213608
1789205956.385237,1,0.6325729404175973,8.416666404055064,1.1162020388559617,-0.0021740032710065686,0.22600414794633042,1.5508065866154856
1789205956.4355044,1,0.6277966566595954,8.430993000749977,1.0915535984733693,-0.014480793923733134,0.26380947241422614,1.5545869771898269
1789205956.4894753,1,0.6254074461360429,8.441193550716442,1.0668396562324212,-0.008052360782732417,0.2949500253764374,1.5540271173302775
1789205956.5358233,1,0.62763317727024,8.461614439443276,1.0295728754345332,0.018027861892018538,0.32106622888235986,1.5489380593910937
1789205956.5859253,1,0.6304431194322921,8.480859159867487,1.0047761012722183,0.021924982191513284,0.34738329620744807,1.5412365567553628
1789205956.636074,1,0.6314523574218178,8.502262858354186,0.990734398312838,0.01881469730376273,0.33918482915212506,1.5368905442038623
1789205956.6849036,1,0.6323464235511619,8.52280301377095,0.9855542554570866,0.02538606056355679,0.30373591102831254,1.5364579407720116
1789205956.7355175,1,0.6328170816210599,8.542092550415266,0.9783851075149754,0.02670642309472019,0.2532969358065022,1.535203781084969
1789205956.785229,1,0.6308274671633256,8.558456847190657,0.969615001288421,0.0037251987232768103,0.20810113757496324,1.5292890814770144
1789205956.8360136,1,0.6283737419331045,8.571026005442093,0.9671856357736037,-0.0016128425685917338,0.20896550570778624,1.5334863323469161
1789205956.88614,1,0.6281828923589796,8.5832381516528,0.9718673945157074,-0.0005851253329203126,0.21237336516837976,1.5402158875996084
1789205956.9350371,1,0.6281684427504578,8.596386821245273,0.9763778258727908,-0.003024137470976004,0.20778864202246852,1.5424719758612833
1789205956.9906723,1,0.6277800376266637,8.605863418015803,0.9768701426910485,-0.005123184624304629,0.2079560584205779,1.5425288677512135
1789205957.0397935,1,0.6240142009205178,8.626351910907724,0.9636667448825054,-0.016667308929427735,0.23336438733507142,1.545380943054607
1789205957.0849237,1,0.6198405545805286,8.640331030556835,0.9358431587519142,-0.02481557039819984,0.2724704246009451,1.5482912197870098
1789205957.1350923,1,0.6191552659590952,8.65595940912516,0.899829430248647,0.00037060134190412423,0.30229681596814073,1.5457430445821867
1789205957.1859713,1,0.6218279866798763,8.673353316793515,0.8720569894866372,0.010952106341815628,0.3256876208821243,1.5416916787592068
1789205957.2358098,1,0.6245948411827822,8.694689194003724,0.8476235931803162,0.009546691051978685,0.3451284313711854,1.532751026795583
1789205957.285326,1,0.6260632736834782,8.71665185369082,0.8363106674735686,0.013701602546980121,0.3228518887608236,1.5288069832303754
1789205957.3358586,1,0.627202402035492,8.736938366380807,0.8292165320845442,0.018367372143889896,0.2772149668765002,1.525801466429383
1789205957.385805,1,0.6268471007211568,8.754546909783556,0.8196425303166929,0.010311931328806787,0.22016235779717716,1.5208349489030486
1789205957.4355557,1,0.6247412251952369,8.767984565914416,0.8155804289717907,-0.005589868923097936,0.20766950215105856,1.5196994268339596
1789205957.4950485,1,0.6246070502837743,8.775060610837714,0.8177801827588159,-0.003599509286579087,0.2136226453215337,1.5236826152321503
1789205957.546086,1,0.6252449325723716,8.795256413495634,0.8262354030454927,-0.005018617557226713,0.20731645758050196,1.527345924376936
1789205957.595288,1,0.6251079932110374,8.8090072393383,0.8265774890302733,-0.007241457013070027,0.20812013392142414,1.5273118940433101
1789205957.6453226,1,0.6228071831086802,8.823350582770942,0.8169570619920425,-0.015328120514102334,0.22706906801077364,1.5296433458494132
1789205957.6955967,1,0.6186371736720621,8.838120250842275,0.7895218094511203,-0.024527829637939393,0.26692415874073366,1.533804434694993
1789205957.7452276,1,0.617883007205971,8.853326268188324,0.7534317927369499,0.0005555399497224712,0.29716957060159366,1.5316370936944068
1789205957.7959313,1,0.6209846432818407,8.869831059062852,0.7260248370762642,0.013001865354095936,0.3187900628973742,1.5276480123478453
1789205957.8459618,1,0.6242103302233796,8.890221438808071,0.7010682083880444,0.014043730817071609,0.341866375095664,1.518437556737736
1789205957.89595,1,0.6260752226842872,8.9118959520662,0.6883202023791307,0.01613123934219161,0.32667619719940294,1.513827659014222
1789205957.946208,1,0.6275757962752397,8.932258688721959,0.681459798237314,0.020953533404504582,0.2842248632122382,1.5104859081031523
1789205957.9960668,1,0.6277694756057244,8.950249053301047,0.6715571909297803,0.01624563738394251,0.22567952694390414,1.5059967483241528
1789205958.0455518,1,0.6258180764656954,8.964262588119267,0.6655130187987018,-0.003587722443970502,0.20766323070955764,1.5050688940084958
1789205958.0952442,1,0.625760060895665,8.976271732745179,0.6689803312128474,-0.002058289274947406,0.21620738797461317,1.5119119011329298
1789205958.145402,1,0.6262495909551012,8.988977979370931,0.674340244691256,-0.003463008288856689,0.21070778197709442,1.514780932036711
1789205958.1952975,1,0.626524548325075,9.002485245473514,0.6767126460758769,-0.005684816044029284,0.2075096579042686,1.5161064556106472
1789205958.2461138,1,0.6250519757818476,9.016597918267376,0.6714493776510282,-0.012017861805250506,0.21880684410099294,1.5189322905478122
1789205958.2958322,1,0.6210943182440997,9.030971275536407,0.6512358641215771,-0.022562527635124452,0.25089439598337837,1.5241889744639427
1789205958.3449402,1,0.617793384807449,9.045889158986657,0.6147307182634361,-0.013179118904493093,0.29118923909151173,1.5259387503349733
1789205958.3953032,1,0.6197331372130754,9.06114002826209,0.5855831599463298,0.006258841190922378,0.3102445660922951,1.5237934708002037
1789205958.4461358,1,0.6226146658432137,9.079760852671058,0.5602739317655249,0.011494391246022315,0.33698144372074534,1.5179040999950548
1789205958.4964674,1,0.6246965678946463,9.101571927796774,0.5406803367112462,0.008238126875990806,0.34226023057452226,1.5110847507486755
1789205958.5456371,1,0.6258290601408458,9.122769799517004,0.5336941287906449,0.014675887796358334,0.3096186060715821,1.5089793349298017
1789205958.5959854,1,0.6264005683323828,9.142396786047101,0.5268119029386965,0.01629707307192095,0.2570967417477262,1.505950062728505
1789205958.6456532,1,0.6248528758460041,9.159088113308245,0.5176806795728986,-0.003780066122878344,0.20551730799643939,1.5008507264180568
1789205958.695747,1,0.6233692955609904,9.17185104436565,0.5177177392961209,-0.008670810688729103,0.21118027141065604,1.5070188990847022
1789205958.7453885,1,0.6233237331713756,9.184642678952043,0.5231462121032278,-0.009491089613650349,0.21152402458492323,1.5118968178051813
1789205958.795379,1,0.6234605664977684,9.198288426907649,0.5271817838760642,-0.012135583226226909,0.20546296555357613,1.5137165635805343
1789205958.8455894,1,0.6228480948555626,9.212611405125363,0.5255804922694062,-0.016483885926134416,0.21027958200040883,1.5151189785639965
1789205958.8957832,1,0.6198986298204092,9.227392092741319,0.5118393284316411,-0.025650432980108658,0.23446961625935636,1.5195346191073598
1789205958.94508,1,0.6169984585080921,9.242394815308629,0.48215637656225774,-0.016863299643157487,0.26988867682678847,1.5214520293556546
1789205958.9953554,1,0.618990524175129,9.2569791295578,0.4557159562136788,0.006043390125194702,0.2897965873749447,1.518405293488446
1789205959.045893,1,0.6224394066206099,9.27416962731422,0.4312805115307577,0.014610971136341204,0.3129626275428244,1.5112934533400801
1789205959.0958638,1,0.6241936537637255,9.293637291234427,0.41572023857718504,0.0092727493125815,0.30782384763461085,1.5057041999570122
1789205959.1453202,1,0.6260444599976787,9.313196042492503,0.4100107769244383,0.013412344709306197,0.27694916249140844,1.504616477769821
1789205959.1949322,1,0.6282977568431775,9.332300933408547,0.40329712792519007,0.01711527322155144,0.236501874019254,1.503707992216002
1789205959.2460487,1,0.6293773251585257,9.349143220834243,0.3925599820817472,0.013638005350326544,0.18118565331480188,1.4999274570691856
1789205959.2956903,1,0.6283968780954968,9.361935268168565,0.38788657307331176,-0.003751492450293665,0.1702739581223996,1.4993822654940787
1789205959.3456573,1,0.6290341781604615,9.373014275805348,0.39429304584108676,-0.0015432650658569363,0.18393695837368648,1.5049427436135177
1789205959.3957796,1,0.6298989116176558,9.384114636777968,0.40318711982153177,-0.0025719770727842127,0.18122382145443364,1.5075352808671192
1789205959.4459438,1,0.6304281845528833,9.394929635475195,0.41069850792507856,-0.003345920788107588,0.17583039758096825,1.5080393630788607
1789205959.495995,1,0.6305941739580607,9.405288520216946,0.41598549389289935,-0.003926469953206614,0.17254999990567418,1.5075072561538225
1789205959.5455282,1,0.6304954010139749,9.415094085337579,0.41914934457795855,-0.005607306534723019,0.1719296088195226,1.506312651528112
1789205959.595423,1,0.630336817084892,9.424307077824995,0.42093066433527815,-0.00701626971008204,0.17234754461983615,1.5054630502785917
1789205959.6461875,1,0.6303189025345104,9.432995006935384,0.42196249819522186,-0.008069492549771792,0.17249149316559764,1.5049825412898428
1789205959.6959946,1,0.6305903062568043,9.441345514212832,0.4226542515389876,-0.008469278506052103,0.17160795929702966,1.5052773207986518
1789205959.74572,1,0.631125585405502,9.449591704288624,0.42317452319466503,-0.008602286203773539,0.16936146620420495,1.5067208095695392
1789205959.7954504,1,0.6317139819653212,9.458075391886423,0.42344045513983675,-0.008745205678892094,0.16530252761514344,1.5087690934875195
1789205959.8459158,1,0.6322887214131296,9.46712132887193,0.4233353976779181,-0.008894656704975657,0.15966005160075408,1.5110960799928637
1789205959.8956354,1,0.6328333533705404,9.477062745758563,0.42249653252527897,-0.009163292622678613,0.15077560186361685,1.5135714061921632
1789205959.945982,1,0.6334321372503484,9.488028743667382,0.42050517188826675,-0.009060308018420369,0.13762718389396378,1.5164006768487568
1789205959.9949713,1,0.6344103617173193,9.499716171597653,0.4163933920431328,-0.005874426373019372,0.1152908322897813,1.521175445318849
1789205960.0451002,1,0.6359320739517651,9.510553179560073,0.40751261724939086,0.0011554230966332368,0.07400226770728727,1.5275913924354962
1789205960.0953119,1,0.6342237890319353,9.51875195968657,0.39946633418628336,-0.01642534653595228,0.048602371738477874,1.519910770980591
1789205960.14539,1,0.632468564696437,9.525638119050146,0.4007719542790421,-0.014828925081374329,0.050941910537226354,1.520751032728915
1789205960.1955216,1,0.6325183392467736,9.533225974932705,0.4074316863115745,-0.013271504110336303,0.04876636954615611,1.5272351251796046
1789205960.2451985,1,0.6332789001382247,9.541406874104219,0.41355653877337106,-0.011557122021856867,0.04534449682116712,1.5337743605309233
1789205960.295949,1,0.6342560867293039,9.550149553933206,0.4174421961953332,-0.009453997848205576,0.04340091956944013,1.5394727058017483
1789205960.3566465,1,0.6352263242260697,9.559290356062924,0.4192895621593706,-0.00768292197696693,0.04432010677542614,1.5441504311330196
1789205960.4059918,1,0.6362869872313378,9.57063236170359,0.42015195591152016,-0.005425675750518688,0.04629032601743763,1.5484564765880897
1789205960.4557235,1,0.6370197004243205,9.580220059712328,0.42055676021711147,-0.004119463362641864,0.048450432908140786,1.5512359840034868
1789205960.5058644,1,0.6375652629090949,9.589842431577045,0.4208804998086508,-0.003223909620714174,0.05031357887630813,1.5533043049901343
1789205960.5552545,1,0.6379569741103683,9.59945648173171,0.4211063438207076,-0.002670559549699028,0.05219419761648289,1.55509293741527
1789205960.605125,1,0.6382512136337848,9.608979540578817,0.4212385808831384,-0.002238040634849219,0.05401839307960088,1.5571787836908664
1789205960.6556792,1,0.6384480163116852,9.618396767809681,0.4212979088807091,-0.0019840798923791503,0.05545570448037091,1.5589487681310037
1789205960.7059987,1,0.6385485038781198,9.627683085328949,0.4212775672160062,-0.001900500267433871,0.0568102581940196,1.5604027260486197
1789205960.7550435,1,0.6385537071054471,9.636830128333232,0.42123469386072576,-0.002020437538589114,0.057957070208382755,1.5616862074473943
1789205960.8058167,1,0.6384945297444381,9.645846546136692,0.4211965928452675,-0.0022677927304406128,0.05887651239008324,1.5627691749053945
1789205960.8550596,1,0.6384424394285104,9.654730117231555,0.4211354335697823,-0.002521248837335545,0.059571156883139464,1.56386499871182
1789205960.905328,1,0.6383712846363016,9.66349712383547,0.4210914316637747,-0.002836217680779708,0.06037217018732085,1.564771774318972
1789205960.9552753,1,0.6383036715479449,9.67212126215109,0.4210678133936599,-0.003062247805675303,0.060827946919416016,1.565601931238692
1789205961.0058591,1,0.6381882970256554,9.680633562996151,0.421040489323782,-0.003406836052921018,0.06105868886124549,1.5662647354205403
1789205961.0552468,2,0.6380841935636978,9.689054046200145,0.4209915576822641,-0.0036998055862869426,0.061099398564391914,1.5670118834626832
1789205961.1058772,2,0.6379609009653261,9.697390846011526,0.42094604303622735,-0.0040130143675007795,0.06119678265138646,1.5676168177426268
1789205961.156441,2,0.6378298760105025,9.705632882918016,0.4209360766925246,-0.004378778474670588,0.06142541257747291,1.5681137765468829
1789205961.2054002,2,0.6377566270702719,9.713805183965091,0.4209283636798397,-0.004564120784715429,0.06151394197214909,1.5687479632792833
1789205961.2558997,2,0.6376806885910181,9.721929200953523,0.42089069413367897,-0.004744419710410195,0.06164301837012924,1.5692704465367624
1789205961.305837,2,0.6376170322565174,9.730059797660793,0.42083067876855934,-0.004911764073570458,0.06168356210421981,1.5697041226391495
1789205961.355892,2,0.6375944737923547,9.738165989816537,0.420729227416757,-0.004929149538437297,0.061522689807946285,1.570353661649152
1789205961.4049187,2,0.6375465728430749,9.746255534580701,0.42069336323585854,-0.005024838230986698,0.06153498087694814,1.5707505301718763
1789205961.4554167,2,0.6375531309545348,9.754232425979,0.4207030869747067,-0.004891425032958929,0.06157469002406157,1.571604552174907
1789205961.5050614,2,0.6375722567888493,9.761959019499454,0.42078825341629744,-0.004705232053864452,0.06206063331547152,1.5728619995885413
1789205961.5551472,2,0.6376688573917675,9.769233843525923,0.42083302335909273,-0.004115612505791982,0.06256590544285844,1.5744382815957594
1789205961.6057532,2,0.6377949052807601,9.77586173040532,0.4209832742747682,-0.0034756035580882755,0.06325378382060869,1.5758164502266139
1789205961.6557107,2,0.6379434534689246,9.781700910608889,0.4210985215143511,-0.0027200992303529977,0.0635286394909857,1.5769017836468018
1789205961.7054183,2,0.6381925211089742,9.786850037730364,0.4157605429688474,-0.00043433966274878327,0.049405089242479154,1.5785277155630197
1789205961.7550445,2,0.6388719270707571,9.788950557717824,0.40586221022810126,0.0027933526329249024,0.0348095035746374,1.581606980474963
1789205961.8000503,2,0.6397601306989896,9.789039039620999,0.4066604957437954,0.005355055026330266,0.045627845771910085,1.5844833092237072
1789205961.8494601,2,0.6405719251934516,9.78974329943326,0.41019807123998286,0.006457461259053912,0.04579177453683579,1.5882007769413145
1789205961.8955846,2,0.6411880475763666,9.790976761889688,0.41352838555283006,0.006889333816615116,0.042849876640244186,1.5922145220152024
1789205961.945124,2,0.6416904139902773,9.792940881615856,0.41618528005227456,0.0067681396853171575,0.040505894785016754,1.5969791092768433
1789205961.9954271,2,0.6419345249096076,9.79560618231274,0.41762072293614494,0.0060111963857454685,0.03988885225321117,1.6018919919072283
1789205962.0450754,2,0.6419907286707421,9.798973271656497,0.4181755330100953,0.005021327881439876,0.03986100604108713,1.6063887025060533
1789205962.0951955,2,0.6419117577044324,9.802811990805946,0.4184542821104059,0.0038770969953179886,0.0400117225009212,1.610668837923526
1789205962.1459484,2,0.6417866245175358,9.80706788856714,0.41865169132392416,0.002868106254276969,0.04043567491357707,1.6146627309223012
1789205962.1962814,2,0.641600075027151,9.811804638661284,0.41873086234785195,0.0022434344123477396,0.040695291542107076,1.6180795608718648
1789205962.2453306,2,0.6413570683496453,9.816874787565935,0.41886127667403256,0.0014725847171041485,0.04152077858329475,1.6209673626381698
1789205962.2953315,2,0.6410688687084276,9.8223050866159,0.4188725833776439,0.0008918498828737552,0.042437706918219444,1.6233742288866704
1789205962.3451326,2,0.6406880179430819,9.828140933655568,0.4189203373831707,0.0006262480995081871,0.043708405779849364,1.6253240062485845
1789205962.3954954,2,0.6402939242807827,9.834238870875406,0.4189227351272837,0.0004253550802239241,0.0448254891194051,1.6271427906925915
1789205962.4455042,2,0.6397922725035473,9.840688876664613,0.418867801606386,5.904025973134821e-05,0.04638172097884025,1.6284898230988463
1789205962.492552,2,0.6396165218961114,9.843348282022264,0.41883831851012043,0.0001433324181709367,0.04690138393424078,1.6291257411966817
1789205962.5399642,2,0.6388097544931032,9.853530197635912,0.41872371304212525,-0.00020405783960841082,0.04883924428084335,1.6308845037727515
1789205962.5859287,2,0.6382596065471154,9.860166723470396,0.4186040865888178,-0.00043123114848902925,0.049652389711528376,1.6318245271146972
1789205962.6352162,2,0.6376569704585917,9.867592284494272,0.41851186034854526,-0.0006076084324271798,0.05095898896751331,1.6328788278152204
1789205962.685514,2,0.6370103698673912,9.875263309598001,0.4183879245945997,-0.0008887329739740547,0.05196665606432894,1.6338837626736313
1789205962.73524,2,0.6363103261814609,9.883127128784091,0.41823317884240363,-0.0012653506197858701,0.05276823970254709,1.6348839855919421
1789205962.7853045,2,0.635594979754743,9.891183717300095,0.41815465870531754,-0.0016566397486223435,0.05372163444291914,1.6357963743386392
1789205962.8350303,2,0.6348839479768524,9.899432041210689,0.4180290946585184,-0.0019647588214257543,0.0548222019085234,1.6369643492364867
1789205962.885227,2,0.6342083485899684,9.907852178797437,0.41790573240541606,-0.002098893601793188,0.055507386579177496,1.638500320896875
1789205962.9355288,2,0.633521325257215,9.916436311521524,0.41778352954256165,-0.0022108921694670484,0.05607272665926548,1.6402972472407675
1789205962.9897664,2,0.6330272886070146,9.922351791712469,0.41772319084876114,-0.002196312060655669,0.056583765034079,1.6418092521181709
1789205963.0350788,2,0.6320497082057456,9.934069861856283,0.41758070456969965,-0.0022564459407898047,0.05729229364907914,1.6445518875177045
1789205963.0857913,2,0.6312903794464728,9.94313959439668,0.41746911169672085,-0.0021651088689855686,0.05754014477255064,1.6467666542020047
1789205963.1359017,2,0.6305254118740892,9.952362846036568,0.41735037504255396,-0.002102052865549152,0.057988266387139505,1.6489500291645265
1789205963.185854,2,0.6296918234152756,9.961718762781008,0.4172255240701191,-0.002014173767140164,0.05825269236254134,1.6517827807402887
1789205963.2351189,2,0.6287989590868912,9.971217689234413,0.41714438331288367,-0.0019053786956104988,0.05856102296903977,1.6549079433151188
1789205963.286301,2,0.6278728571334287,9.980858783921018,0.4170836069096297,-0.0018736190703400434,0.058931764162731624,1.6582852666702201
1789205963.3351455,2,0.6268892655427122,9.990620565078874,0.4169778810793723,-0.0016341408452892501,0.05917137550661509,1.662078105315918
1789205963.3856893,2,0.6258324453645551,10.000473699318762,0.4168125467184122,-0.0016123630835760364,0.05942406076645575,1.6659440845793738
1789205963.4356742,2,0.6246955928326855,10.010408085593456,0.41664839449011376,-0.001448443001362459,0.05962490208739039,1.6699110464212
1789205963.4982927,2,0.623891491944949,10.017195902523806,0.41650518483151955,-0.0013996713120071136,0.05983352132731331,1.6726375347939284
1789205963.545091,2,0.6219560426438564,10.032419794108852,0.41624403810465166,-0.0015380942990223868,0.06002738188011326,1.6792849817684958
1789205963.596238,2,0.6205696154163532,10.042452418130415,0.41603108748476747,-0.001845186635921869,0.059991725924995215,1.6847848762282998
1789205963.645653,2,0.6190884383177713,10.052450758662843,0.4158400440082061,-0.002028401218902725,0.06002931988716581,1.6920327745290002
1789205963.6958213,2,0.6174890259617343,10.062374310032403,0.4156358770036032,-0.0022861228963289124,0.05985715582022831,1.7007888477439854
1789205963.7457442,2,0.6157322176369076,10.072191073482102,0.4154012687066923,-0.0030001193820824784,0.059526265447252945,1.7115358590596526
1789205963.795796,2,0.6137715803985531,10.081856986526818,0.4151534348323454,-0.0042047565667383035,0.059216064943361166,1.723825672039642
1789205963.8456163,2,0.6115645536095118,10.091305710284653,0.41473605716504425,-0.004941407080303615,0.05945307090437062,1.7376255924029578
1789205963.8958888,2,0.609084413451849,10.100564930755288,0.41407686491367895,-0.005771946395623395,0.05886896940023083,1.752829082837745
1789205963.9460177,2,0.6063890829561998,10.10958861016173,0.41329143495650433,-0.006317180598281068,0.058685081904017236,1.768524931752765
1789205963.9953144,2,0.6034313014107178,10.118437833586956,0.41249626343070556,-0.007325864826167437,0.05842085134171264,1.783543488063406
1789205964.0458806,2,0.6003466868477108,10.12712534351555,0.4115338113360224,-0.008575781082385017,0.05810944905023565,1.7979890774707976
1789205964.0950487,2,0.5970757374887571,10.135626882784218,0.41054256784105025,-0.009129540996281544,0.057939057208280825,1.8116475556162346
1789205964.1400487,2,0.5940451659172964,10.143021622565573,0.40952557409666435,-0.010244922080231447,0.057346962080355494,1.8225078912561143
1789205964.1855366,2,0.5908448253403519,10.150670456451987,0.4083364447469961,-0.011195985602668223,0.0568885935083221,1.8327724869627486
1789205964.235726,2,0.5874003313500622,10.15896722495277,0.4068298218484289,-0.011382037015388775,0.05674997149740909,1.8422279521112535
1789205964.2852514,2,0.5840049217761387,10.167262547968656,0.4051722724976943,-0.011973964554244718,0.05656572387288273,1.8496447541630823
1789205964.336107,2,0.5807589908458594,10.175751373129252,0.40368490646460325,-0.011961668273371235,0.05578085718810384,1.8560590560408565
1789205964.3861575,2,0.5776475808944161,10.184428084735735,0.40241629141626933,-0.011855885878365708,0.05505268589248053,1.8609674428392038
1789205964.435904,2,0.5746482275010826,10.193367742401367,0.4014483479498583,-0.011668695765019917,0.05343032025715531,1.8649240202636381
1789205964.500552,2,0.5729163980748224,10.198884756506978,0.4009892434977074,-0.011452941333833982,0.0526279564741332,1.8671347795929305
1789205964.546144,2,0.5683505729496481,10.214067254415964,0.4004961584001623,-0.010929445080207066,0.05089339210120006,1.8725301009665523
1789205964.5958452,2,0.5654533220878574,10.223918523088233,0.4005138856607584,-0.010503479274101824,0.049791037858920216,1.8752971397566762
1789205964.64547,2,0.5624277835857486,10.234019999240521,0.4005937985616317,-0.010248680811677817,0.048485283145489826,1.8773710482036554
1789205964.6958861,2,0.5593426483937955,10.244417658555033,0.40069018690687436,-0.009819933141344972,0.04779797832572671,1.8788460945000482
1789205964.744886,2,0.5561335889333967,10.25502511475763,0.40077757778142786,-0.009619499745297517,0.047212677232036995,1.8798817897519686
1789205964.7956455,2,0.5529001006837245,10.265834240085333,0.4008021316070779,-0.009188253413637406,0.047431243203354755,1.880724894838451
1789205964.8459628,2,0.5495446989099741,10.276736390409194,0.40079832162007256,-0.009062901764147847,0.04763696600342174,1.8814465633153774
1789205964.8959148,2,0.5460803347651063,10.28777897307623,0.40072803978040555,-0.00908838351413274,0.04782071476288678,1.8819909434389652
1789205964.9459429,2,0.5425671152973626,10.29891140974464,0.4007091018135292,-0.009072275633648971,0.04827030055585819,1.8826994221457019
1789205964.9954584,2,0.5389886912854812,10.310106622673759,0.4007439735897595,-0.009048450404162493,0.04858084174867084,1.8838184164833143
1789205965.0452762,2,0.5354752204424461,10.32141960925106,0.40098843328401274,-0.008620632492108413,0.048302793812636,1.8851326325286502
1789205965.0952716,2,0.5319227745951826,10.33276599793038,0.4012633822666399,-0.008608915636185955,0.04777360222096867,1.8866808771945367
1789205965.1458035,2,0.5284678261969509,10.34418425158821,0.40159656727201176,-0.007925324670852545,0.047586379584679164,1.8888334569526495
1789205965.1954398,2,0.5249655469337892,10.355589298795474,0.4017830851063851,-0.007419732645609644,0.047265466101782325,1.8914892985512186
1789205965.2452383,2,0.5214415424209234,10.366962650800945,0.40197906779419273,-0.006792215782472855,0.047200170572490666,1.894508754378265
1789205965.2953918,2,0.5178557310095901,10.37831629577652,0.4019907875738614,-0.0063215359464162905,0.04713193728597407,1.8973549548770243
1789205965.3459463,2,0.5141906336514912,10.38953437757938,0.40203374934691405,-0.006008319566498296,0.04718987386986267,1.9004970046738803
1789205965.3960497,2,0.5104860745095433,10.400702412552372,0.40196082503523634,-0.005578563769878225,0.04780370945991379,1.9037704446619836
1789205965.445711,2,0.506628851823657,10.411759900033516,0.40177999981758517,-0.005585770807997139,0.04801473190224905,1.9073150446496199
1789205965.4908545,2,0.5031707905504624,10.42142530714945,0.4016889038442574,-0.00563516642468995,0.0480250647107277,1.9107692767081594
1789205965.5393317,2,0.4992815484517813,10.432351054888407,0.40162422239507845,-0.005473323342588958,0.048179510477397706,1.9149912859675347
1789205965.5860841,2,0.49565344149557566,10.442308448706687,0.40146393084279397,-0.005684432455592264,0.04808455733584928,1.9189295000493214
1789205965.6348903,2,0.49173151896457323,10.453105613085873,0.40119115467187955,-0.005328930296373849,0.04813956488446998,1.9232820787779559
1789205965.686007,2,0.48777479129986046,10.46379890968123,0.40091963031674366,-0.005307002987595724,0.04829828171754936,1.9274172194356405
1789205965.7358959,2,0.48380560505213893,10.474384623433076,0.4006431108562579,-0.005206215865640246,0.04844143456555774,1.9315652629879057
1789205965.7856405,2,0.4798285193677266,10.484903235110824,0.4003162195175473,-0.005110950917906864,0.048438500405856656,1.9358784252111665
1789205965.835868,2,0.47584204116739365,10.495350948516032,0.4000244377735847,-0.005086949998299857,0.04805141593536201,1.9404887627297485
1789205965.8858838,2,0.47183054519867923,10.505716712219751,0.3997751397036434,-0.004883866439394444,0.04744668444468011,1.9454108377802204
1789205965.9356778,2,0.4678157108402613,10.516020325854658,0.3995648035534443,-0.004708046761651559,0.046982934779114485,1.9501755944307138
1789205965.995946,2,0.4650977277981833,10.523007870946323,0.3994529851797796,-0.00455493666545757,0.046545384042766064,1.9536230742435188
1789205966.0452554,2,0.45902856747786186,10.53855703538539,0.39926681603852526,-0.00369920352196933,0.04533489119153624,1.9616293508996143
1789205966.0955062,2,0.4550312263169177,10.54875053808921,0.39909887744348066,-0.0032847234838249816,0.0446418732659606,1.9669660264953461
1789205966.1455483,2,0.4509785692233192,10.558909394764996,0.3988903742177173,-0.0029267686041946346,0.04393891187772236,1.9725759305463777
1789205966.195634,2,0.4468676214586285,10.568998361409696,0.39865858755778893,-0.0025330297349341942,0.043489013295652426,1.9776047409127229
1789205966.2458527,2,0.4427569027894311,10.57903537551747,0.39818769150846556,-0.0018185761663207824,0.0433317931073176,1.9817412541550938
1789205966.295445,2,0.4386223935521779,10.589004648277308,0.39759294306609655,-0.001027697663974983,0.04304235005330768,1.9852747519205722
1789205966.3454702,2,0.43448135125018267,10.59895421101858,0.39692317543990174,-0.00031451440501282087,0.042366537864904595,1.9884667201794528
1789205966.3958855,2,0.4303083962042266,10.608831585800539,0.39628657350915125,0.0006543429687328191,0.041694788175148295,1.9913860294674823
1789205966.4458706,2,0.42605612601360604,10.618691794461116,0.39587509888349315,0.0012584314412143638,0.04080668627513369,1.9944862824529455
1789205966.4914145,2,0.4243255350475394,10.622636826450787,0.39578633855136025,0.0014735146131761839,0.04068903310797394,1.9957977910184777
1789205966.5423582,2,0.41814261242857903,10.63653111540484,0.3957126268080899,0.0017586744939406475,0.03952194409789026,2.000655380084059
1789205966.5897298,2,0.41335336587201027,10.6474052349089,0.3958077891049994,0.002179239961290484,0.039135201036399725,2.0053159958838656
1789205966.6359115,2,0.4091993874044264,10.656729263017311,0.3959292249558994,0.002470087930352732,0.03863429021204811,2.009357114318813
1789205966.6854186,2,0.40456570663480623,10.666929406542232,0.3960386538499243,0.00280482181400414,0.03830870749342943,2.013168976317138
1789205966.7351327,2,0.39983444612660235,10.677225497638984,0.39602442182318276,0.003047259672376325,0.038181403454998916,2.0158848045141924
1789205966.785697,2,0.394984274103524,10.68760187886296,0.39580387831370634,0.0030339126189218336,0.03805962270300633,2.017261515494441
1789205966.8353515,2,0.39006126835611743,10.698062815583212,0.39530195668122226,0.003123358894992226,0.03835780684447811,2.017646995979079
1789205966.8849733,2,0.38510097687437467,10.708601342334553,0.3945432021541676,0.0032690190027035407,0.03896332483366234,2.016635869250823
1789205966.9353938,2,0.380092971743602,10.719187846495878,0.39375487080765464,0.003747178598440276,0.03888685826817533,2.0148127491999763
1789205966.9946651,2,0.3767083246799919,10.726447854753552,0.3933832671307863,0.003971539690353043,0.03868343723622388,2.013724570662117
1789205967.0399024,2,0.36977555969544446,10.74159588641198,0.3935566838830432,0.004163339331720279,0.037752981295483753,2.0135874123566153
1789205967.0851002,2,0.36522014495577027,10.751785088372918,0.39433713649904195,0.004494508420280086,0.03624509352345218,2.0147675641823866
1789205967.135797,2,0.36028561961901573,10.763132619694451,0.39564839511799776,0.005079603023923825,0.034002196685685854,2.017161302886957
1789205967.185646,2,0.3554066861307474,10.774739414167348,0.3970750411576874,0.006007510482362882,0.032534224971942416,2.02035062162767
1789205967.2357852,2,0.3504668091617222,10.786520714277271,0.39827805631439256,0.006955336908132786,0.032108130785257274,2.0237665362323405
1789205967.285247,3,0.34540075158793593,10.798371432338255,0.39909260312760914,0.007833978230585209,0.032604060897807166,2.026726107793055
1789205967.3353992,3,0.34015415830127155,10.81016557135292,0.3994397614752635,0.008448733546798827,0.03331047415283572,2.0290547883673766
1789205967.38581,3,0.3347630622141325,10.821771916318681,0.399405125675219,0.008697576152166445,0.03506822067298447,2.031070711824783
1789205967.4355066,3,0.32927762405731287,10.833074009781592,0.39923543781186405,0.008626651009523634,0.03679581504831201,2.032581555533281
1789205967.4898772,3,0.3255218196422643,10.840581924424612,0.3989920411465738,0.008290064415005603,0.037800912389983586,2.0332368646665335
1789205967.5356488,3,0.3182223031678047,10.854792556528434,0.39842286555831524,0.007414231430698568,0.04002036291752589,2.0341537595090906
1789205967.585244,3,0.31273694881081265,10.865281169664948,0.3981405590946295,0.00673468339823271,0.041006110263836486,2.0351017092580004
1789205967.6350935,3,0.30732383604496216,10.87561560392994,0.39816806234810226,0.006021604124596687,0.04147161574977277,2.0364213358192647
1789205967.6853695,3,0.30205309492897175,10.885910127348573,0.39832058908893864,0.005827157593761285,0.041432757433845495,2.0383498196933156
1789205967.7359242,3,0.2968914462447244,10.896091411715247,0.3985298058265313,0.005585079175308595,0.04106339784417553,2.0406983264105016
1789205967.786008,3,0.2918960349543015,10.90627735042437,0.3988837515078857,0.005995461422391829,0.04032358487359744,2.0430290336379944
1789205967.8350174,3,0.2869827385850231,10.916415275218103,0.3991706891257972,0.006426242486015293,0.03980928397870348,2.0455084440251823
1789205967.880073,3,0.2827529414186768,10.925294639620644,0.39939619761414213,0.007006197002796582,0.039376737319103836,2.047420109447435
1789205967.9255002,3,0.27829834033514567,10.934459553697447,0.3995489552802249,0.007555032236937717,0.03923326927225249,2.0492396920261995
1789205967.9872315,3,0.2740040363984855,10.943088364298783,0.3995979516632205,0.007772572429189538,0.0391208576516246,2.050244506046947
1789205968.0350544,3,0.26742965520259676,10.955743418119582,0.39964375304872274,0.007454103882679824,0.039201003885810805,2.0516138114136093
1789205968.085526,3,0.26240614138895435,10.965214000241641,0.39961142793496235,0.007063813798034838,0.03939640242664433,2.0523959612766824
1789205968.13592,3,0.2573753793246196,10.97451945514875,0.3995963159246763,0.006484334127221868,0.03954278853978407,2.052873523480636
1789205968.186117,3,0.25236922185853733,10.983757550680593,0.39963681823969194,0.005954136777801003,0.03938445783432967,2.05350404165546
1789205968.2354798,3,0.24745325254453426,10.993009412617067,0.3997090796917398,0.005853459193210461,0.039560803226726525,2.054054863986639
1789205968.2861128,3,0.24250879623418828,11.002156026892457,0.39990754749368246,0.0052396657232998654,0.03936881934495126,2.054378031512355
1789205968.3351903,3,0.2376882738136433,11.011353918530762,0.4001285082889813,0.005054008260084982,0.038963220026725,2.054819606586914
1789205968.3854697,3,0.23298528148485714,11.020571392262495,0.40035965300445026,0.005055813351850673,0.03907575005013879,2.0550212694070646
1789205968.4359763,3,0.2282797417926938,11.029716807913251,0.4005577445443863,0.004843776640940457,0.038855776932595044,2.0548553554172604
1789205968.4899526,3,0.22508529361915586,11.035913290576282,0.4007154581418261,0.004605299519544693,0.03889061445395243,2.0545931020998247
1789205968.5357778,3,0.2189671565979016,11.047887884383039,0.40101444861976326,0.00425148921719384,0.03886823682599457,2.0538402119308135
1789205968.5850883,3,0.21435699840523184,11.056890729677935,0.4011932532790796,0.0037644408288385572,0.038945838411426445,2.052768782218531
1789205968.635817,3,0.20976970434829537,11.065808462380014,0.40137396944228204,0.003171365934657212,0.038905858110746816,2.0514342164078414
1789205968.6854248,3,0.20525938193920854,11.074672737368582,0.4016184705888973,0.0028214497807624098,0.03899814959113617,2.0500974608856195
1789205968.7355268,3,0.20079921743629595,11.083489380575093,0.40183064198122254,0.0025391261008089073,0.03884449454719336,2.048213072711978
1789205968.7860487,3,0.19642036365615773,11.092237961721047,0.4020623855926464,0.0025417452979275747,0.038936541758448684,2.0452514038041847
1789205968.8352733,3,0.1921100923755169,11.100907920079933,0.40233528530686874,0.002875266139483696,0.03898416648336015,2.041058763388938
1789205968.885341,3,0.18789709774010332,11.109486559521576,0.4026924630828814,0.003005173875516965,0.03875960663338624,2.035251980632608
1789205968.9363723,3,0.18381236686718325,11.1179649904948,0.40311769747024667,0.0030215148152060926,0.038167763740515906,2.027908265413771
1789205968.9872894,3,0.18144909180297103,11.123013408218174,0.40341388446640153,0.0031535311547922994,0.038263060950136575,2.02286835737893
1789205969.0357323,3,0.1761846368908532,11.134750478750536,0.40419471358558823,0.0032074306225491705,0.03758190034391806,2.008912943706962
1789205969.085328,3,0.1727064604221444,11.143125258549196,0.4048855370438571,0.0028737902985117914,0.036836920307796166,1.9969953362288309
1789205969.1361167,3,0.1693434290615507,11.151437781264837,0.40568467561047045,0.0016793945195079402,0.03633553779545241,1.983954870601948
1789205969.1858737,3,0.1661271675540779,11.159783002301602,0.40649416500667795,0.001517064849982071,0.036074084024876045,1.971068318683931
1789205969.2356825,3,0.16312196283700084,11.168123405667584,0.40754137713100935,0.0008885143666791134,0.03591437795745092,1.9581887144605392
1789205969.2850492,3,0.1603123024114048,11.176642715522064,0.4085626281405135,0.0007463196553807417,0.03547432450959305,1.9454360736187086
1789205969.3354337,3,0.15772468170759396,11.185219085334355,0.4095899491646792,0.00017269623333948257,0.03530754655781882,1.932743022629739
1789205969.3853307,3,0.15530561723634748,11.193928674068115,0.41056578632822055,-9.613351494937139e-05,0.03496440589094542,1.9204330249072135
1789205969.4353375,3,0.1529976458747226,11.202683338883759,0.4115082588473414,0.00016661838622878756,0.03529989317599036,1.9087052024891022
1789205969.4903233,3,0.1516977167848849,11.208006991892601,0.41201987953621644,-0.00018891318131440636,0.03537946121667711,1.902036776797801
1789205969.5398228,3,0.148602776877741,11.221212621077568,0.4132622370657843,-0.000379844097861654,0.036690788623843285,1.8869599025088737
1789205969.5855024,3,0.14675652233990505,11.229534726646317,0.4139211706222591,-5.214851933496111e-05,0.0373960803463465,1.8787560027911538
1789205969.6360216,3,0.14486806057855173,11.23868245662711,0.4145560885142833,0.0003143657245090792,0.03866107464639894,1.8706723216860612
1789205969.6856186,3,0.1429909847489611,11.247918629100152,0.4150926930995842,0.0008215738164047532,0.03952218371027253,1.8636428297491248
1789205969.736099,3,0.1411515279168012,11.257199019761762,0.4155139610687131,0.0014518597034725753,0.0409003429567662,1.8577150808190717
1789205969.7859502,3,0.13929224806219692,11.266501349015718,0.41585138878007394,0.0018584243597188103,0.04177869388991366,1.8523279895457065
1789205969.8359067,3,0.13736192656025167,11.275847002437432,0.41609007606977105,0.0021164374104947056,0.042938767595934936,1.8476075625903758
1789205969.8859255,3,0.1354656296787221,11.285222482748361,0.4162944409983504,0.002877994634844068,0.04398281976117952,1.8436830249013039
1789205969.9350865,3,0.1335447579317216,11.294603787682883,0.4164650905974884,0.003509901002357302,0.04498603250982361,1.8403017026315847
1789205969.98793,3,0.1323749328360827,11.300234832048247,0.416557363961368,0.003918835730168115,0.045395748064105415,1.8386964495338802
1789205970.03608,3,0.12953269174676812,11.313345097616427,0.4167051112050404,0.004891582520451326,0.046770005969958645,1.8357689188876731
1789205970.0859327,3,0.12740485245525437,11.322702006445743,0.41670921536487615,0.005286427195683041,0.04774387980376214,1.8340934890730438
1789205970.1355166,3,0.12528162256407996,11.332039751064219,0.4167499253494226,0.006016133754728968,0.048351551169051876,1.8330458877754054
1789205970.1852214,3,0.12300420947875249,11.341339448861536,0.4167149633108042,0.00619315036892451,0.04912413522063016,1.8322811723114547
1789205970.2352257,3,0.12072692193169755,11.350609369861344,0.4167072473998431,0.006568434450567811,0.04959027155999318,1.831929513181399
1789205970.2853775,3,0.11838941124292514,11.35987886763352,0.4166549710961251,0.006715449249002898,0.05028730377505463,1.8315709934498439
1789205970.3362517,3,0.11605307724992277,11.369157357567238,0.41657385219186854,0.0070397225124070465,0.05081976165670429,1.831625112729773
1789205970.3854833,3,0.11362308013563667,11.378402690110915,0.4165226699236784,0.007074313243166587,0.0515251072209914,1.8316614358787775
1789205970.4349928,3,0.11121219700316091,11.387652396875444,0.4164856691348218,0.007239068394004573,0.05212533304587023,1.8321021774517805
1789205970.4892008,3,0.10974909466442584,11.393185009672118,0.4164961745307361,0.0072530801636599045,0.05267933792326878,1.8323816169546967
1789205970.5360212,3,0.10631330494150612,11.406081803631748,0.4164107087404838,0.007384904455849807,0.05345758277985841,1.833158886668177
1789205970.5850897,3,0.10385661266821827,11.415297709228996,0.41632074541603115,0.007493962640223474,0.05381879241846325,1.833943138183706
1789205970.6359549,3,0.1013791379877531,11.424507538959407,0.41623698282965893,0.007557086291649356,0.05433660798117436,1.8346885770496946
1789205970.6861172,4,0.09887666067408565,11.433718220107277,0.41618022502792174,0.007587956220588452,0.05481890773461196,1.8355143143494903
1789205970.7359304,4,0.09634368878852231,11.442933767605764,0.41609219610785303,0.007638486460129993,0.05489873802928935,1.8363884049355377
1789205970.7856784,4,0.09376289292014224,11.452101666703118,0.4160012026653537,0.0074924170473972315,0.05508800511206176,1.8371877084320323
1789205970.8355274,4,0.09114564209654069,11.461237180086599,0.4159440655199331,0.007231814416850844,0.05526234526954087,1.8379110825487754
1789205970.8851423,4,0.0885888238318804,11.47038901722589,0.41588638677909917,0.007202644664318601,0.05531734625424505,1.8389111055549425
1789205970.9351861,4,0.08601033418811335,11.479518268178834,0.4158286926331665,0.007098450689848244,0.055431988739534886,1.8399374996668978
1789205970.9918485,4,0.08425132979623656,11.485712121312478,0.41577740746660635,0.006961413400794851,0.055825932185167376,1.8406660622335145
1789205971.0398426,4,0.08067099678219417,11.498417686806535,0.4156588330042296,0.0068756873641195315,0.05583273338006059,1.842447510705304
1789205971.0851445,4,0.07831476962811522,11.506722178130623,0.41560036914185045,0.006866790373320902,0.05610134515259415,1.8437440875219036
1789205971.135903,4,0.07576010798440319,11.515690325487856,0.41556649774413945,0.006752850232267865,0.05646487556385827,1.8450055982444513
1789205971.1859396,4,0.07322673656487381,11.524614776395133,0.4155308924244605,0.00670966315792475,0.05656872884206931,1.8465872661632532
1789205971.2353983,4,0.07068871048372936,11.53345431971601,0.415479500882876,0.006629895709849459,0.05652636165610578,1.8481069627548006
1789205971.2851272,4,0.06813366271130143,11.542202386477202,0.41543662502652623,0.006601515340974821,0.056334353840796283,1.8495878624321729
1789205971.3356442,4,0.06556317652491854,11.550880781350452,0.41539904103348585,0.006461433407172989,0.05619878585739721,1.8508668588132573
1789205971.3853967,4,0.06297780405903015,11.559521802899019,0.4153486507803672,0.006365148205211442,0.055939895830483984,1.8521215966723996
1789205971.4349096,4,0.06036822607549614,11.568117182030509,0.4153092390814856,0.00614658733402333,0.05587723598121547,1.8532576658547313
1789205971.5045643,4,0.05879337430254546,11.573239187966882,0.4153183300630608,0.005986095250373803,0.0560917393918253,1.8538880340562849
1789205971.549759,4,0.05445290250467673,11.587602546824968,0.415246669848042,0.00586196576768824,0.0557606855040722,1.8555375818134263
1789205971.5962439,4,0.05210836261017389,11.59544003711498,0.4152282111577793,0.005792846224735493,0.05589184476759748,1.856209387989649
1789205971.645828,4,0.04959599671835002,11.603949159384282,0.41522177062781085,0.005896206169452102,0.05579032240593189,1.8570727060341972
1789205971.6917808,4,0.04727698147796827,11.611733746603198,0.41523825882211085,0.00589935681548464,0.05581323564177836,1.857554021529298
1789205971.7398229,4,0.04509050572179896,11.619149025965699,0.41526416466555544,0.005946787395586689,0.05571436336326558,1.8580324171996017
1789205971.7856476,4,0.042658792417700125,11.62754773929813,0.4152511077863851,0.006167531753748518,0.055593651932159344,1.8585727957771203
1789205971.8311324,4,0.040396675525676426,11.635230750690303,0.41523922554593357,0.006195642998012144,0.05573932108695157,1.8587439755487076
1789205971.881765,4,0.03805131571753084,11.64352300465992,0.4152417763044328,0.006460977136424434,0.05571913920406892,1.8586227371943844
1789205971.9310663,4,0.03570539928084034,11.651660148477957,0.4153091917795759,0.006551350971817982,0.05596353599232666,1.8571285504355781
1789205971.9892218,4,0.03385549360623004,11.658041318044017,0.41543876967209664,0.006876745308730773,0.05594787366829965,1.8550402427074524
1789205972.0358953,4,0.031120625539150498,11.668102270784248,0.41560177918724245,0.008048368709488527,0.05548798700490167,1.8499878038703652
1789205972.0811353,4,0.029301183070934704,11.675196577960763,0.4156903391148173,0.009005420123174403,0.0551011738442977,1.8448267032298011
1789205972.1318393,4,0.027429400077510234,11.682727619289164,0.41586339081878687,0.009249873902525305,0.05476100875028771,1.8378387402066048
1789205972.1817064,4,0.02573936041706349,11.69017447960262,0.41613089522502533,0.010050258155562763,0.05413688046409357,1.8295441997946904
1789205972.2316744,4,0.024234436016712158,11.697542065934131,0.416374875631522,0.010470517786226884,0.05347538549396971,1.819689380907671
1789205972.2815273,4,0.022917647280079688,11.70484426134549,0.4166655275528085,0.010287864975416281,0.05240993176575247,1.8082328938155816
1789205972.3312457,4,0.021753632108400107,11.712138493122557,0.41682741468828,0.010329030233723679,0.05162828751032166,1.7951408679223184
1789205972.3819342,4,0.020839171430246977,11.719362895189015,0.4170432952465803,0.010256227274284505,0.050840907900023234,1.7804539522608025
1789205972.4314432,4,0.020148314615473697,11.726708097513889,0.41720683702777983,0.010677227092544038,0.049536951850879064,1.7641803855544032
1789205972.4918106,4,0.019778988875167144,11.732637248067338,0.41731651499067374,0.010953608357885157,0.048663669879290786,1.750188643927232
1789205972.5413017,4,0.01951716641406734,11.74312847945576,0.4174640583335548,0.011969157710884729,0.04773011599116125,1.7254322450068473
1789205972.5916312,4,0.019562051590948745,11.750782591010896,0.41756289987902456,0.012266359079668051,0.04761451340240007,1.7090768758699117
1789205972.641114,4,0.019820367808760828,11.758685261363802,0.41765540296832443,0.012573243562875253,0.04745564470975996,1.6941434469913654
1789205972.6914687,4,0.020185855407475188,11.766785755801529,0.4177045983256329,0.012830909232582453,0.04829969293736086,1.6800222967023648
1789205972.7420526,4,0.020720719443388425,11.77508841113869,0.41761216352177366,0.013651484054139676,0.048978577820182514,1.6671266940488
1789205972.7916338,4,0.021314777586750797,11.783646047571779,0.41738917000823444,0.014013908580355157,0.0506019651528846,1.6555671777433194
1789205972.8411922,4,0.021923712377145195,11.79242613538852,0.417016734990416,0.01540104559571297,0.05202084933754606,1.6450772855323115
1789205972.8909569,4,0.022433444281286817,11.801437937683218,0.4166787641162306,0.016295331983928053,0.053917405325018763,1.6358256661551316
1789205972.942,4,0.022778309694545175,11.810677788799298,0.4162163642894597,0.01713889113503471,0.055638118152970074,1.6277070050305769
1789205972.9879515,4,0.022899470767520785,11.815216248891806,0.415967738692267,0.017427761527015227,0.056586193650944874,1.6242071717649569
1789205973.0350232,4,0.02305795720300889,11.828718464616342,0.4152016980629357,0.018122443140627355,0.05929768794047096,1.6154007890659787
1789205973.0818942,4,0.023074646419189507,11.837802635959042,0.4147069248725705,0.018730231732917425,0.061441813722328015,1.6113850602113886
1789205973.1313057,4,0.02299488249519774,11.84786547702097,0.4141839813307452,0.018933542457072794,0.06353483862100986,1.6079240489596027
1789205973.1817102,4,0.022675109042596932,11.858095717969599,0.4136578391432548,0.018549923327421742,0.06556154227600279,1.6048952994552093
1789205973.2314243,4,0.02230528522667227,11.868468381875196,0.4132031564071173,0.018442919826705463,0.06761109093290596,1.6032140227567544
1789205973.281672,4,0.02179617179556649,11.878962963357397,0.4127953230416111,0.017916000952158215,0.06895213081239196,1.6015489011938255
1789205973.331873,4,0.021316955225139513,11.889539598039851,0.4124639202827902,0.017621887209842046,0.07055696553911697,1.600313928880921
1789205973.3811102,4,0.020788567007016704,11.900189338773037,0.4120671056805894,0.017185727774601117,0.07187120581057008,1.599215355880914
1789205973.4312356,4,0.020279593953351136,11.910916282151666,0.4117861077497916,0.016870564279109174,0.07335677096272794,1.5982284169044485
1789205973.4903364,4,0.019911776039202293,11.918260071526113,0.41156364863419365,0.016485204569348603,0.07409055117975595,1.5972162311610576
1789205973.5362048,4,0.01929516529630351,11.933459231078718,0.41125538110538395,0.016333453590973733,0.07565058200848854,1.5957814413188542
1789205973.5855887,4,0.018937236818120814,11.9443676265501,0.4110300265822072,0.016303923269248483,0.07635242331981464,1.594505089364268
1789205973.631721,4,0.018695904890146595,11.954426013296645,0.4108813113102493,0.016461358318228425,0.07703035082034071,1.593250703301328
1789205973.6812575,4,0.018464551064364048,11.965405473465966,0.4106858319257713,0.01674059592868765,0.07791495868080735,1.5920915152245212
1789205973.731994,4,0.018277713837399272,11.976416593137854,0.41051183804731517,0.016886494919985014,0.07859424204265254,1.5906867791089891
1789205973.7811437,4,0.018122150984287943,11.987456023765864,0.4104119202823963,0.017231513216799006,0.07938008234883652,1.5894288277373578
1789205973.8314872,4,0.017956681444431143,11.998523207451777,0.4102849573458094,0.017576658374917422,0.08030125240041468,1.5882038742317128
1789205973.8818169,5,0.017762380501005613,12.009597210151254,0.4101696267880596,0.01772964821209547,0.08095776790528482,1.5868474098767482
1789205973.9310484,5,0.017585554433681136,12.020669687648091,0.41007233210687133,0.018013434812219845,0.08140415683791045,1.585726604766714
1789205973.9890275,5,0.01750389267578291,12.02821034356066,0.40999674224532817,0.018423149871850182,0.08173389647577375,1.5853879210739525
1789205974.0357437,5,0.01726843460662175,12.043696344789655,0.40986826134866106,0.019047427722726672,0.08217846842467058,1.585002845520408
1789205974.0820222,5,0.017142765887009897,12.053854976341068,0.40975829339015507,0.01953798645178959,0.0823753100911556,1.585129251471023
1789205974.13145,5,0.016944380538255137,12.064866701715877,0.40963969863292177,0.019968423029813148,0.08248763067261972,1.5854100855399558
1789205974.181482,5,0.016739423976223564,12.075847183382288,0.40957979163204167,0.020497425438368872,0.08248901443030494,1.5859726222348354
1789205974.231924,5,0.016455368947990854,12.086788001683225,0.4095196631942355,0.020754393288841134,0.08234038316381342,1.5865186199707106
1789205974.281593,5,0.016138298157606847,12.097669446990281,0.40951464728606113,0.020946375450114404,0.08216210285551176,1.5870377027434381
1789205974.3319566,5,0.01581198438525437,12.108389099856936,0.4095557765465134,0.02159934733897101,0.08308924026811938,1.5886758925305664
1789205974.3812628,5,0.015544222144026785,12.11876724827783,0.40971729798941453,0.022621533991973447,0.08409978971376222,1.5913017936073235
1789205974.431161,5,0.015274494582592828,12.128720253682063,0.4098076725462609,0.023840806168472745,0.08533600288512351,1.5953839075244642
1789205974.492423,5,0.015087627765324038,12.1362947037675,0.40996104881776874,0.02480207255099967,0.0859514382707246,1.5994676033465203
1789205974.5413964,5,0.014734980570049811,12.14858597039379,0.4102452596300158,0.027217736905094214,0.08740114191043774,1.60752760217062
1789205974.5913086,5,0.014425983672323745,12.156450668348079,0.41048562017235213,0.028877757778152137,0.0884149642052953,1.6130666252127455
1789205974.6419675,5,0.01409265351863384,12.163465952979836,0.41067826977194405,0.02993996001322967,0.0889030893749705,1.6180522036417724
1789205974.6920555,5,0.013762512527905944,12.169644009426829,0.41078833090530553,0.03130159040957667,0.08849785242210118,1.621995746597963
1789205974.7417798,5,0.013419238198731323,12.175103600555074,0.4109008541125937,0.03213871067844659,0.08736528480525564,1.6252432848691714
1789205974.791766,5,0.01303529971661764,12.180108168847433,0.411023442751129,0.032218982264732444,0.08505728232206143,1.627634742551155
1789205974.8409424,5,0.01255912173393286,12.184823965302419,0.41117306702484385,0.03163578856440396,0.08294771517727881,1.6297085142951742
1789205974.8916237,5,0.012024937980429994,12.18936141937522,0.41133896382599017,0.031146228178777654,0.08042788512065822,1.6310710264609931
1789205974.9411578,5,0.011317546340386004,12.19385355375504,0.4115305652002418,0.029915250610132612,0.07786901473465871,1.631376789040714
1789205974.988496,5,0.010911699006393882,12.196562440407652,0.4115991519536369,0.029376151590092485,0.07629731567261373,1.6316664490136155
1789205975.035433,5,0.009904663730841309,12.202415639781453,0.4118261177231577,0.02763411349159633,0.07332101697714845,1.631275057396617
1789205975.0818636,5,0.009256084700117628,12.206740670829841,0.41194829358368656,0.02658099679081576,0.07128587039667392,1.6311240833190062
1789205975.1313367,5,0.008612209063083822,12.211630169836399,0.4121468693314402,0.025519849175949714,0.06960802656462887,1.630411772751613
1789205975.1813939,5,0.008071641172587102,12.216740994173227,0.41229375008955005,0.024765187610342868,0.06816636572932568,1.6299789038049566
1789205975.2310832,5,0.00755356111310336,12.22207588106454,0.41254293645753115,0.023999923939176538,0.06723057510232862,1.6291099349746445
1789205975.2820826,5,0.007121764811786014,12.22765929310294,0.4126966042336116,0.023490016463988878,0.06610723393330205,1.6282810857087706
1789205975.3319027,5,0.0066946234161076885,12.23342780175903,0.4129035078165453,0.02292262455006103,0.06577817236199221,1.6271661001804039
1789205975.3819427,5,0.006346989824812481,12.239399744898313,0.4130645770555589,0.022395956953644693,0.06497138234497743,1.6255981115721956
1789205975.4320445,5,0.006019147770306185,12.245581711916204,0.41318054583352903,0.021768440278158215,0.06465963511798861,1.6234576710758035
1789205975.5009518,5,0.0058131035722083155,12.249869402909525,0.4132674588581387,0.0214971541221046,0.06457042653271476,1.6217503071535984
1789205975.5513623,5,0.005415855084584804,12.261068944017273,0.4134749561571474,0.020773541398551216,0.06473307887809818,1.6158020883513637
1789205975.6036117,5,0.005253845753077346,12.26779082547549,0.41353319114776854,0.02070060899371476,0.06510591974738598,1.6117180752966787
1789205975.6520362,5,0.00507842649786581,12.27460885220003,0.41357727430730207,0.02086232872934901,0.06535198429574746,1.607430233619865
1789205975.7013261,5,0.004875075526954669,12.281543710211826,0.4136330794132666,0.02066027313131198,0.06572323703636164,1.6034928144718255
1789205975.7513433,5,0.004664735898948664,12.288557709045174,0.41366795116026917,0.02081192672111391,0.06634802888644968,1.5991704592445704
1789205975.8012853,5,0.004420941372003025,12.29561164411533,0.413718612462324,0.02067046052333195,0.06695920748235301,1.5947532187048565
1789205975.8509932,5,0.004229283933181953,12.302738624849194,0.41370119046471593,0.02036126998782938,0.06742696606697379,1.5903586701004475
1789205975.9016116,5,0.004098009371577907,12.309884440088307,0.41366364402725947,0.02022960550132112,0.06799285402341007,1.5861642170410415
1789205975.9512625,5,0.0040458079627853465,12.317054158674194,0.41359536742663555,0.02011541676874118,0.06856024165501261,1.582632062190283
1789205976.0034425,5,0.004012682201315699,12.324271121018246,0.4135289077817513,0.019806218769047167,0.06936140859510408,1.580010502475466
1789205976.0518641,5,0.0040194316729416125,12.331494440139362,0.41344284487690675,0.019851140849356352,0.0697029256200387,1.578591467315182
1789205976.1012747,5,0.004021687087842907,12.338755985796189,0.4133791975177087,0.019940431464896904,0.06996943692901061,1.5782890313351885
1789205976.1519005,5,0.00396803158401629,12.34606081125406,0.41334004326470336,0.019927775679849682,0.07058000288944492,1.5785046533484124
1789205976.201749,5,0.003810201794842861,12.35341590447729,0.4132836991350367,0.019703525411795767,0.07096355601338326,1.579494579528
1789205976.2515256,5,0.0036363457799536733,12.360770440965991,0.41325142767116924,0.019268758538851596,0.07122664679394604,1.5815480083374251
1789205976.301409,5,0.0033953797936209485,12.36815237800723,0.4132533187612182,0.01898538808454386,0.07169594411469396,1.5847285169949827
1789205976.351853,5,0.0030883360624629273,12.375537784957242,0.41324191707119784,0.01803666599203046,0.0718175563178793,1.5888673914101563
1789205976.4015315,5,0.002689163394903052,12.382894366628319,0.413272481679616,0.017435161568585773,0.0722921026169249,1.594775516513388
1789205976.4511182,5,0.0021336007333636955,12.390293450103218,0.4132505530696505,0.016468940669153238,0.0725724994778793,1.6009549171581554
1789205976.5019548,5,0.001597019790044456,12.397655039390632,0.41329701573389255,0.016183337251274577,0.07280354721106247,1.607676798262908
1789205976.5519917,5,0.0010713706389346852,12.40502463487077,0.41338292469764176,0.0164481959463858,0.07271124979854186,1.6141019347604606
1789205976.6013992,5,0.0005184267510095889,12.412358515000985,0.4135217507044728,0.015808166909339477,0.07260717180153296,1.6198709077991367
1789205976.6513355,5,-6.501238994092758e-05,12.419670613569581,0.41368117393504905,0.01643362359173753,0.07241030810012986,1.6254466665890657
1789205976.7021213,5,-0.000718671536502261,12.426929814116734,0.4137999743130452,0.016395064773345503,0.07200370930046586,1.6303181656821761
1789205976.7512023,5,-0.0013549675274490938,12.434123404515988,0.41396901994112967,0.01703508047505198,0.07141259590690253,1.6351488087274508
1789205976.8018692,5,-0.0020687187373637397,12.441246446665737,0.41409291232423895,0.01696224599683294,0.07121877644347481,1.6389183456538239
1789205976.8517997,5,-0.002763479780664149,12.448308283169759,0.41421348964424626,0.017058029502631456,0.07043255186653684,1.6421723210015888
1789205976.9011862,5,-0.003489410100737187,12.455303593063965,0.41435731173186807,0.01684025457114967,0.07023059382606858,1.6450842004299204
1789205976.9512465,5,-0.004221248505178869,12.462257748541555,0.4144833201103919,0.01670654264028906,0.06964259905641185,1.6475224673027928
1789205977.001625,5,-0.0049020033428447685,12.469198703682585,0.4145693816724658,0.016850857049970344,0.06898344096250357,1.6497553336673991
1789205977.0519578,5,-0.005507274002939183,12.47610933775904,0.41463181614672806,0.017231900643431837,0.06874003737387188,1.6518278934127482
1789205977.101403,5,-0.006107781650583919,12.482995635041362,0.41476018620754007,0.017311952033779176,0.06834735347264571,1.6529737516688412
1789205977.151793,5,-0.006732685110134262,12.48987912455868,0.41484751309122314,0.017257974681351457,0.06786688393561308,1.653942460378891
1789205977.201488,5,-0.007269864308462168,12.496712451019075,0.41494064537824155,0.017553042423749447,0.06745237035376107,1.6549134224314679
1789205977.2514682,5,-0.007822024992005927,12.503536747948544,0.4150603818119136,0.01766422457864895,0.06702801032281411,1.6552409346376877
1789205977.3018477,5,-0.00840723784420031,12.510355887087929,0.4151770091214608,0.0176310290232664,0.06656072501201214,1.6553021162283688
1789205977.3512917,5,-0.008920696178948403,12.517159101568716,0.415293622430227,0.017766692148812057,0.06612724670447084,1.6555446716217028
1789205977.403193,5,-0.009439016599823281,12.523964765423022,0.4153984003177022,0.01786617374962537,0.06569447902644114,1.655353707526253
1789205977.4518807,5,-0.009981019187769292,12.53076182016201,0.4154903261195399,0.01775453820347995,0.06540919186675459,1.65479220300843
1789205977.501484,5,-0.010416100540992247,12.537526781690898,0.4155748369748472,0.017970067090702244,0.06491003173820649,1.654550591323953
1789205977.5512311,5,-0.01080969554844576,12.544287228132468,0.41567749208262045,0.018261900702117476,0.06460734667733593,1.654071969719222
1789205977.6030886,5,-0.011271292556110191,12.551024551889151,0.41574023636147894,0.018283702437642876,0.06437122979329939,1.653226299659656
1789205977.651303,5,-0.01172426426985484,12.557743174792495,0.4157822218431398,0.018357776217452423,0.0639167549531793,1.65263500815218
1789205977.7016184,5,-0.012119812502580209,12.564459030683047,0.41588617702483227,0.018634011843877467,0.06373708811293433,1.6520204783445704
1789205977.7511234,5,-0.012527057012437108,12.571181580236088,0.41595429178959076,0.01882610408529485,0.06362572159693675,1.6510871293285896
1789205977.8019893,5,-0.01293614417728592,12.57789856856478,0.4159946807354408,0.018979021868837324,0.06321051425715608,1.6503165936072741
1789205977.851463,5,-0.013322523089596684,12.584614726356564,0.41604475154884935,0.019174604829825866,0.06322833254574209,1.649511494771204
1789205977.901594,5,-0.013718431281517247,12.591338412084035,0.4161021909145873,0.019416115139031142,0.06323840161175832,1.648454168463213
1789205977.9511752,5,-0.014142863402410675,12.598050545958177,0.4161167414190428,0.019414959773362817,0.06293492059960651,1.647393585641305
1789205978.001569,5,-0.01456104559100347,12.604768255751505,0.41611806674635465,0.01930761543100682,0.06314556000149947,1.6461589451645688
1789205978.0519059,5,-0.014931616070950695,12.611464748794138,0.4161622111490049,0.019361248584009717,0.06318600382287698,1.6450368143932084
1789205978.1014822,5,-0.015332035630587569,12.618154205453358,0.4161665566392707,0.019294507191183464,0.06287992654161603,1.6437685087296587
1789205978.1518745,5,-0.015741905508868368,12.62484686034456,0.41617442830793516,0.019066765292506588,0.06302369684795828,1.6423192715921098
1789205978.202395,5,-0.0160906566663024,12.631511090935629,0.4162182189079027,0.019125228583097544,0.06311990654264253,1.6412309644429488
1789205978.2512057,5,-0.016450352427088973,12.638086724628437,0.4162618791622478,0.01913586397027957,0.06299655726780531,1.6402615615543397
1789205978.301441,5,-0.01678867098555337,12.643768878647782,0.4163071766104414,0.019105365466241878,0.06352221291176238,1.6413449693187505
1789205978.3512893,5,-0.017186178284966686,12.648488303512904,0.4163150326598971,0.018895706129687717,0.06338988290827134,1.64370752086892
1789205978.4011347,5,-0.017651434583803784,12.652430742874978,0.41636673478322045,0.01820479480937694,0.06287531320896192,1.6457857654927601
1789205978.4514143,5,-0.017962634407512508,12.655235490384186,0.4163331823305351,0.017998084597126648,0.06234412644881005,1.646618175696401
1789205978.4990325,5,-0.01802828949168935,12.655926469262878,0.4163434934881636,0.017945305893918035,0.06195187137556533,1.6466398298005935
1789205978.545919,5,-0.017752355631304947,12.656685767519855,0.41664636117448706,0.018646148201902826,0.05744113186718692,1.646753863953053
1789205978.5914457,5,-0.017369602243861398,12.65612604445456,0.4168456582239543,0.019356552720610196,0.0522917611225429,1.6467243255526496
1789205978.6417437,5,-0.016795453725618647,12.655013251310864,0.4170547530797935,0.020401728335190928,0.045755572636843385,1.6467624289307534
1789205978.6917448,5,-0.01604055811811778,12.653525033990269,0.4173489197800172,0.02182235236019397,0.03931329139027556,1.6469338102677211
1789205978.7420702,5,-0.015244968387301569,12.651790995769254,0.4176793279602216,0.02325448894610585,0.03288346551897792,1.6470386848421739
1789205978.7920673,5,-0.01446826614126239,12.650009749455988,0.41792643961996195,0.024640722218999826,0.026950896518303145,1.647112220686784
1789205978.8416762,5,-0.01371380546185171,12.648392043379811,0.4180780022718087,0.02601223398380082,0.021176107784634156,1.6471551596107024
1789205978.8913882,5,-0.013037668192904348,12.647092629859104,0.41807901294717903,0.027195198189265624,0.01626597630771926,1.6471848797835515
1789205978.946421,5,-0.012534582640465423,12.64614360698609,0.41801878821827565,0.028052452488420865,0.01242166425805971,1.647173150783255
1789205978.9914403,5,-0.012272156311980259,12.645614758561184,0.41794985187255823,0.02837264404894468,0.009375456975838116,1.64705447300668
1789205979.0415618,5,-0.01215228111452921,12.64557796220026,0.41784949979917096,0.028487902983073448,0.007241890621345358,1.6468911733823028
1789205979.0915399,5,-0.012105849844517349,12.64608239025306,0.4176698539448883,0.028523802086319716,0.0057663020441071,1.6466562311516064
1789205979.141824,5,-0.01210967163759431,12.647114619676758,0.417413432294149,0.02848151193516631,0.004568491497676219,1.646221748151697
1789205979.1919563,5,-0.012262449932223968,12.648532117690895,0.4172031033944097,0.028056408757207236,0.004659886519265996,1.6454627310751901
1789205979.2416792,5,-0.012549752164405487,12.650312352958315,0.41692826954025486,0.02741181632378088,0.005489668848807996,1.6446502843362203
1789205979.2919967,5,-0.01287291797154472,12.652483992462882,0.4166217691992488,0.026784029020460058,0.006552267528619331,1.643815961302137
1789205979.341809,5,-0.013091599305173547,12.654953629514052,0.4163650325454817,0.026515402919580693,0.007476566154148229,1.6430021439372597
1789205979.3916883,5,-0.013307098614401583,12.657803709159152,0.4160993875204394,0.026205565710869537,0.008181874985491612,1.641908231494615
1789205979.4412916,5,-0.013532889114780027,12.660823938874534,0.4159453877185753,0.025882117911413507,0.009349076672391071,1.6404588869135779
1789205979.4903727,5,-0.013701351490085422,12.662306378860025,0.4158469871923284,0.025545091500201098,0.0101097212249638,1.6396347080832714
1789205979.5411997,5,-0.014119352571657114,12.666890575260009,0.4155450321462298,0.0253144043140695,0.012111991473817429,1.6378942750942458
1789205979.5919847,5,-0.014277950991616052,12.669874199859299,0.41535017472081026,0.025644805422705214,0.01307055462782291,1.637100267079777
1789205979.641978,5,-0.014447631993225872,12.672956369950876,0.41513856968175,0.025735501724778877,0.01401291639945602,1.6362296061597055
1789205979.6912508,5,-0.01474101456173144,12.676010127573418,0.41496261937250345,0.025641898770324086,0.015281268427816703,1.6350291672756838
1789205979.7412233,5,-0.015136847581709169,12.679141137999379,0.4147742907068168,0.025572314163275076,0.01597734913909193,1.6334906013407107
1789205979.792046,5,-0.015526687694869406,12.682276192754898,0.4146143473903934,0.02532855729606517,0.01616673516671409,1.6324778161212534
1789205979.8414142,5,-0.0159076089272111,12.685413179809524,0.4145366443232317,0.024908313362950987,0.015519994809497083,1.6319130042995516
1789205979.8919544,5,-0.01640249662920001,12.688598038178624,0.4146953928172565,0.024267760071248635,0.014562472075754285,1.630950468489589
1789205979.9418511,5,-0.01707528449480136,12.691912850427716,0.41492180748158,0.02308783059499383,0.01293095647118324,1.630206217881364
1789205979.987653,5,-0.017364948943968107,12.693261394330134,0.41504640171069695,0.02255055631598423,0.012029947347512414,1.6300352438681023
1789205980.0358493,5,-0.01860730625278154,12.698639348417124,0.4156005690567675,0.020169987831060224,0.0080766229609349,1.6294836817520295
1789205980.0818286,5,-0.019643000572937323,12.702407129260157,0.41615097199505535,0.018072625028841816,0.0053689783398571354,1.6291743751132812
1789205980.132069,5,-0.020992556151879328,12.706967637525251,0.41693365651512304,0.01547337214975248,0.0027414358353700825,1.6293349324049524
1789205980.1811569,5,-0.022504587744114287,12.712380694940803,0.4177447781457204,0.012736536188695252,-6.121069028381934e-05,1.629902478200258
1789205980.2318945,5,-0.02403974579049309,12.71862589361141,0.4186837452930005,0.010291595400744305,-0.0021264226218645826,1.6308710736186312
1789205980.2814808,5,-0.02570417644345568,12.725759100553393,0.41961474933616977,0.007731672065435748,-0.003847573572765395,1.631874021598903
1789205980.3321621,5,-0.0274002821728271,12.733585255043842,0.4208866985239319,0.005287973308868527,-0.0047115497706649665,1.6329394214796578
1789205980.3816042,5,-0.029110444076206318,12.742080922784496,0.42229282206181473,0.0029760983023078263,-0.004800408137741257,1.6339834150748485
1789205980.431725,5,-0.030644245211077992,12.751063540593098,0.4238180462129236,0.001194528518351779,-0.005105759979908045,1.6348639245043561
1789205980.4908946,5,-0.03164878965580586,12.757411807391813,0.4248196012521797,4.540064645786933e-05,-0.005039094932521576,1.6352460573424998
1789205980.541498,5,-0.033673093103900174,12.772056608235328,0.42699084063004344,-0.0019852088475729797,-0.005593824502197579,1.6347835436794844
1789205980.5914755,5,-0.034912955476891425,12.781913738130024,0.4282373220328112,-0.0030818170154324016,-0.00619162139690696,1.6339425915754577
1789205980.641958,5,-0.03606641100367046,12.791832546562201,0.4294236210526604,-0.0036648257515573684,-0.007389721603774514,1.6323982259572853
1789205980.6916177,5,-0.037178907546058286,12.801752318626002,0.4304629291936029,-0.003783772829618303,-0.00906231955638366,1.6300172994799171
1789205980.7412512,5,-0.038270815290400564,12.81164500651503,0.43142829997346926,-0.003743098253808984,-0.011128513802956605,1.6271685994975613
1789205980.7920027,5,-0.03929190613313049,12.821524934190977,0.4322652062037835,-0.0033423329940461084,-0.013347314167528868,1.6237168084412201
1789205980.842145,5,-0.04020810372137464,12.831372365550626,0.4330445195133484,-0.002654840371339058,-0.015698852157296213,1.6197854194750796
1789205980.8914847,5,-0.04104378236719271,12.841254972309546,0.4337110741552523,-0.0019187451602856532,-0.018522666496846276,1.6155514807527025
1789205980.9415624,5,-0.041919170500446315,12.851185255602788,0.4342465128036663,-0.0015500459188534895,-0.021011657758965782,1.6107425984354047
1789205980.9925578,5,-0.04228633038019927,12.855977288115959,0.4345098492084133,-0.001394309602620765,-0.022076885889684116,1.6085738069691418
1789205981.0412767,5,-0.043251472484984434,12.87139612615645,0.4352519787285801,-0.0008375164476689393,-0.026558270215284674,1.6016303940849652
1789205981.091011,5,-0.043837059585504545,12.881798595119296,0.43550510319092917,-0.0004779784928383906,-0.02911453015521564,1.596997116684232
1789205981.1419537,5,-0.04437728366891719,12.892446796611715,0.4358671548732567,-0.0002582994443727499,-0.031814363305829665,1.5922971644970683
1789205981.191153,5,-0.0449115939780013,12.90343115493862,0.43620281694048907,-0.00042484197368655914,-0.03445542535302682,1.588339659560725
1789205981.2411253,5,-0.045441847557810354,12.914832553183913,0.4364243693328051,-0.0009387030073411165,-0.03656700916623631,1.5851571280512815
1789205981.2912061,5,-0.04631849067306024,12.926198707630085,0.4370067985409429,-0.002952645929041996,-0.036138865470501325,1.5785270380326868
1789205981.3412287,5,-0.04763474629252941,12.937174414278747,0.43790362989430104,-0.005103079468004318,-0.0343179001729332,1.56782961966527
1789205981.3918774,5,-0.048993098439936385,12.94795562153351,0.4389222332561892,-0.007241668231784427,-0.033378883741257984,1.5562977359458097
1789205981.4412463,5,-0.05001078402525168,12.957860694601054,0.44012791057046574,-0.008842353416590145,-0.03321328489347994,1.5478595098516774
1789205981.4915915,5,-0.05042020847675165,12.963350354589357,0.4408786168101253,-0.009641719715548535,-0.03341559072891213,1.5445527028871044
1789205981.5411985,5,-0.05101009865217286,12.975242975093343,0.4420141368438945,-0.010845766705315518,-0.03113984493883761,1.5408327248134221
1789205981.5924037,5,-0.051554836284838215,12.983081857750925,0.4417807328779607,-0.011779643514510284,-0.026610095310658916,1.5391931486863184
1789205981.6418924,5,-0.05276546634151328,12.990492990639332,0.4402398099148446,-0.013605129881583031,-0.021484649906292404,1.5361771266563524
1789205981.6913393,5,-0.05488673879735928,12.997848865366967,0.4383437748259444,-0.01716270759250661,-0.018482465499272863,1.530881263545079
1789205981.7416086,5,-0.05729054553876654,13.005299631337143,0.43742397066823874,-0.021261382124391374,-0.015943405080338764,1.5243236969799745
1789205981.7910106,5,-0.05917495050708478,13.012800089565612,0.43859474170764345,-0.02447837407000023,-0.012826978758162228,1.5177477242646744
1789205981.841402,5,-0.059994860638139726,13.020467174752616,0.4412489395445234,-0.02536018788341325,-0.01151017745330978,1.5108172268665343
1789205981.8921058,5,-0.059507830965849946,13.028376938745192,0.44418698564987535,-0.023557538577752855,-0.011976869904946523,1.5038407191156715
1789205981.9414983,5,-0.05798432114879024,13.036561544645519,0.44697999742476485,-0.021042354257624678,-0.012959929335960392,1.496955611182404
1789205981.989041,5,-0.056734365989426355,13.041625795575678,0.4485265544422307,-0.019531996495632045,-0.013255916464329212,1.492765815654536
1789205982.0353706,5,-0.053585559567467696,13.05266337922859,0.4515737986231655,-0.015982449644653503,-0.013224910894991835,1.482841858902509
1789205982.0816286,6,-0.05112505878962194,13.060764847469642,0.4534110531611202,-0.01334673809033715,-0.012540301972259723,1.4749927554924762
1789205982.1315975,6,-0.048367988114293714,13.069645506369232,0.4552403396361309,-0.010216217816761713,-0.011614572534933212,1.4661899943584864
1789205982.18121,6,-0.045701855382811296,13.078375624955061,0.456998513283093,-0.007265224310911969,-0.009699225281940605,1.4570840797286813
1789205982.2318082,6,-0.04308425628767429,13.086793964474706,0.4585419493221011,-0.004531648467979051,-0.007173059164208476,1.4480721022600345
1789205982.2819326,6,-0.04046537960425127,13.094686232874984,0.45983881583587605,-0.001537965488366142,-0.004146659370143397,1.4388693288054346
1789205982.3311675,6,-0.03773133304204264,13.102015510759188,0.46080522382364186,0.001982366598687569,-0.0013711336107616102,1.4298648613795082
1789205982.3818529,6,-0.03498016084905743,13.108697952183844,0.46148789824015224,0.005323106933991413,0.0020479705687381,1.4209449341009404
1789205982.431491,6,-0.03224238277650217,13.11477904681072,0.46194541580134824,0.008936675756962376,0.00533156750388292,1.412254704484435
1789205982.4902477,6,-0.03041819922270819,13.11867683032324,0.4621517556288295,0.01077343512049093,0.007239973616645372,1.4064519235944355
1789205982.5353286,6,-0.026832941391818372,13.126098921794847,0.46197988767319337,0.014770835007093572,0.01110061724832016,1.3954260189250989
1789205982.5810845,6,-0.024589789149519266,13.130544015749939,0.46154812175203713,0.017212565703329075,0.013325732740881719,1.3888976196659557
1789205982.6312962,6,-0.02225212436961474,13.135131136397874,0.4609168575834916,0.019958259138592577,0.015128979074911033,1.3821164981052425
1789205982.6811652,6,-0.020290991700388394,13.139257774829302,0.46010237759166533,0.021677172759170384,0.018769739518357906,1.3758091116903126
1789205982.7312016,6,-0.018694051778682275,13.142738378165713,0.4588682825516852,0.023255488284556702,0.022254347654476665,1.370669918381047
1789205982.7816706,6,-0.017320254919495324,13.14575978866468,0.457304421258932,0.024481536559204983,0.024270318817451675,1.366521901210002
1789205982.8311174,6,-0.016199539734962,13.148433345530218,0.45570122054158463,0.024785700584947532,0.025010424266376625,1.3622245209373975
1789205982.8814757,6,-0.015261772981938093,13.150902331648345,0.45423926759967126,0.024723960162361374,0.024279701385364588,1.3579672521548274
1789205982.9313264,6,-0.014384556459995826,13.153158164350945,0.4531314883176774,0.02458105031092049,0.023477509730871007,1.3536444552715317
1789205982.9884508,6,-0.013721001915618107,13.154748055715432,0.45227426114466857,0.024296498946604655,0.022580154696778394,1.350205455462131
1789205983.0350456,6,-0.01265592697801901,13.156798853527576,0.45103911268854946,0.02368088771128035,0.01982257460390092,1.3451299193549444
1789205983.0818548,6,-0.01178427163750052,13.157993343167817,0.4505868793515994,0.024145533593625427,0.01739983665372594,1.3413903627116313
1789205983.131276,6,-0.010609766114767976,13.159272542529493,0.45032054815872763,0.02489313495156763,0.014898362027638496,1.337227832991552
1789205983.1818264,6,-0.00929018904664967,13.160344999899355,0.45014738804484805,0.025552226952317895,0.013012492151399211,1.332953075997738
1789205983.2315638,6,-0.00789324029891069,13.161002877786867,0.44990219008879057,0.02612716415049671,0.011243314196039777,1.328801665359479
1789205983.2812126,6,-0.006330737616579186,13.161377898240644,0.44969411211041405,0.027327131426310974,0.009515740755432746,1.3246077847433118
1789205983.3310523,6,-0.0045702729437816164,13.16174816431555,0.4496189885527161,0.02879015552371369,0.00738164051487845,1.3194170744224034
1789205983.3812354,6,-0.002464963648681027,13.1623363062725,0.45000899479282275,0.030906744204769045,0.0032064567664025585,1.313419515300335
1789205983.4308503,6,-0.00010324880281741682,13.163251946208888,0.4509266030157119,0.033378122593390305,-0.00036595717906904755,1.3066757505881739
1789205983.5003204,6,0.001837574091737983,13.164393245856324,0.4518180931363476,0.03504055310920549,-0.00298424467967856,1.2996407784558026
1789205983.5516856,6,0.005809132311069416,13.167527118951805,0.45342369294178253,0.03797630739576539,-0.005657600208185648,1.2841023731408807
1789205983.6040628,6,0.00834014736301944,13.170020201337033,0.45454665924148274,0.040567531218151126,-0.006248194157528378,1.2737413567047957
1789205983.6516402,6,0.010761900927477409,13.17303347750885,0.4558615560875605,0.04355474518193864,-0.0053061739398218245,1.2638635125063413
1789205983.7016833,6,0.013079677813382528,13.176706604844274,0.45730975137618307,0.045898891271567814,-0.003377309388322608,1.2544735025693403
1789205983.750919,6,0.015321975707717185,13.181003260297475,0.45885984332308843,0.04826503129212225,-0.0006119187167164726,1.2450120850833932
1789205983.8020332,6,0.017555335441568416,13.185779780295977,0.4605158381489336,0.050039690126120306,0.002800053301407138,1.2353106796229545
1789205983.8511536,6,0.01980360511534279,13.190885800369832,0.4621371953220633,0.05207562479236282,0.0064134801241887305,1.2256250527794994
1789205983.9019384,6,0.02213114733303018,13.196114279174687,0.4637183110576905,0.05396954814680378,0.009973014748520198,1.2157649200705183
1789205983.9516275,6,0.02452675955332829,13.20145482978279,0.46506083837173806,0.05510918094414543,0.013623842970934604,1.2058612534678272
1789205984.0007699,6,0.025196194918809,13.202917214545915,0.4654382524422523,0.05558105785158816,0.014447095319227422,1.2031073124327993
1789205984.0459294,6,0.029006110009585792,13.21107370089315,0.4673815486143945,0.0575472668878448,0.019031371058886176,1.1876050249286283
1789205984.0912733,6,0.031256207053960296,13.21565848089231,0.46827793185415223,0.05876578598919776,0.020833617203137766,1.1785791280061824
1789205984.1415997,6,0.03367741264426791,13.220374543954266,0.469102078710491,0.05994459230506139,0.02207648680919554,1.1685951112952944
1789205984.1918607,6,0.03613830548604371,13.224886987278442,0.4697955294375568,0.06025262801164713,0.022727292514357202,1.1584221177196579
1789205984.2415826,6,0.03858094419711492,13.229273614057368,0.47019604315247926,0.06047908535842778,0.022735906135725195,1.1482910103017434
1789205984.291809,6,0.04096779864355082,13.233422458923952,0.47028803645393596,0.060510927295717595,0.02282818097181981,1.1388554059021399
1789205984.3414216,6,0.04339008763566834,13.23749624820113,0.4703224763871998,0.059915985445696616,0.022265967192050817,1.1301159933216405
1789205984.3914995,6,0.045806726652423836,13.241509112392906,0.47041648035443684,0.05897375877546888,0.021774953777533815,1.1217348150535231
1789205984.4417808,6,0.04826188495836896,13.245401289655323,0.4706099300365087,0.05835087202896317,0.020737716577607056,1.1135275478770768
1789205984.4920433,6,0.04949630819789694,13.247251625070442,0.4707192190766402,0.05822464462033417,0.019995204915466462,1.1098081514151168
1789205984.5420263,6,0.0537508245726055,13.253016050981966,0.4712707455904933,0.05865856598521861,0.018905573887730624,1.097712835345426
1789205984.592227,6,0.056756104790872446,13.25676560647451,0.4716396295781799,0.05909863873821333,0.018365128931772463,1.0892248928976798
1789205984.6415,6,0.06001168081121966,13.260547991299202,0.4719049546929835,0.06002751384132662,0.017916364085072172,1.081308386992604
1789205984.6917605,6,0.06336808144880623,13.264280518149418,0.47235569076050976,0.06082905540139246,0.017706171482357997,1.073088055202502
1789205984.7418659,6,0.0669200020251038,13.26814015530536,0.47288892071047234,0.06188869460701972,0.01688369611834426,1.0644455792333343
1789205984.7911274,6,0.07068025949186425,13.27209127135024,0.47346493715187354,0.06331058158503268,0.016373316117840882,1.0559326218792968
1789205984.8418572,6,0.07456593761812032,13.27628281610864,0.47400974210369246,0.06569149961052345,0.01682888295546038,1.0464698530938439
1789205984.8917131,6,0.07846280590141398,13.280633389782535,0.47463110682285037,0.0675078763587148,0.017309813951082116,1.0367305555118393
1789205984.9416404,6,0.08245462159675429,13.285126659499404,0.4752139668931107,0.0694964579359533,0.01779235873632454,1.027138866401123
1789205984.9910977,6,0.08439878614822828,13.287340989222235,0.47549236617284424,0.07016494569230981,0.017800170291372323,1.0227346779436177
1789205985.0412505,6,0.09077037382264136,13.294536997822465,0.47637819226955225,0.07224083225257125,0.01829565123103501,1.0089519010380443
1789205985.091649,6,0.09512215491945988,13.299331367611032,0.4769513927462816,0.0734466812948068,0.018901090526168136,0.9996958741712427
1789205985.1414864,6,0.09964910302418185,13.30423859349838,0.47749992790762863,0.07469230579955076,0.01913464019288188,0.9911438270811177
1789205985.191115,6,0.10431701542118114,13.30929470751508,0.4781160741727119,0.07636782309518167,0.01993993153553949,0.9817238516102701
1789205985.24175,6,0.10914952824698268,13.314478368162312,0.4787699030326706,0.07845848895589466,0.021533222150925495,0.9727741037084298
1789205985.2918916,6,0.1142049912914091,13.319847458842576,0.4794384911801121,0.08090189984738089,0.02325086687344649,0.9641395670188058
1789205985.34197,6,0.11940657229682967,13.32532743714177,0.48008738268389106,0.08314454781422462,0.02608749583830884,0.9551228475442843
1789205985.391219,6,0.12469825303654757,13.330898822676106,0.48070516737725655,0.08480308350974619,0.02855191219293163,0.9467626411973911
1789205985.44135,6,0.13007485412114922,13.336532156992934,0.48136232375085286,0.08626069631607605,0.03041277961379919,0.9389595213991536
1789205985.506916,6,0.13265069566564042,13.339248705500701,0.4817017312708756,0.08683830667208353,0.031308322889144945,0.9351329997805545
1789205985.5520332,6,0.14191699853832232,13.349045933299632,0.4828176436624703,0.08879114351877623,0.03319976242179267,0.9228141710948545
1789205985.6020389,6,0.1473151127940328,13.35474043081779,0.4835211054422722,0.089657444017271,0.033756643983541126,0.9163103354027218
1789205985.6517756,6,0.15269720277898363,13.36028773895642,0.4842587528711118,0.08992496535123844,0.03375839418641057,0.9105564269430332
1789205985.701168,6,0.15817172157141987,13.365665628417176,0.4850355598346562,0.09004471824379826,0.03285066480481468,0.9051275584561153
1789205985.7509248,6,0.1636501851084969,13.37105340775957,0.48579168159137226,0.0899541456902034,0.032050499142553465,0.899567911802351
1789205985.801752,6,0.16929946541806706,13.376638214858264,0.48653981419676035,0.09067391577189715,0.0318242797372544,0.893176514544175
1789205985.8512821,6,0.1753511673106779,13.382460635771777,0.4866100648798452,0.09219301617950483,0.03438303517775472,0.8854048558579609
1789205985.9011211,6,0.18174776982238852,13.388758695397138,0.48561451710941417,0.09245691860659284,0.03868558743673876,0.8762113905358667
1789205985.9519005,6,0.18824106225391735,13.395530237462538,0.4843830060693909,0.09215276230774716,0.042799570756808326,0.8659890694965481
1789205986.0018275,6,0.19446327293647886,13.402327170613562,0.48430009882305086,0.09219806349511435,0.04682814027907651,0.8571376733709406
1789205986.0509758,6,0.2003802150388285,13.408565013796935,0.4856232388047555,0.0923696077664337,0.049956462101462804,0.8505543236768918
1789205986.101415,6,0.20572370147375463,13.413861057850832,0.4875630545554177,0.08718533950354873,0.0460267337578951,0.8462289597253373
1789205986.1520343,6,0.2108715330020922,13.417926125651862,0.4894550146444293,0.0768354775338592,0.0347406043566762,0.8415269026045653
1789205986.2017262,6,0.21619429430012546,13.421337618379612,0.49182140578177086,0.07730713526318823,0.027625547244033533,0.8356185626247791
1789205986.2514415,6,0.22208929037407896,13.425358700128049,0.49254534966448044,0.07739641147186252,0.022828005103635605,0.8268991559021303
1789205986.3015218,6,0.22794697355215207,13.429933476324225,0.4925557266573262,0.07694561083089076,0.01928043258228952,0.817550227469675
1789205986.3515558,6,0.23357361503725788,13.434429711468754,0.4933862810829182,0.07807559664656542,0.019798136351331586,0.8096514527188567
1789205986.403153,6,0.23906998994426917,13.438514301891674,0.4951018017095876,0.08007593165603265,0.02161274948417675,0.8034216572593008
1789205986.4516134,6,0.24461628749981995,13.441962118656862,0.49730700841513187,0.08292715716179373,0.02122183691510276,0.7992166143815076
1789205986.4975502,6,0.24683227183523876,13.443242579032335,0.4981828815927419,0.08373898238516689,0.020197722946812227,0.7979015830267484
1789205986.5457776,6,0.25503434172320594,13.447867376833727,0.500912881377301,0.08576096188770553,0.01371598996100083,0.7938412698161312
1789205986.5909758,6,0.26027030475779744,13.450898237134167,0.5023002007148335,0.08804147070713841,0.009938735717966128,0.7913506611662668
1789205986.641121,6,0.26607914764179535,13.454705581450117,0.5034851669836528,0.08998894078595633,0.007746955716216568,0.7880605448758609
1789205986.691816,6,0.27193101242740486,13.459153778500404,0.5043342585404307,0.09096401573076572,0.006875900132783887,0.7844282371105562
1789205986.741103,6,0.2778287701542834,13.463975005654696,0.505005732741999,0.09166977674832506,0.007086684674353259,0.7817349504870533
1789205986.792299,6,0.2836979199284958,13.468942317006137,0.5058144465804125,0.09218002945223958,0.007456442204210367,0.779538203706481
1789205986.8413572,6,0.2896006131178421,13.473997475067709,0.5066753912086281,0.09280168400228325,0.007978288751917513,0.7779109043548855
1789205986.8919027,6,0.29558230766199606,13.479151399232691,0.5076635047327637,0.09345442052309111,0.008719569915336617,0.7765821687255973
1789205986.9420528,6,0.3016943842644156,13.484440888001519,0.5086212767227778,0.09364580031499334,0.009200484715023854,0.7756896488390697
1789205986.9938197,6,0.30465545087807117,13.487003554797623,0.5091543260494009,0.09370347420099874,0.009314588273924234,0.7756270240357733
1789205987.041658,7,0.3143256512584555,13.495201969882928,0.5110878909727732,0.0930405966835116,0.009315622127989845,0.7775558972205178
1789205987.0912578,7,0.3208529776042396,13.500735231758867,0.5124522942965377,0.092165161603699,0.00843235607541612,0.7795075036826151
1789205987.142184,7,0.3275098318156691,13.506419974150429,0.5138075100183027,0.09142158582240982,0.007710436471540613,0.7817402475595333
1789205987.1918645,7,0.33427389261707496,13.512225660639963,0.5151695876914781,0.09090195586232509,0.007429106069438183,0.7842502602052891
1789205987.2416916,7,0.34110619479042376,13.518134790080085,0.5165116134406649,0.09060139206387675,0.007485139709886582,0.7870481709734731
1789205987.2919977,7,0.34798949196221957,13.524066296008332,0.5179671339185882,0.0905479252098215,0.007428188157677336,0.7902616328162684
1789205987.3419797,7,0.3548891781347867,13.530040029256146,0.519428282962333,0.09020616795900245,0.007213074121143015,0.7938078648621153
1789205987.39123,7,0.36181810075382626,13.53609475454645,0.5209396535979288,0.09024730435683687,0.006701004628582359,0.7975791272975468
1789205987.4413414,7,0.368795653371027,13.542217897836634,0.5224305426636597,0.09074032035315406,0.005878935250585496,0.8012289099391143
1789205987.5038996,7,0.3721368802186223,13.5451959588677,0.5231163910709092,0.09107655745069597,0.00571833420389406,0.8030399066192461
1789205987.551636,7,0.3839826728862386,13.556033227297894,0.525386781390945,0.09181266097322086,0.005055533625339913,0.8093751569813942
1789205987.6019447,7,0.39071931911262325,13.562416813272849,0.5267025406533034,0.09216919424468503,0.0046889206930159,0.8131512014486588
1789205987.651517,7,0.3973676666904645,13.568859998719525,0.5280386641232397,0.0925275341495495,0.004000595419474418,0.8171850558341055
1789205987.7011075,7,0.40394026380355574,13.575370570222297,0.5294320074222988,0.09287791418700732,0.002929262957537128,0.821517910468834
1789205987.7518873,7,0.41044368007086196,13.58194347859552,0.5308833397675117,0.09240368400734471,0.0017397590713793985,0.8260512800750592
1789205987.801148,7,0.4168427065287866,13.588621166946378,0.5323207669940206,0.09213462449652143,0.00045514287945335233,0.8310743341180215
1789205987.851478,7,0.423192286727463,13.595344905760593,0.5337562325291346,0.0915175087210537,-0.0010025399423480796,0.8363248276556079
1789205987.9018342,7,0.42950168101143443,13.602155813850823,0.5352222584346306,0.09114119547283653,-0.0022889314926973843,0.8420175763065021
1789205987.9521713,7,0.4358291273596629,13.609004137858408,0.5368349730390941,0.09050851308669063,-0.003335986043690038,0.847941923723967
1789205988.002182,7,0.44222055366954865,13.615944480363206,0.5386248820029295,0.09015628851674388,-0.004715366338347979,0.8545622564302344
1789205988.0514681,7,0.4487366799259218,13.62299320496148,0.5403835512222376,0.08992431199470798,-0.006280884026859966,0.8616649943930889
1789205988.101519,7,0.45529116983483425,13.630116819374706,0.5422379163158338,0.08947757172814252,-0.0072495338982473895,0.8692038722813882
1789205988.15188,7,0.4618348318306443,13.637441273332566,0.5440712785174069,0.08888865958290562,-0.008075152227155812,0.8765946442626702
1789205988.204108,7,0.46860261228991346,13.645211485354048,0.5461003138198732,0.08829211732948626,-0.00926625498505794,0.8847587125288893
1789205988.2514124,7,0.4748499736511508,13.6525240785283,0.5478552002656469,0.08808471886007004,-0.010489194775914151,0.8928799442773306
1789205988.301569,7,0.48121548659008834,13.660334098133575,0.5498186356345978,0.08757248808959288,-0.011581997883257991,0.9011330627433716
1789205988.3516681,7,0.48751678205201754,13.668228318395553,0.5517863313117249,0.08723606831920008,-0.01253211609024101,0.9099270379800245
1789205988.4018435,7,0.4936672669393866,13.676046401085614,0.5540671992380022,0.08693836195986067,-0.012634451902748712,0.9200223613654449
1789205988.4517655,7,0.499676682244518,13.683830071534475,0.5566057784336783,0.08682972787882123,-0.01287323006976605,0.9312585233034528
1789205988.5020235,7,0.5054842081720506,13.691424307335401,0.5593892297346461,0.08630577111138199,-0.012816249518184056,0.9441803267084581
1789205988.5517774,7,0.5110209276528559,13.698971665980045,0.5621465150682623,0.08531664312880068,-0.01344913068258667,0.9577280044157467
1789205988.6017582,7,0.5161274803266245,13.706362404116701,0.5647606820296986,0.08430497639080692,-0.014004262456091803,0.9725171980175561
1789205988.6510403,7,0.5206713222759936,13.713615941953805,0.5672429120034749,0.08324657048579145,-0.015186946010090924,0.9876329201589302
1789205988.700958,7,0.5245838597000397,13.720772126547118,0.5694959605979459,0.08142518136389282,-0.016931863352040145,1.0029945231376654
1789205988.7507772,7,0.5278458844334366,13.727670333494174,0.5716071403573719,0.07946108669430656,-0.01878029867517981,1.0186466722948873
1789205988.8015363,7,0.5304112248195901,13.734134632254321,0.5736559948778246,0.07763700493733605,-0.020817830103325694,1.0350929716194188
1789205988.8518877,7,0.5322846343642189,13.740225255567918,0.5755736805947217,0.07416421193610656,-0.023519456159423156,1.0518347354744302
1789205988.9012697,7,0.5335363681828574,13.745995431406383,0.5771334766306622,0.07070089165519548,-0.02658732172289255,1.069011392616932
1789205988.951271,7,0.5342442197462096,13.751334493909672,0.578693589250577,0.06675122578387513,-0.030163595350636035,1.0857724209114061
1789205989.001693,7,0.5345697681731996,13.756348390820765,0.5800036729031919,0.0623572953923687,-0.03409389520606371,1.1020299198387293
1789205989.051668,7,0.534565792212235,13.761131801277449,0.5810782503953483,0.056812516533006834,-0.0377300451486222,1.1171684249713347
1789205989.1010573,7,0.5343121520848094,13.765795180464862,0.5819774131728128,0.051894966785687155,-0.04092787792836208,1.1313815945678938
1789205989.152195,7,0.5339048580625467,13.770325487977352,0.5828796172464054,0.04646398705503564,-0.043755918946527576,1.1448798450529452
1789205989.20207,7,0.5333857026633897,13.774730431783539,0.5835893755183021,0.04115015652536873,-0.04576887350646518,1.1582316516263362
1789205989.2513993,7,0.5327941489693886,13.779058369816953,0.5840535356669538,0.03607461437793977,-0.04734804467610751,1.1715027937119897
1789205989.3018057,7,0.5322151514095426,13.78338488498866,0.5843752467722843,0.031500112031546304,-0.048647488585608294,1.184325603715614
1789205989.3517754,7,0.531820110823991,13.787821871032275,0.5845701089800243,0.027299814245880138,-0.04962761294614607,1.1966549568736604
1789205989.4017065,7,0.5316818732818486,13.792435151413464,0.5846511507691338,0.0232330462830934,-0.04972746167495817,1.2079108805991996
1789205989.4513292,7,0.5318634039201441,13.797314209033301,0.5847915450644344,0.020037214514720604,-0.049539958326650035,1.2187778877491862
1789205989.5013268,7,0.5324228944842518,13.802598772572077,0.5848902831209446,0.017582376628854774,-0.049435209888997,1.2292943821546924
1789205989.5515735,7,0.5332603154145259,13.808194886469938,0.5850098933706552,0.01517623144063124,-0.04904037119084466,1.2397087184470281
1789205989.6041389,7,0.5343258130676606,13.814107814751289,0.5850852888505906,0.01320079991537976,-0.048294443424444965,1.2504995752736967
1789205989.6519468,7,0.5355597542202425,13.820230073518252,0.585127789123524,0.012217128624031555,-0.04762343646606496,1.2609039911696653
1789205989.7018695,7,0.5368954027999865,13.826529529045592,0.5851639860620681,0.011819852979634712,-0.0470417718109896,1.2707818595673859
1789205989.751169,7,0.5383155626937333,13.832902704492176,0.5852816314250656,0.011741128932571556,-0.046250224643006446,1.2806348488533479
1789205989.8019428,7,0.539793662357875,13.839399566883095,0.5854922859246059,0.011039232255601205,-0.04577261785032451,1.29015468196928
1789205989.8512366,7,0.5413205899087762,13.8460443264885,0.5857682554936431,0.011025279696449522,-0.0452390746118356,1.2986542482786685
1789205989.9013886,7,0.5429822860247682,13.852816909164279,0.5860384470060407,0.01125671662882189,-0.04423447565663105,1.3068135799340834
1789205989.9513214,7,0.5448358868539374,13.85973503835355,0.5862646068585605,0.012032243146517239,-0.04354333609966938,1.3134615277174764
1789205990.001858,7,0.5468886182888323,13.866719399976716,0.5864942276679367,0.013942747708556486,-0.04255625577360974,1.319594264120724
1789205990.0519245,7,0.5490956707915646,13.873762749873563,0.5866987952518424,0.016146019993360343,-0.042381072438378915,1.3245388399008635
1789205990.100995,7,0.5514394865047162,13.880824354678213,0.5868286395275405,0.018511900610659625,-0.04225725963308215,1.3287929213505225
1789205990.1518123,7,0.5538864550914542,13.887868125548318,0.5868701102096465,0.02093701227868965,-0.042455799043250406,1.3322990417242875
1789205990.2028265,7,0.5564654447249261,13.89498848761977,0.586559241741598,0.023297020033355063,-0.04299962916952327,1.3352939011254428
1789205990.2515366,7,0.5591604336724425,13.902055621784163,0.5857500534791847,0.026453295646811495,-0.04374860044035172,1.3375332040920311
1789205990.3018339,7,0.5619231702461963,13.909042694466214,0.5846458183361317,0.02983383777920723,-0.04458442840928086,1.3393177489348136
1789205990.3509822,7,0.5647748540972131,13.916104490372552,0.5835831749860562,0.033105173593049875,-0.046566590588174216,1.3414698459836556
1789205990.4039125,7,0.5675635920149278,13.923004913608406,0.5829396280548114,0.035825135188240556,-0.04842518786306349,1.3436047744916861
1789205990.4509115,7,0.5701603791426397,13.929890782051542,0.5831466255233311,0.037658224505768,-0.05165362409482636,1.3464415030599
1789205990.5026934,7,0.5708579732054441,13.931840648568606,0.5833755598776957,0.03801361992629963,-0.052797532342445615,1.3473628864037213
1789205990.551189,7,0.5748655225836532,13.944380001535519,0.5862601060166861,0.03932551609604789,-0.058636066810007534,1.3519572367573294
1789205990.6042283,7,0.5773545704046936,13.95218762104073,0.5891831941497164,0.03886342413709798,-0.0611720834547955,1.3569703328010876
1789205990.6510856,7,0.5801910679967555,13.960590247769781,0.5930945208471481,0.038075390672504164,-0.06274122386208818,1.363980245243188
1789205990.701061,7,0.5835243307903472,13.970181748423666,0.5972499594624655,0.0383000495149088,-0.06495010851562222,1.3721232401045664
1789205990.7513404,7,0.5872598741051649,13.981122349951566,0.6013086500549134,0.04042480255707212,-0.06491442600668482,1.381037137099658
1789205990.802148,7,0.5910744226516382,13.993231362204794,0.6052061251642981,0.04335693314385125,-0.06267222439330776,1.3907901149118247
1789205990.8515632,7,0.5947509440563374,14.00625634748181,0.6088124161377866,0.04639181797245264,-0.058214894074832636,1.4004563422083556
1789205990.9018512,7,0.5980009842072973,14.019891155160657,0.6119030255666122,0.04818066461770595,-0.05373219106686339,1.4093340097977658
1789205990.9509983,7,0.6007344097975784,14.033652798908552,0.6145521752421262,0.04874308334185237,-0.04850118121058127,1.4181719824678274
1789205991.0027733,7,0.6028297402834614,14.047235747989541,0.6166301237772104,0.04926171205610115,-0.044440515417676074,1.4263861549284158
1789205991.0510426,7,0.6043312819000393,14.060327217380978,0.6179608963358443,0.04989781636950632,-0.03984908522851316,1.4333961810553562
1789205991.1018348,7,0.6054061153874727,14.072733531576942,0.6184876787762564,0.04988978343200435,-0.03470327421765677,1.4391260731288478
1789205991.1511137,7,0.6063143932617108,14.084250117063483,0.6177916962863687,0.050359524666581876,-0.029127577316305373,1.4430549714576195
1789205991.2011073,7,0.6075295118136662,14.094760826758426,0.6155682594702523,0.05473554986144333,-0.02441487372250828,1.4460545139019823
1789205991.251609,7,0.6093534524073709,14.104318910130358,0.6127457808947628,0.05948619982290316,-0.02247236841505755,1.448142401413541
1789205991.3012733,7,0.6112673400699244,14.11286730532963,0.61164022226148,0.062258263920957915,-0.02308209278818917,1.450307947626114
1789205991.3521674,7,0.6126785153001119,14.120543334672007,0.6137778525005878,0.06264816105747692,-0.026752462673983096,1.4534975464254454
1789205991.404009,7,0.6144890582442818,14.127979920589201,0.6184505465604672,0.06289422554706642,-0.03458496193885192,1.459322171763626
1789205991.4511032,7,0.6171670073182546,14.136064846977032,0.6233135764903502,0.06406672296556848,-0.04540966945455236,1.4654375236275914
1789205991.4980903,7,0.6184670140495906,14.139611043929548,0.6251948144045962,0.06534629264499095,-0.0488525950523814,1.467954196189156
1789205991.545838,7,0.6240805709341982,14.154345129769029,0.6324101361446134,0.06949774291587447,-0.0581559955257016,1.4779401505708327
1789205991.5919526,7,0.6276387257891541,14.164748671317968,0.6366584858487818,0.07082928720128953,-0.06080087073769639,1.4849036235347806
1789205991.6410186,7,0.6311282314834925,14.17691109826681,0.640897257024576,0.07230933317236535,-0.06149803209619791,1.492952945641423
1789205991.6916625,7,0.633895528637083,14.18984912328107,0.6444765171420801,0.07350100189256635,-0.06104372920999189,1.500540935238351
1789205991.7415404,7,0.6357193762504583,14.203084978655204,0.6472836177546778,0.07373166215752688,-0.059043755725918926,1.5072481681819767
1789205991.7913215,7,0.6362636267503214,14.216155516181324,0.6488188122058103,0.07245597144432092,-0.055111301007514275,1.511843693324572
1789205991.841998,7,0.6357355231016029,14.228645291115045,0.6482757298085358,0.07037137701581733,-0.04869588468798077,1.5144468581007715
1789205991.8919115,7,0.6346985998988688,14.240304353081202,0.6443892814543565,0.07173948251584808,-0.04093231958617361,1.5159213571565016
1789205991.9411292,7,0.6341015349457384,14.251485837728001,0.6380770449745229,0.07433400126573018,-0.03596059908516865,1.5187082976896915
1789205991.9893332,7,0.6338674982882414,14.258029178469686,0.6349793243554516,0.07359799158540044,-0.03501783857018603,1.5206687605645746
1789205992.0351293,7,0.6327738236631293,14.27089077414885,0.6355000339536128,0.06958991755933681,-0.03268360876278912,1.5258903697443227
1789205992.0815065,7,0.6325868971146985,14.279764272928965,0.6412282405600906,0.06435151607398705,-0.03599064638477375,1.5313181586338445
1789205992.1308978,7,0.6340110751972808,14.289952258659556,0.6486561135237897,0.05798374956620578,-0.043831669118759665,1.5357780340228748
1789205992.180883,7,0.6368501021252322,14.301358724438376,0.6561684231034354,0.053890425082227175,-0.05190733404834479,1.5408878754664732
1789205992.226219,7,0.6400271506939231,14.312345086711785,0.6628881486053534,0.05206055820447008,-0.05556208868636776,1.5462061376456686
1789205992.2721882,7,0.6435563229647396,14.324736117650152,0.6695860345042605,0.05142810982520597,-0.05645527369996,1.552913380066741
1789205992.3209062,7,0.6470753991172282,14.339106879021358,0.6762014452472341,0.05148482471376628,-0.055998271192294384,1.5609900654592412
1789205992.3660069,7,0.6494365708429052,14.3524572922924,0.6811373615590546,0.05176978409884139,-0.055030217136731785,1.5682421766061512
1789205992.4116592,7,0.6509986018129247,14.366721804449297,0.6854110554260555,0.05260863610971851,-0.05256739625505257,1.5758514936718888
1789205992.4620893,7,0.6515354587867648,14.382178013082651,0.6888372376977181,0.052522450759457454,-0.049359834611732704,1.5828019370372457
1789205992.5110922,7,0.65060268521107,14.39694351333076,0.6909665042732255,0.05061563768164503,-0.04539493463460134,1.586579985635994
1789205992.5616493,7,0.6483631806082077,14.410615317492987,0.6912799236965733,0.047192184150677614,-0.04015742207028735,1.588062987599388
1789205992.611243,7,0.6451378182733418,14.422792883523725,0.6895035147209324,0.0446423543687307,-0.0344078348315278,1.5880116230558565
1789205992.661913,7,0.6413958609281208,14.433709084932914,0.6860669094529414,0.04239892732573407,-0.030075662584381206,1.5867506699074607
1789205992.7118392,7,0.6375422487721912,14.443631755983372,0.6822942261302365,0.039296427250780544,-0.027385695953262037,1.585438818851299
1789205992.7611217,7,0.6338333543039668,14.452616830277877,0.6802196811114746,0.03555470167750672,-0.02443408198711466,1.5841299697799096
1789205992.8112965,7,0.6305946883104572,14.460921310154857,0.6820005693254311,0.029378457981250026,-0.023509870181014064,1.5831127306182744
1789205992.8612497,7,0.6285928719232365,14.469170614163554,0.6876828992781633,0.024581142686300878,-0.027947495911121837,1.5835335467520255
1789205992.9118924,7,0.6283741306659488,14.47795033928003,0.6951674357168166,0.02287138925154862,-0.035338489447892196,1.5847170269255901
1789205992.9612012,7,0.6294545769253986,14.48747361890747,0.7026899747272557,0.02258848760354673,-0.042234858129521935,1.5851508508078742
1789205993.0112605,7,0.631211872567531,14.49794574087985,0.709659561593186,0.023561720488919486,-0.04749032681087121,1.5846002085278725
1789205993.0612562,7,0.6330821607295891,14.509257357194896,0.715761439722683,0.024887056800854228,-0.0489013777219598,1.582517339152694
1789205993.111746,7,0.6346265597875944,14.52120406592867,0.7205490418126551,0.02608947181712548,-0.04822925215298023,1.5799849504185024
1789205993.1619685,7,0.6357222783850308,14.533505783043694,0.7240772825134039,0.026735949051991493,-0.04604311218875522,1.576724921385848
1789205993.2111723,7,0.6363119548841458,14.545873310060983,0.7267659042230419,0.026730837223174438,-0.04334302174681946,1.573273653689117
1789205993.2614744,7,0.6364316177628986,14.558045235909558,0.7289489779073672,0.026271476462338968,-0.040813869594881425,1.569911760468842
1789205993.3117013,7,0.6361000728305607,14.569851155454765,0.7307334660892352,0.025550316418232282,-0.037926428610471144,1.5657827029557672
1789205993.361201,7,0.6354223354825835,14.581265500886541,0.7321265101028835,0.024634043345833606,-0.03459758519452737,1.5611955243084654
1789205993.4112682,7,0.6344758161036256,14.592222061877512,0.7330632091162836,0.023365648687452306,-0.031490019308520974,1.5559287876734307
1789205993.4614503,7,0.6333410905908753,14.602695078056314,0.7340297741005262,0.021685664986953884,-0.02874011610960407,1.5506180974354498
1789205993.511224,7,0.6321967384321096,14.612747246354767,0.7353821101221665,0.0197785544599756,-0.02708098575069006,1.545432283509212
1789205993.56209,7,0.6312944612706559,14.622554005121449,0.7373371848909598,0.01826130146688574,-0.026379566079907945,1.5413461059458613
1789205993.61172,7,0.6308503405765423,14.632311429930766,0.7396695688224548,0.017200146200999026,-0.026767567249935162,1.5385611008565039
1789205993.6617866,7,0.6307789603028371,14.642085466596543,0.7422736883007222,0.0163284576101498,-0.027615908142255664,1.536942981670147
1789205993.7109368,7,0.6309324322298566,14.651984217567193,0.7449477119728368,0.015600195627231282,-0.02878509397161074,1.5356283453980517
1789205993.7616084,7,0.6312153680575304,14.661987119346419,0.7474716032249263,0.01515357995856343,-0.029759392745795452,1.534370783068141
1789205993.8114228,7,0.6315267841877078,14.672093364759997,0.7497655584785693,0.014517787140565121,-0.03015599861121059,1.5329043968542895
1789205993.861375,7,0.631817043752234,14.68224325210726,0.751941428078522,0.013920100279127556,-0.030396094538919945,1.5312774473476904
1789205993.9111347,7,0.6320660194605742,14.692390679973183,0.7540376382811044,0.013284675801510472,-0.030180151144036684,1.5296563015373508
1789205993.9613056,7,0.6323068269376106,14.702550132484529,0.7559505511838834,0.012698953718637907,-0.029935648434307776,1.52848863326901
1789205994.0112631,7,0.6325116125280459,14.712698804345319,0.7578056746500629,0.012023746360317404,-0.029704149690795108,1.527209642406224
1789205994.0611296,7,0.632633342266429,14.722778589861967,0.7596173626759767,0.011222058944860785,-0.029036436565521573,1.5255804050277157
1789205994.1117666,7,0.6327279027600781,14.732789691288326,0.7613094385982553,0.010478301727784202,-0.028704573967322084,1.5237772107648426
1789205994.1611016,7,0.632808423218381,14.74265811374523,0.7630616099037875,0.009842375661977284,-0.027756823463163712,1.5220079370335777
1789205994.2121792,7,0.632859381354582,14.75242406168117,0.7647444413725364,0.009123755557405987,-0.02752990548330417,1.520099351469463
1789205994.2614958,7,0.6329572715079755,14.762090953513631,0.7664931178129669,0.008508168796432325,-0.027025015627206626,1.5178886422211337
1789205994.311943,7,0.6331208873319075,14.771715993858898,0.7681810361543124,0.008127005604729034,-0.02726477743364967,1.5153820253067485
1789205994.361524,7,0.6333243929693612,14.78126069676546,0.7699433598246517,0.007847889450940983,-0.026976189017388633,1.5127551741325944
1789205994.4142656,7,0.6335835944482149,14.790815487214696,0.7716716668939332,0.007674857851616735,-0.026975647136958634,1.5098896081943876
1789205994.4612837,7,0.6338917521925498,14.800332726972828,0.7733929244667955,0.006855284028337639,-0.026647513313670487,1.5068690549766133
1789205994.5116434,7,0.6342415797675062,14.809828400648332,0.7751325614095018,0.006584760057558304,-0.026543369884299835,1.5035235074345563
1789205994.561724,7,0.6347138277324178,14.819319907677151,0.776890427231783,0.006059090847059296,-0.026407451906476066,1.500499553000012
1789205994.6113484,7,0.6352751493953783,14.828852776391344,0.7786631376776448,0.00575807885475648,-0.02648850045914361,1.4976401899686473
1789205994.6612341,7,0.6359687800681929,14.838438622657872,0.7804334928727953,0.005662638759808048,-0.026526047506359226,1.4952798827758405
1789205994.711471,7,0.6367031775309044,14.848077966575207,0.782231192964375,0.005200642497079555,-0.026493710045309066,1.4931484982174865
1789205994.761615,7,0.6374317951446076,14.85775892384793,0.7840714493592986,0.0050366889085186545,-0.026416184239644428,1.4909302688878618
1789205994.8120017,7,0.6382042826303439,14.867478875076483,0.7858935849004831,0.0047496586994086095,-0.026515603034227214,1.4890499606257723
1789205994.8613591,7,0.6389215740231037,14.87724016004191,0.7876834071719713,0.00425344861367498,-0.026305930166878964,1.487213598861819
1789205994.911497,7,0.6396328727507885,14.887004801993463,0.7894682691264266,0.004056975727963848,-0.026181871953523225,1.485440325421328
1789205994.9619896,7,0.6404138120999916,14.896745650754216,0.7912574279858009,0.003718689511527462,-0.02613022269188529,1.4838229423655955
1789205995.0146663,7,0.6404723373993961,14.897521611271598,0.7914027926781945,0.0036752548818191964,-0.026111623644845615,1.4836791685372495
1789205995.0612485,7,0.6418335740400494,14.91620728094561,0.7946936091619099,0.002969622580729219,-0.02575165125065432,1.4794891386104074
1789205995.111135,7,0.6425409949023597,14.92594052730864,0.7963140977080367,0.002505082249309765,-0.025563217937527288,1.4774448282590382
1789205995.1612282,7,0.6432111672493692,14.935647138354312,0.7979805748704343,0.002014914220303764,-0.025266990983394223,1.474898306539232
1789205995.2113843,7,0.64393267348135,14.94533009064748,0.7996431306456817,0.0014074891702894605,-0.025099388678951416,1.4723388446850567
1789205995.261174,7,0.6446072442036525,14.95496825352936,0.8012795389298965,0.0009675131908579345,-0.024790905329180272,1.46936318085823
1789205995.3118327,7,0.6453453380559773,14.964608367383853,0.8028806248627045,0.0007629438358708247,-0.024691853115370525,1.4666278703603841
1789205995.3617349,7,0.6461070981320576,14.974218460212423,0.8045097824892317,0.00043757679121127734,-0.024341064392071433,1.4636311436516305
1789205995.4116907,7,0.6470006231964072,14.98377738987272,0.8061318049374987,0.0006095658537493999,-0.02437304743208549,1.4608527570859378
1789205995.4615526,7,0.648003472692507,14.993082305814767,0.8078644821517025,0.0005758469597559566,-0.024261518683900606,1.4579922388744728
1789205995.5112746,7,0.6489229654836197,15.002381927799794,0.8094196104763576,7.48194397806434e-05,-0.02448132989164828,1.4544167896218412
1789205995.5616295,7,0.6496775119113368,15.011908428713275,0.8108176210443541,-0.0011187201362608398,-0.02419057898805507,1.4506197417734394
1789205995.611126,7,0.6503547579917275,15.021868672754877,0.8122317597834067,-0.002304808608947744,-0.023430223710820104,1.4469769584779741
1789205995.661896,7,0.6511228316680487,15.032278684884893,0.8136685919673987,-0.0035498967176075796,-0.02243293323440458,1.4440351325644358
1789205995.7117631,7,0.6519597889302102,15.043072532772705,0.815137670023614,-0.004908395144966417,-0.020658345777406988,1.4417961410676454
1789205995.761835,7,0.6528423173179051,15.054155384410821,0.816654254955467,-0.00650987669204894,-0.018297716305842694,1.4400628776425524
1789205995.8117402,7,0.653711738972498,15.065288843090018,0.81823276190867,-0.008179470949794813,-0.015879500122655574,1.4384671859552742
1789205995.8618188,7,0.6546114009985553,15.076464996181787,0.8197753871619973,-0.009813622852115117,-0.013384385167410525,1.4371459801174262
1789205995.9119322,7,0.6556934213651917,15.087868696908064,0.8210919653217897,-0.010896717944983267,-0.010392829383444838,1.436546631397569
1789205995.9614208,7,0.6570398640895875,15.09966919659326,0.8221580819483618,-0.011509111982553721,-0.0064162750696555955,1.4361682402103304
1789205996.01166,7,0.658437306160289,15.111788814632925,0.8231998418698923,-0.0119938537274119,-0.0024576988112086037,1.4357789855938958
1789205996.061191,7,0.6598639696561154,15.12410923001562,0.8240754478109316,-0.012357152270890282,0.002115330106103402,1.4350524422764144
1789205996.1115823,7,0.6613503572968042,15.136493542055149,0.8250921038922551,-0.012621018634979742,0.00691327486332009,1.4342031950101202
1789205996.1613042,7,0.6629161594884078,15.148869884729514,0.8262506185750305,-0.012775844850743087,0.011813893859423585,1.4335587876869933
1789205996.2114098,7,0.66453183632218,15.161174215818452,0.8274966813657126,-0.012828614288575341,0.016240184374024164,1.4326512458399732
1789205996.2617605,8,0.6662531209529491,15.173402632085235,0.8288285233349983,-0.012652077824066849,0.020175167372998154,1.4316065351160996
1789205996.3121235,8,0.6680251899347417,15.185461591000472,0.8301425368075923,-0.01228951299024223,0.024308587214390998,1.4305258693972056
1789205996.3617136,8,0.6698614002067441,15.19730963261201,0.8314874096427889,-0.011827026692908254,0.028056173367373836,1.4292783738056738
1789205996.4113016,8,0.6717531267714749,15.208895887757471,0.8328950132240304,-0.011118576950635799,0.03162942680531523,1.4281997190629256
1789205996.461393,8,0.6736952313832401,15.220153815919202,0.834368719829369,-0.010235634831248994,0.0348022973211905,1.4270101588118234
1789205996.5128088,8,0.6740906643618818,15.222368819386176,0.8346505862665006,-0.010024709544392638,0.03533671152819294,1.426801623649263
1789205996.561303,8,0.6775066308551662,15.241604580006145,0.8372960501530243,-0.008689169667846261,0.0402260161136044,1.4244691567429129
1789205996.6111715,8,0.679365671245616,15.251791772068753,0.8386948785380209,-0.007890688475534246,0.04268971753008484,1.424239468822038
1789205996.6616006,8,0.6812041997206114,15.261642311151544,0.840086297270677,-0.006943528107484899,0.045308844242905585,1.4249051882362922
1789205996.7115896,8,0.6829436088924027,15.271182482491408,0.8414738102261679,-0.006430963058177369,0.04714965382278228,1.4265941648082323
1789205996.7616932,8,0.6845381011147723,15.280405816371248,0.8427509409917169,-0.0064287650745087814,0.04933967238969929,1.4292884027835344
1789205996.8119497,8,0.6859803984420467,15.289307776304625,0.843892806128652,-0.006897302619366873,0.051740283647125185,1.4334635986837023
1789205996.8615203,8,0.687242219004666,15.297865638056662,0.8449833389447781,-0.007663050371225812,0.05428382457072089,1.438660094846476
1789205996.9120085,8,0.6882412254056002,15.30610116151282,0.8460034874108184,-0.009108719917686945,0.056319551166301364,1.4448186233472562
1789205996.9617827,8,0.68900609929623,15.313992226368196,0.8469358749138238,-0.010729330556336474,0.0579466730699506,1.4517306519601474
1789205997.0116777,8,0.6896203465477873,15.321470636614174,0.8477655959637276,-0.011866840931384048,0.059377565752840235,1.4587249034532004
1789205997.061298,8,0.6901088964700282,15.328556190301214,0.848492857069661,-0.01241799234142271,0.06056333513416659,1.4654489759876281
1789205997.1120472,8,0.6904841246623027,15.335241016996715,0.8491397637928452,-0.013091644019093822,0.06169784907684454,1.4719764351255553
1789205997.1613855,8,0.6907920957748288,15.341437805326457,0.8498049937215004,-0.013174262724235736,0.06309798421690525,1.478676142274902
1789205997.2110722,8,0.6909518721373735,15.34695156274415,0.8504595224499093,-0.013865403281629511,0.06452654972894813,1.4856545832555386
1789205997.2613547,8,0.6908335553916911,15.351790512182884,0.8511235355455891,-0.015070206937667686,0.06592990187437738,1.490531129133198
1789205997.311778,8,0.6905928535309309,15.356117303723638,0.8517492199480783,-0.015475066005067322,0.06655391876791537,1.4949145240704227
1789205997.361443,8,0.6903600807201437,15.360305314780678,0.8522484843952286,-0.01598444264652927,0.06672497371564928,1.4993471231327955
1789205997.411741,8,0.6902997062062303,15.364539898381159,0.8526537407654021,-0.0158909317551003,0.06635848040494044,1.5039483559470734
1789205997.4613872,8,0.6904654225775213,15.368974736678709,0.8528031212685141,-0.015321097919171611,0.06527202619647725,1.5087530808970806
1789205997.507216,8,0.6904803319626657,15.369344785520244,0.8528145062349888,-0.015343832301398158,0.0651812009355768,1.5090950442540072
1789205997.5555694,8,0.6909519028929914,15.3785077025991,0.8528771281430821,-0.01591789458784067,0.06300363407691184,1.5148219124922206
1789205997.6021364,8,0.6912549198507616,15.383737361195838,0.852836858677611,-0.016033519120038146,0.0617698991255613,1.5167684180567476
1789205997.6519835,8,0.6916919027264853,15.389841440825135,0.8528578482776478,-0.015958888867597294,0.060967637324627115,1.5182912591465916
1789205997.700887,8,0.6922369130763573,15.396230481053227,0.8529631632922391,-0.015350317370202326,0.0602910653355035,1.51958186812671
1789205997.7514443,8,0.6928351752080054,15.402923199665697,0.8530859746569179,-0.014785921442124348,0.059613051303663345,1.5204769032917387
1789205997.801655,8,0.6935442311013018,15.409869702406121,0.8532315655343564,-0.013912180188812693,0.05902608561680562,1.521220327012043
1789205997.852108,8,0.6942170560614443,15.417021991157341,0.853354682085805,-0.013195684926332656,0.058909441245342524,1.5217899412643883
1789205997.9020875,8,0.6948629949767512,15.424311677333908,0.8534811477421724,-0.012553841924456712,0.058714861752834545,1.5224128784664221
1789205997.9508708,8,0.6955426968757623,15.43174955158992,0.853571271418559,-0.011796474192511359,0.05840426761072109,1.52292194407144
1789205998.001331,8,0.6962306175601632,15.439235630057395,0.8536409117678992,-0.011027906828610781,0.05835274636696712,1.5233852264963526
1789205998.0512729,8,0.6968783309993081,15.446748011331275,0.8537522988781223,-0.010383753281813362,0.05839117581079002,1.5239411464579817
1789205998.1012452,8,0.697493438036758,15.45430393072853,0.8538107460132522,-0.00980090838911204,0.058468604693068964,1.524376037650116
1789205998.1512275,8,0.6981295334721702,15.461855568831503,0.8537945412884487,-0.00916264631303715,0.05846552725340294,1.524731063394267
1789205998.2012603,8,0.6987967532023824,15.469369874481702,0.8538355079073064,-0.008434202770358905,0.05835536584985231,1.5251916756400365
1789205998.25157,8,0.6994315635117188,15.47690712474398,0.8538815156040052,-0.007784968530917138,0.058273047353115344,1.5255779967270127
1789205998.3011823,8,0.7000741391470681,15.484472036216992,0.853903674481558,-0.007130613255133773,0.058393624649605014,1.5256961763513202
1789205998.3513477,8,0.7007249599570232,15.492036078961064,0.8539130086922201,-0.006451259453220751,0.05845295579285331,1.5257478462960037
1789205998.4014142,8,0.7013799794939499,15.499596525099005,0.8539884481622121,-0.005797131844437629,0.058292635421303994,1.5257697459910378
1789205998.4520862,8,0.702059620110626,15.507201010527378,0.8540125506293641,-0.005057815844079571,0.05824388971052753,1.5257861142658602
1789205998.5026202,8,0.7022315484931028,15.509315028219886,0.8540248892674308,-0.004940266647287839,0.0582351315753313,1.525637611940769
1789205998.5518348,8,0.703341023989537,15.522403690700417,0.8540657858386103,-0.003952032481111018,0.05826117069087137,1.525217609653707
1789205998.6012974,8,0.7039810092889736,15.530032845001923,0.8541272968851031,-0.0034729297443101296,0.05807109792250234,1.5247649104286234
1789205998.652017,8,0.7046541210298064,15.537693191175446,0.8541568637833337,-0.002861193345634107,0.05788955847231671,1.5243842083330545
1789205998.701793,8,0.7053031296042754,15.545328326321295,0.8541900719646977,-0.0023142897539981085,0.05780617732713764,1.5240267065838202
1789205998.7512212,8,0.7059271075432421,15.552945983567604,0.854256869297768,-0.0018302394157379545,0.057557094894374765,1.523705679872878
1789205998.801059,8,0.7065783549077321,15.560571870759135,0.854307279313022,-0.0012703868677310301,0.0571904134600557,1.5234755566810763
1789205998.8518481,8,0.7072374848988241,15.568211712754891,0.8543176384122473,-0.0007075604231131506,0.05688949474881358,1.5232721358637586
1789205998.9017854,8,0.7078873437406225,15.575855000050757,0.8543580022338348,-0.00013277912557329931,0.05664698766138758,1.5231834174926082
1789205998.9519873,8,0.7084886851525956,15.583503269535285,0.8544313478348114,0.0002461696988775329,0.056522284450733803,1.522952400124704
1789205999.00124,8,0.7091397811441502,15.591158309415375,0.8544403503154853,0.0007622688901638057,0.05637603508062616,1.522683499483254
1789205999.052151,8,0.709800236248684,15.598790681056238,0.8544214916877696,0.0012579169311141335,0.05616624107820764,1.5223545611138067
1789205999.1016457,8,0.7104528490036307,15.6064017587829,0.8544196711493919,0.0017873456423348768,0.05596903967776135,1.5220742600777517
1789205999.151848,8,0.7110885667659407,15.614009313946266,0.854435572049843,0.0022043239921235025,0.0559610670237589,1.5215751356664682
1789205999.2015028,8,0.7117227068281445,15.621624659212953,0.8544283593082924,0.002525058716411631,0.055945479079194955,1.5208383860751498
1789205999.2510176,8,0.7123504014800555,15.629232237740242,0.8544116449125011,0.0028303878406784654,0.05571419607907859,1.5201259978777162
1789205999.3015392,8,0.7129831843890615,15.636843102609566,0.8544068428574246,0.00307843820981561,0.05539470480542523,1.5192816932868327
1789205999.351291,8,0.7136108279294457,15.644475979537301,0.8544353949534317,0.003172876938949857,0.055465530224262934,1.5181878479829578
1789205999.4014792,8,0.7142383021498993,15.65210983217259,0.8544347403481791,0.003152458488328558,0.055541543961525164,1.5167919647991024
1789205999.4515965,8,0.714891242274809,15.659740137851744,0.8544316090477541,0.0031249680143161556,0.055439975550754805,1.515349697323972
1789205999.501119,8,0.7155602301392011,15.667373944936218,0.854479200978284,0.003088173500275054,0.05516946797857284,1.5137249638289245
1789205999.5519524,8,0.7162650051657349,15.675012996560513,0.8545405132637258,0.0029190468428172355,0.055151613066360725,1.5116647894191582
1789205999.601931,8,0.7170505466999627,15.6826585269924,0.8546073913774601,0.00307132705776217,0.0551866527344908,1.5095987681436085
1789205999.6518636,8,0.7178403055838682,15.69029409207887,0.8546485723152618,0.0031372182782800793,0.05507161616433241,1.5076785397184185
1789205999.7020178,8,0.7185517954832129,15.697991884073723,0.8545807151500352,0.002962560735157869,0.05541739855546335,1.5058342484758998
1789205999.7516744,8,0.7191763281025546,15.705919484571483,0.85439619958641,0.002536259735228259,0.05620104679299435,1.5041495964698235
1789205999.8013222,8,0.719688726060308,15.714270155379417,0.8540840681522065,0.0019240826054126162,0.05769766245055677,1.5029262516388586
1789205999.851184,8,0.7201777855765847,15.723102856172636,0.8536704991401693,0.0012013435444949122,0.05955099478034943,1.5017018892684877
1789205999.9015696,8,0.7206618172663138,15.732166060034197,0.8532227706478825,0.00047285229990949015,0.06222354847157075,1.5008550002712882
1789205999.9516397,8,0.7211523254507903,15.741316951962876,0.8527648169594251,-0.00036598718039293964,0.06519362245589755,1.499670274305122
1789206000.0016332,8,0.7216625861553725,15.750531473845829,0.8521569560810146,-0.0011005654614668241,0.06836174743163037,1.4985761781834996
1789206000.051563,8,0.722230747074081,15.759944400483496,0.8513901183734958,-0.0015720135707648088,0.07166456561262169,1.4978656393058727
1789206000.1014278,8,0.7229981850022572,15.769760436508726,0.8503545403385685,-0.0015587974227233572,0.07615183334130093,1.4967830547818668
1789206000.1516979,8,0.7240478606390195,15.780063684682084,0.8489765439378619,-0.0010216020194316676,0.08139047172235482,1.4955796982715877
1789206000.2011282,8,0.7250492079508549,15.790710665413014,0.8477692261717166,-0.0006987607434700549,0.0862117891335791,1.4941219774258987
1789206000.2514107,8,0.7260835398922866,15.80153830556074,0.8466888714094295,-0.00017305133403481738,0.09158621047991018,1.4926811685153172
1789206000.3013995,8,0.7271378871923844,15.812531197218792,0.8456489112634563,0.00027038506488070833,0.09657468831609148,1.4905443352021919
1789206000.3512561,8,0.7282605561134905,15.823583505552865,0.8446302506280435,0.0006125501173265656,0.10188156494964967,1.4884888352974397
1789206000.401134,8,0.7294863224534109,15.834662515396921,0.8435504147691831,0.0010003640034169702,0.10657196876255223,1.4861758672821106
1789206000.4511626,8,0.73081550056518,15.845729777294913,0.8425163081629001,0.001952452927760307,0.11144157744167243,1.483512992649164
1789206000.503178,8,0.7313477276788343,15.850151821244538,0.8421391553169666,0.0023667016741196418,0.11348080971521089,1.482135879157969
1789206000.551932,8,0.7335592565478063,15.867768234080149,0.8404880527976215,0.003667476310098207,0.12074823988964065,1.4760165683167428
1789206000.6030273,8,0.7349460999349826,15.878643216087351,0.8394429149482301,0.004081419199124982,0.12509310977668703,1.4719865983767846
1789206000.6516335,8,0.736377118627558,15.88937226303112,0.8383743696617301,0.004872941862725774,0.12927409036862,1.467948988947251
1789206000.7017827,8,0.7378862067582472,15.89994043850825,0.8372626577702585,0.005199545748208923,0.1333722657927543,1.4636358276482595
1789206000.751837,8,0.7394960859487074,15.910337036775275,0.8361532894574603,0.005558501839090474,0.1373709451882491,1.4590844963123237
1789206000.8012307,8,0.7411997005650309,15.920525004492683,0.8350202741602626,0.006160565855840188,0.14100552422782447,1.4540668294794707
1789206000.851556,9,0.7430406770587064,15.930455475754266,0.8339140787991736,0.007017657131195861,0.14434681692490053,1.4486916706405757
1789206000.901171,9,0.7450053511581933,15.940112459487986,0.8327307096911017,0.0077785112436524004,0.14802480866549042,1.4431871280892894
1789206000.9461896,9,0.7469151231751485,15.948395017750117,0.8316827226854806,0.008540186650494724,0.15075969305539438,1.438226014173296
1789206001.006103,9,0.7481125943144384,15.95318011880627,0.8310865890878547,0.00928153054209805,0.15243439139716883,1.4354316381283674
1789206001.051236,9,0.7520262979925396,15.967498493437688,0.8290357257315657,0.011656935549278383,0.15754780165021173,1.42675097006874
1789206001.1012175,9,0.7546630393139531,15.976104877428417,0.8276655468674337,0.012911743172681634,0.1606391283958979,1.4210872839782065
1789206001.1511316,9,0.7574440066349256,15.984435943819454,0.8261759673990042,0.014815375700142996,0.1639689445331388,1.4157911438170159
1789206001.2017393,9,0.7604338344426255,15.992468051854377,0.8245605674672125,0.01761312625580033,0.16729817859237828,1.4106317168157634
1789206001.2508152,9,0.7635226846343883,16.000261779898644,0.8228458215248778,0.02007654078713163,0.17047659613943142,1.40554057016354
1789206001.3013532,9,0.7666598233875753,16.007792741949494,0.8209053646434246,0.022887977940251596,0.17402538646781748,1.4011668317769796
1789206001.351299,9,0.7698960463616537,16.015040574528456,0.8188652625960269,0.026528452448170994,0.1771576769285725,1.397083993586534
1789206001.4013295,9,0.7730873939193094,16.022185084354273,0.8164591139774771,0.0296699376400076,0.1791422401727873,1.3930776040497437
1789206001.4514365,9,0.7760229747963653,16.02942546852212,0.8138388953075064,0.03219405122266007,0.17922220590646606,1.3881223988062752
1789206001.5038712,9,0.7767920104507017,16.03150384941783,0.8130545863921077,0.03273441288181337,0.17884160905759977,1.386592076267813
1789206001.5516682,9,0.7810262905937768,16.044823656547806,0.8075188725913155,0.03566746551343738,0.17709916207851018,1.3774671945467813
1789206001.6010873,9,0.7833373657132916,16.05286434668655,0.8043563116267355,0.03718500150286707,0.1766964751049969,1.373542954819927
1789206001.6515043,9,0.7855564778933302,16.061101615234406,0.8011894097570774,0.038862178471510106,0.17584714475867974,1.3704617318844945
1789206001.701518,9,0.7878847920275984,16.06959225591686,0.798041164768789,0.041004051650871245,0.1733296403870273,1.3690067162758055
1789206001.7515173,9,0.7903131482638911,16.07848473403991,0.7949155092407987,0.043235438872110114,0.17057464786449172,1.369528505407951
1789206001.8014977,9,0.7925766744294004,16.08780298288574,0.7920911635887864,0.044783979508631874,0.16992690327455887,1.3706856590829575
1789206001.8517816,9,0.7946173949080909,16.097544034041245,0.7893417537715957,0.045748293436288785,0.17007001208846662,1.3725848729715309
1789206001.901414,9,0.7964833377786842,16.107716473448512,0.7866287236650544,0.046045452661705524,0.17044928446954982,1.3761823294213305
1789206001.9509525,9,0.7981633377022301,16.118273037716186,0.7841051112895053,0.046604604928280065,0.17071622625749183,1.3809581678020784
1789206002.0040324,9,0.7997505587119765,16.129142057244437,0.781809871237194,0.04726988497534803,0.17126574225148433,1.3873576458310515
1789206002.0512831,9,0.8011696036627621,16.140259603214126,0.7795867503115156,0.047043425964313344,0.17189084597508958,1.3944510418549592
1789206002.101537,9,0.8024994005307547,16.151562443775553,0.7774646918371271,0.04792110587816714,0.17228248897479045,1.4028548333178905
1789206002.1514568,9,0.8037549133319991,16.16299750852541,0.7756155226740918,0.04830432944016633,0.17214378348646994,1.411854080584486
1789206002.2021885,9,0.804760184020742,16.17452166363197,0.773839120604541,0.047898055952015815,0.17145476001316864,1.4215129902271006
1789206002.2515666,9,0.8055993222314864,16.18610395204345,0.7722896383880488,0.04778955625912871,0.17035483429849235,1.4321419741002779
1789206002.302001,9,0.8063683890415471,16.197714566408635,0.7709237828481315,0.04846022098809294,0.16902175147636844,1.4439903534069791
1789206002.351523,9,0.8069240867884433,16.209353808265018,0.7697207532706651,0.04885732466092577,0.16763186553968026,1.4568087319676208
1789206002.4014566,9,0.8072502242856264,16.22096970445641,0.7685983883512425,0.04897584852783237,0.16598794872158812,1.4702104463348789
1789206002.4517357,9,0.807313529858758,16.23256223100586,0.7675803230148044,0.049385578742610244,0.16412248272793173,1.4834483283258932
1789206002.5012915,9,0.8070892079989631,16.24413282727169,0.7666221964246757,0.049116704604322214,0.16238840183308334,1.4961052054002848
1789206002.5519476,9,0.8066526187595273,16.25566592231226,0.7656604986104555,0.049042596916987244,0.16062864148632433,1.5080253985946417
1789206002.6020038,9,0.8060634530177132,16.26718226982313,0.764610150829822,0.04936171783049878,0.1588667383119149,1.518816239666486
1789206002.6514518,9,0.8053527586523145,16.278689106029283,0.763522983093298,0.0490026709638991,0.1573608226782465,1.5287274518444571
1789206002.7018957,9,0.8045761582976967,16.2901775725698,0.7623888040758953,0.048359730346246306,0.15583829210257352,1.537461181096915
1789206002.7516778,9,0.8037348984362027,16.30167880410791,0.7611771919629919,0.048124338015150515,0.15455020344074785,1.5452971847873644
1789206002.801555,9,0.8028600447831024,16.31320628812301,0.7599222360764538,0.047454450231915773,0.15336149411374317,1.5523305791305226
1789206002.8512938,9,0.801983936883705,16.324763048843597,0.7585835493303374,0.04677031174642436,0.1525374043131382,1.5588776596358607
1789206002.9016478,9,0.8011763154798297,16.33636986697176,0.7570968791330039,0.04641460423651765,0.15159152415678687,1.5646490571498564
1789206002.9513435,9,0.8005173084860735,16.348046161699084,0.7555492596585716,0.04643445770374667,0.1509015942474709,1.5698229728342559
1789206003.001702,9,0.799988843049983,16.359801110184776,0.7539292381434481,0.046467138340759016,0.15076539615883694,1.5742930505090873
1789206003.051037,9,0.7995381094049916,16.371631390883973,0.7522741813171955,0.046314623458309105,0.1507931922350123,1.577676597887921
1789206003.1009996,9,0.7991579659734337,16.38353090161704,0.750494181731276,0.046263880055615804,0.15093081757083607,1.5802430977460358
1789206003.151181,9,0.798893216149147,16.395498441343616,0.7487355194098483,0.046479011458434694,0.15093751888691848,1.5820507003192574
1789206003.2014844,9,0.7986627681064205,16.40751682668389,0.7469120895986177,0.04657120494936091,0.151266482748947,1.5831952562360037
1789206003.251204,9,0.7985079590118069,16.419579402902492,0.7450392543502974,0.04671042535735998,0.15178201893356477,1.5837430149177647
1789206003.3011413,9,0.7984167159994898,16.43171158023667,0.743122596623895,0.04680135281844884,0.15242363328235492,1.58374556813274
1789206003.3513103,9,0.7983840261004567,16.44388851874413,0.7411667633439871,0.046937742327715797,0.1529972844215657,1.5835286450558375
1789206003.4021182,9,0.7984237339598897,16.4561084915459,0.7392409781804667,0.04724678214020787,0.153223460556938,1.5829218696770702
1789206003.4517252,9,0.7984626280658196,16.46835306468732,0.7372819051975826,0.04752123496424829,0.15365869528472406,1.5820392232094556
1789206003.5047667,9,0.7985027955775953,16.471784248641466,0.736759817533318,0.047707445137058824,0.15389271671889498,1.5816770085145127
1789206003.5521705,9,0.7986927008429677,16.49293240478325,0.733372141915123,0.048336273427401294,0.1547565909174114,1.579273907936751
1789206003.6015353,9,0.7988865082482394,16.50523526376571,0.7314498571654482,0.04871602029702211,0.1552132662838414,1.577370236935747
1789206003.6508546,9,0.7990290323227582,16.517544511088243,0.7294808219426566,0.04876881844641878,0.15579420214466194,1.5753348211608942
1789206003.7019436,9,0.7991468389018076,16.52984846096394,0.7274987544510212,0.048820854452718464,0.15638117517130865,1.5729115112591314
1789206003.7519894,9,0.7992603444549587,16.542125735600788,0.7254418911479221,0.04854839223464031,0.15688444008746505,1.5704150384463358
1789206003.8013978,9,0.7994245308275225,16.554384676991482,0.7233805113831359,0.04871451676943266,0.15764469143348075,1.5686645618406123
1789206003.851742,9,0.7996784282393014,16.56661945320267,0.7213500148541365,0.04896272361071617,0.1580284896514703,1.5670898517519858
1789206003.901786,9,0.7999172626618626,16.578815248665926,0.7191900020859849,0.04899519869408076,0.15860248262896806,1.5659918474298762
1789206003.951212,9,0.8001389747491606,16.590998472713622,0.716996964241556,0.04911088152950891,0.15908880373693024,1.5653200469786963
1789206004.0022557,9,0.8003546801574859,16.603146038529477,0.7148757056140453,0.04942659027960924,0.15947423768653124,1.5649262805843969
1789206004.0513656,9,0.8005222292164892,16.615253866505647,0.7127241010914422,0.049580117956413226,0.15982746409008308,1.5647862697243249
1789206004.1011398,9,0.800694135080227,16.62730432359685,0.7105448631166226,0.04973812931626392,0.1601100336589634,1.5648195263168578
1789206004.1513104,9,0.800886469750291,16.639311094438188,0.708418131848955,0.04985133448283219,0.1602132147464905,1.5647347801985372
1789206004.201706,9,0.8010896264926161,16.651293816752762,0.7062984934178443,0.05007181883601682,0.16035116693987297,1.5645051931366347
1789206004.2509496,9,0.8012854914526252,16.663223084523512,0.7041276823941759,0.05024323168778914,0.16057709383588814,1.5642625675525816
1789206004.3017166,9,0.8015155515497301,16.675116028372933,0.702015765967177,0.05048479435649865,0.1605114093181224,1.5638347302726034
1789206004.3511271,9,0.8017401926994473,16.686973123324716,0.6999090778764763,0.05072340186838742,0.16075349376136672,1.5633656549045085
1789206004.3962085,9,0.8019225981505155,16.697391224961027,0.6980400246789464,0.05078934349494184,0.16095271275162226,1.5627058761740422
1789206004.4419885,9,0.8021628490814531,16.70828965662797,0.6961156006473023,0.05097423375414785,0.1611762621838722,1.5620214006848663
1789206004.5099206,9,0.8023375497922147,16.71539153842373,0.6948752192218539,0.051143779033184684,0.1612556429726396,1.5615213239913108
1789206004.5559518,9,0.8028873800091928,16.73526205415598,0.6913536625699165,0.051526442742436354,0.16167586975510145,1.5595434252004075
1789206004.603626,9,0.8032965488561237,16.746117124521152,0.6894374527655552,0.05175216427178484,0.16188809856141523,1.5580594985982754
1789206004.651468,9,0.8038245281953276,16.75788319542122,0.6874031248014871,0.05197997788787225,0.16200153684097268,1.5562801445848073
1789206004.7012725,9,0.8043437599312355,16.769628551228944,0.6853103962623693,0.052172441187242936,0.1623723760101299,1.5544043576858693
1789206004.75157,9,0.8048889403317843,16.781359888932403,0.6832153868217947,0.05223809865329366,0.1627256150821259,1.5522505400803375
1789206004.8016589,9,0.8054635536505191,16.793077127623825,0.6811155365188104,0.05239062634166136,0.16329190198376942,1.5503392070227666
1789206004.851995,9,0.8060683131746992,16.804751918336088,0.6789810638185032,0.0528998750525333,0.16373873519333293,1.5492240281869238
1789206004.9015918,9,0.8066972972873392,16.816349368026504,0.6768826886734625,0.05383190038673439,0.16382162867281433,1.548843768109908
1789206004.9521506,9,0.8073050823208886,16.82786795020322,0.674688738181362,0.05468872188738809,0.16401531804227942,1.5488719447927142
1789206005.0012798,9,0.8078619559174738,16.839298216296868,0.6724786373383655,0.05544207858894881,0.16435833767351177,1.5492231530928398
1789206005.0517383,9,0.8083764939193814,16.850664870241,0.6702966848460218,0.056121197886039385,0.1644072863639344,1.5497589142783885
1789206005.1012797,9,0.808873931209521,16.861970018430856,0.6681426928452451,0.05689970291194882,0.16441908591185814,1.5502758592111368
1789206005.1510823,9,0.8093124725157608,16.873227306867538,0.6659383727958711,0.05745803441789142,0.16463683857246988,1.550824031816932
1789206005.2014458,9,0.809772514390881,16.88445733427963,0.6638208177063682,0.05830688444534938,0.1646423005995851,1.5514126740238303
1789206005.251397,9,0.8101803483948565,16.89565888204711,0.6617064618052243,0.058896031872369525,0.1647797206564496,1.5519165492938103
1789206005.3017597,9,0.8105837540813995,16.90682572865591,0.6596260395876324,0.059407891287951785,0.16488119067823223,1.552160918694907
1789206005.351501,9,0.8109848976689474,16.917958718535758,0.6575449776089104,0.05997253472553438,0.16505180244362788,1.552309353925648
1789206005.4016674,9,0.8113637417641604,16.929075083259413,0.6554740133769321,0.060296984775339145,0.16538219977186422,1.5523288871902048
1789206005.4511132,9,0.8117873902267326,16.940182487591578,0.6534590410087653,0.06088440944360793,0.16542548465348178,1.5522130903088245
1789206005.496225,9,0.8120104714013735,16.946834585097605,0.6522385550464527,0.060987698388324824,0.16535479962830701,1.5519896221669138
1789206005.542094,9,0.8124656763534732,16.960148312360687,0.6498609500430312,0.06135882827475562,0.1656243688011448,1.5514561303119707
1789206005.5914373,9,0.8128653862976282,16.971260716540925,0.6478132662678417,0.06160947847812605,0.1658720552768299,1.5509260230770594
1789206005.6415346,9,0.8133291026073391,16.98238026021052,0.6457943522235542,0.06183968673424641,0.1660548202195845,1.5501166557617467
1789206005.691186,9,0.8138484403927522,16.99349206162536,0.6438046738670761,0.062145316545031325,0.1662193103423577,1.5490269927282538
1789206005.7410998,9,0.8143997342167054,17.004600176328786,0.6417442869708865,0.062413452863328125,0.16651878831731898,1.547715730732652
1789206005.7919726,9,0.8150167193868989,17.01572103369286,0.6396819513328124,0.06267536701783495,0.16682160217932887,1.5462885365215657
1789206005.8414323,9,0.8156197738798731,17.026832499931917,0.6376133932581639,0.06299418569757505,0.16713021566299946,1.5450229544706096
1789206005.8920467,9,0.8162150849730169,17.037901786221774,0.6355372106544449,0.06363984198239006,0.16754110968491776,1.5445288619704887
1789206005.941965,9,0.8168407862479796,17.048877280292054,0.6334609705627953,0.06460970347722592,0.1675504544691774,1.5445173693113603
1789206005.9968448,9,0.817174571583326,17.055435276236015,0.6322006928682292,0.06511695889577392,0.16786836174782888,1.5449349700368094
1789206006.0457652,9,0.817853560521386,17.07147024456173,0.6290975859408259,0.06607864853892959,0.16787694969974168,1.546003953306909
1789206006.0911467,9,0.8181811948949342,17.081324929542415,0.62718749977012,0.06646142327843742,0.16793527870217423,1.5465799788419528
1789206006.141455,9,0.8184743816328754,17.0919459048151,0.6250894970710044,0.06692095036739742,0.16781878057855232,1.5472733006191919
1789206006.1911178,9,0.8187439925678938,17.102475866855496,0.6230751398197784,0.06715407985056022,0.16784617350702538,1.5479735795849316
1789206006.2415123,9,0.8190419158326842,17.112938977257986,0.6211576592035644,0.06764643114167192,0.16774569992244764,1.548616402171323
1789206006.291146,9,0.8192828475221636,17.123318759554824,0.6192119943331487,0.06774279712795093,0.1677995907601679,1.5491026761363975
1789206006.3419924,9,0.8195646299444005,17.133592107163633,0.6172845398334033,0.06814406740760917,0.16757606262185898,1.549449411029325
1789206006.3917506,9,0.8197860944525679,17.143783833939885,0.6153532247079277,0.06812206866388927,0.16774088232446752,1.5496197556657993
1789206006.4417996,9,0.8200502157650964,17.15391739392579,0.6134773613428214,0.06843532792096813,0.1677832264711384,1.5497883728680668
1789206006.5050755,9,0.8202034356149168,17.15995339930232,0.6123788832448673,0.0685125517684864,0.16799017058515844,1.5498775223164274
1789206006.5519183,9,0.8206432010649246,17.17591840796963,0.6094498415418922,0.0688617022553858,0.16779051924152366,1.5496735129729076
1789206006.6015759,9,0.8208979578634239,17.18579165243719,0.6076002080499243,0.06888081995102889,0.16792718687965927,1.5493911345525737
1789206006.6517437,9,0.8212014935562107,17.195582506923383,0.6058330284156863,0.06905982118352842,0.16792756845841722,1.5488812018724196
1789206006.7015634,9,0.8214492229739276,17.205302078389572,0.6040732417641452,0.06888711530215154,0.16807289157132219,1.548194194009011
1789206006.7516239,9,0.8217302707067217,17.214926032175093,0.602357718473288,0.06883238027150684,0.1681376120055766,1.5472575606591816
1789206006.8015783,9,0.8219736451923821,17.224493050188503,0.6005855097776926,0.0685678075530792,0.16833773349375816,1.5461910534410854
1789206006.8516273,9,0.8222836729386813,17.234006190682468,0.5988311787030935,0.0684252898740919,0.16850972799568087,1.5447135885960521
1789206006.9014907,9,0.822633623362296,17.24345799973267,0.5970775516997491,0.06833649653307913,0.16897908232701775,1.5426527138190913
1789206006.951518,9,0.8230180951685367,17.252850145679332,0.595254645090201,0.06805103577461225,0.16951027645698105,1.5400379599088658
1789206007.001554,9,0.823505213746146,17.26219793020461,0.5935111400019346,0.06821271824057558,0.1699651328856367,1.5364684628892094
1789206007.0514565,9,0.8240115386433104,17.271498016353448,0.591705803643367,0.0679520215148699,0.1706550859215821,1.5324858805888224
1789206007.1015637,9,0.82464000829313,17.280762233174574,0.5898745753950385,0.06822816672478155,0.17138665948334622,1.5280757998754642
1789206007.1516125,9,0.8254013487290307,17.28998964605985,0.5880868187783737,0.0683321216721006,0.1720425533125666,1.523273851780812
1789206007.2013066,9,0.8261813059992829,17.299146335410526,0.5861516128934873,0.06800592758024483,0.1729090862981493,1.5182482806431083
1789206007.2512202,9,0.8269860400426037,17.30826623899094,0.5840450800773567,0.06843980709908809,0.1740539698752739,1.5130392284286354
1789206007.3016672,9,0.8278439029015915,17.317346411807407,0.5818455092598036,0.06889047917268769,0.1749227923775189,1.507531129743097
1789206007.3513668,9,0.8287644160942351,17.326401372276262,0.5795301116610259,0.0689449325676733,0.17587059621985351,1.50187200706103
1789206007.4010289,9,0.8297582853068317,17.335406113134244,0.5771918287423806,0.0693492738623584,0.17688848953742503,1.4960940257864068
1789206007.4517672,9,0.8307463406802659,17.344380145325008,0.5747711648323156,0.06929916082280653,0.17754980505026527,1.4902157751015639
1789206007.501265,9,0.8317295558738588,17.353322211412845,0.5722771510884156,0.06924783890584021,0.1781805028835393,1.4843828725179806
1789206007.5517197,9,0.8326963950797218,17.362266124514747,0.5697187038717617,0.0695453790192138,0.17893705498695925,1.4790614067036347
1789206007.601218,9,0.8336337696823987,17.37121219827908,0.5670543290331106,0.06912550765236934,0.17963132635406104,1.4738251099113477
1789206007.6516905,9,0.8345590242133681,17.38017794205455,0.5642851001599218,0.06908595178354418,0.18005698840187093,1.4685679233401714
1789206007.7015698,9,0.835428847533597,17.389173909408314,0.5615130692246778,0.06891003861509228,0.1807325883768343,1.4638142128864327
1789206007.7518482,9,0.8362649965231462,17.398210066569224,0.5588290528779453,0.06854847837322285,0.18075587178592845,1.459012798370141
1789206007.8011477,9,0.8371239226318705,17.407283356952004,0.5563964533628051,0.0680979871771452,0.18072865770171695,1.4539600597424402
1789206007.8518078,9,0.8379177373559974,17.416438237893896,0.5540116279159264,0.06760685307872047,0.18079313420924195,1.44919427653802
1789206007.90132,9,0.8386204831100609,17.425639265041145,0.5515045311492841,0.06677902298207156,0.1812999611877941,1.4446065280490488
1789206007.9517412,9,0.839349147242341,17.434888637016122,0.5491896353644881,0.06587869293698281,0.18144655186780342,1.4402677013667964
1789206008.0014002,9,0.8400417724348999,17.444148643199973,0.5469717348444939,0.0648391398580865,0.18184157249260424,1.436115831830321
1789206008.0516078,9,0.840702348380774,17.45339714956538,0.544757516953459,0.06369474895574113,0.18206959148306995,1.432096389266875
1789206008.1014268,9,0.8414294725933016,17.462593922813546,0.542612283034954,0.06264851234963208,0.18221780228517037,1.4279773244467793
1789206008.1510468,9,0.842133270642406,17.471743599362043,0.5405184661181153,0.061615001752232536,0.18257791339194052,1.4238094530027976
1789206008.2018118,9,0.8428258595519752,17.480766118449303,0.5385132474142785,0.060437215850218676,0.18261987235727012,1.4189911332059935
1789206008.2511477,9,0.8434989282344681,17.489663465500712,0.5365771538015146,0.058764541962839915,0.18279243022983976,1.413776716778751
1789206008.3014457,9,0.8440949463678806,17.498457424016042,0.5345124489702574,0.05734168433106433,0.1832561772767954,1.4087602803894834
1789206008.351292,9,0.8447364584395762,17.507163489270308,0.5325054984136499,0.05593671631628911,0.18320646797576068,1.4039386938048775
1789206008.4020343,9,0.8454079131099258,17.515753631661674,0.5306041806643007,0.05455986714277194,0.18300180949303185,1.399108124223493
1789206008.4515917,9,0.8461391140342612,17.524234120911167,0.528855293298006,0.05326746994878759,0.18276125875232432,1.3942928425543897
1789206008.5013676,9,0.846822342067371,17.53268893107238,0.5270638352343187,0.05149793865316709,0.18244884582992937,1.3896347491399401
1789206008.5515556,9,0.847526076953936,17.541126966615046,0.5252888895129394,0.04982763973097867,0.18213267718562293,1.385119574492861
1789206008.6019926,9,0.8482959786686324,17.54947886398994,0.5235656464248226,0.04832652765146848,0.18147394180713355,1.380163954867938
1789206008.6518617,9,0.8491121676836153,17.557826309571777,0.5218970446038846,0.04659601156441184,0.18127178557544416,1.3752447904831753
1789206008.7016456,9,0.8499584156821034,17.5661423016802,0.5202241736167474,0.04505907260176089,0.18073057286515912,1.3703666481567254
1789206008.7521055,9,0.8508008199843452,17.574469049714843,0.5185940944999533,0.043118077736342277,0.18067674055150446,1.365761884600181
1789206008.801865,9,0.8517945951906398,17.582750439350306,0.5170009210410389,0.041524401759590525,0.17981317239526223,1.3610696994968077
1789206008.852028,9,0.8528000391603133,17.591062340983804,0.5154288398646973,0.03978917969399588,0.17955576938615142,1.3567574224840238
1789206008.9013965,9,0.8539085086691512,17.599383195649608,0.5138683439455821,0.038482543622062125,0.17881049626158804,1.352634261585286
1789206008.951105,9,0.8550205197704956,17.60774380164847,0.512272963282506,0.03684143021814066,0.17856307229664983,1.348953206099204
1789206009.0020614,9,0.8562717045070181,17.616084414609414,0.5107935810351636,0.03559436214384217,0.17800725901136275,1.3454160194891431
1789206009.0519798,9,0.8575408197018898,17.624433107650297,0.5092194218870245,0.034250856778181155,0.17758539037692825,1.3424469571541924
1789206009.1019256,9,0.8589611587941334,17.632700850487772,0.5078678683534781,0.03322570685740411,0.17734098982102806,1.3392107062706788
1789206009.1511369,9,0.8603250653690514,17.640986546219008,0.5063890235711562,0.03171552456862082,0.1771467369133617,1.3363033678720688
1789206009.2015345,9,0.8617532413283872,17.649274885435368,0.5049035029382953,0.030545117196435947,0.17686474717534334,1.3336518722310253
1789206009.2514915,9,0.8632132328122706,17.657592511441255,0.5034018221576779,0.02926570735899236,0.17643783842198327,1.3311725625001245
1789206009.3010235,9,0.8647367943343763,17.665998467979716,0.5019279757757752,0.028089577956168326,0.17554075530801916,1.3286841518453494
1789206009.3520513,9,0.8664221097197905,17.674550251671512,0.5005365042792931,0.027074093012127657,0.17481948323553534,1.326548522143815
1789206009.402168,9,0.8681846629596909,17.68340138856054,0.4991144818761765,0.025895964923751347,0.17375259200505205,1.3243865106359476
1789206009.4519575,9,0.8701161775047095,17.692570592553164,0.4977600885696994,0.02486638919713367,0.17277496705044115,1.3216461879161223
1789206009.5013454,9,0.8721589603773241,17.702138346829148,0.4963229549069632,0.023325390858636743,0.17151173576391363,1.317949252315714
1789206009.552014,9,0.8743259757978429,17.71216959095621,0.49483930926066644,0.021965036271657638,0.17057329856420658,1.3139432716176471
1789206009.602193,9,0.8767078131826284,17.72262380842043,0.4933083936340983,0.02080407804731653,0.16951763750463125,1.3094357481602201
1789206009.6516652,9,0.8792861283298836,17.73344311472513,0.4917375232679463,0.019759932130372474,0.1689877366743687,1.304700068516649
1789206009.7009723,9,0.8821189465124182,17.744531516664726,0.49008636735726413,0.01941940626761821,0.16873801664495391,1.2996822155453904
1789206009.7461321,9,0.8847439228677452,17.75445509768028,0.48854443428750544,0.018896940568017172,0.16896047605718129,1.2955754031794633
1789206009.7920065,9,0.8876660212026647,17.76490141524186,0.4869503149552149,0.018715133937770953,0.16953745275708085,1.2914864432008895
1789206009.8422954,9,0.8909765128164967,17.776376833514664,0.4850723887354956,0.018317536958138893,0.17040459854044304,1.2873252909052812
1789206009.8921359,9,0.8944306936095685,17.787912693483673,0.48311858048645157,0.017990700356661764,0.17120513195352907,1.2831391619448784
1789206009.9414673,9,0.897916450463434,17.799521093503245,0.4811002864400341,0.01777303824229231,0.17223617161779564,1.2790069657631742
1789206009.998309,9,0.9000545075559296,17.806515042796352,0.47985679409427057,0.01793047712348678,0.17284787456194017,1.276801087486439
1789206010.045443,9,0.905617567069566,17.82389169067522,0.4765328458712006,0.01836267103735526,0.1746121631764794,1.2720237072439429
1789206010.0911465,9,0.9093394070332889,17.834799715320408,0.47421941629996767,0.019078702489811424,0.1758522112609786,1.269432847546627
1789206010.1417038,9,0.9138216648534601,17.84682083450944,0.4714515004543106,0.020696766180560124,0.17721402188457303,1.2669409338840851
1789206010.191183,9,0.9188465917145575,17.859088535167103,0.46819713667137963,0.023259951862106755,0.17931710089927047,1.2645263361642467
1789206010.2440016,10,0.9248800596450742,17.87147479642706,0.4635152035403478,0.02800419834366145,0.18422794984180715,1.2603177583970373
1789206010.2923112,10,0.9333138286957087,17.88340402161242,0.4532745887091267,0.04313167242450209,0.19907772432036872,1.2501768287032446
1789206010.341193,10,0.9426352693418513,17.895037428680812,0.43674941125843875,0.05761762880949285,0.21510032406148544,1.2378265758681015
1789206010.3916168,10,0.9495772320226251,17.905376779715215,0.4280078744423584,0.0633490871543464,0.21181408026463996,1.2305576756928378
1789206010.4416242,10,0.9547559395669794,17.914579467156575,0.42160405261483214,0.06718595143104314,0.201699028556939,1.2249468910704644
1789206010.4972954,10,0.9573399735079028,17.91963875451995,0.41860521902027853,0.06834940194097432,0.1950451650380359,1.222507969095843
1789206010.54607,10,0.9623992986454052,17.930964854825138,0.4132719560638904,0.06897017746830948,0.1830336880329628,1.2190681770650706
1789206010.5913367,10,0.9643515632394604,17.93768391917193,0.4107798649992597,0.06689210895937513,0.17796372298810284,1.2178830002558558
1789206010.6409936,10,0.9656425902780169,17.94520557399113,0.40882404529098115,0.06301385425738593,0.17266139394261487,1.2174795166661483
1789206010.691855,10,0.9665121129404507,17.953089292360925,0.40767864649605956,0.05788302609055515,0.1680933960429677,1.2175008768337328
1789206010.7413983,10,0.9671194904169533,17.961504499785324,0.40704536522039875,0.05176303670669332,0.1637084214358486,1.2168817506050578
1789206010.792014,10,0.9674902875022224,17.970572095510285,0.40667075472348785,0.04454228295994549,0.1610165612437847,1.2155172069520135
1789206010.8418784,10,0.9677002655352757,17.980465384627795,0.4061402821459157,0.0361648960077145,0.16038773388162172,1.21367573556773
1789206010.891522,10,0.9679258822758658,17.99127702201771,0.4050713271485964,0.02721395502924943,0.1614741859889615,1.2114680066859975
1789206010.9414804,10,0.9683701957949747,18.00262671529539,0.4032990873233723,0.019218336001093544,0.16529446888116564,1.210432154191999
1789206010.9943368,10,0.9689511921906159,18.007727170343987,0.402675438865409,0.017123438203339687,0.16663499196055773,1.210917473072893
1789206011.0417135,10,0.9710276217748631,18.021943930361257,0.40099606559006196,0.012709395349264262,0.17006959726268242,1.2156280424760877
1789206011.0914683,10,0.9724599507770417,18.029632952769497,0.40040964257213385,0.012201320385931236,0.17010013428388057,1.22020810324398
1789206011.1415577,10,0.9739065256136836,18.036027645787858,0.40049392716008825,0.012514857764186054,0.16867926493365193,1.2259118552144106
1789206011.191705,10,0.9753120137101261,18.04136867714512,0.4007700338220756,0.012812200116092782,0.1659920004659671,1.2328004314525347
1789206011.2409053,10,0.9765985304160503,18.04598026077408,0.4010786477493637,0.013073725964887303,0.16261756280216336,1.241010404883933
1789206011.2918398,10,0.9777375710864932,18.050177240917215,0.40139009090538313,0.013963672135163472,0.15904412772236493,1.250468392867734
1789206011.3419807,10,0.9787474321588947,18.053963261370075,0.40177480369097573,0.014739829829661285,0.15538057923447687,1.261127260806398
1789206011.39132,10,0.9796562565750655,18.057698406092523,0.40213642050847903,0.01588523809129662,0.15120417117756405,1.2726566625440712
1789206011.441284,10,0.9805713337771385,18.06153345852946,0.4024371541435573,0.01701102037679471,0.1467450000912662,1.2855168127133532
1789206011.5010386,10,0.9811972221614083,18.06394463159651,0.4025242666659459,0.01836968836585734,0.1437910724992618,1.293958761917046
1789206011.551158,10,0.9831575142025301,18.071011910369453,0.4026031723921138,0.021808150813345396,0.1358399893789349,1.3200350560234517
1789206011.602274,10,0.9844991095320855,18.075985968543925,0.4025368522871222,0.02394645471961509,0.13119487723916737,1.3389331346410402
1789206011.6510646,10,0.986039858055695,18.081413442959036,0.40251650224819935,0.02590530755600724,0.1266659281519425,1.3590015492361358
1789206011.6960719,10,0.9875988682430791,18.086696864008683,0.4024196232324283,0.027625342609140142,0.12197196820544472,1.3774894813218979
1789206011.7412066,10,0.9895655045749041,18.092646559985827,0.4021451801167145,0.02806201663239542,0.11659126434194206,1.3979259780541147
1789206011.7917047,10,0.9925271558710516,18.099279726328046,0.40073794810347985,0.030214020904824775,0.1058903928565576,1.4239430977102678
1789206011.841363,10,0.9967050075733177,18.104741437051274,0.39518948183949887,0.04082873700860749,0.08718226068946454,1.4556352561285533
1789206011.8914576,10,0.9979988604201836,18.109142427683203,0.3911010333796922,0.041591176430183896,0.0888472851524954,1.4754820941490427
1789206011.9412878,10,0.9971321822749089,18.114547181491844,0.39212088339243695,0.04247093991997495,0.08755323960615727,1.49247268737483
1789206011.9974647,10,0.9966859609555196,18.117597508194738,0.3930310797940456,0.04154738281665629,0.08579701858567697,1.5007115503158832
1789206012.0458157,10,0.9960620655868072,18.129665858969233,0.39668335889828166,0.037301441109365834,0.08066445181266489,1.528204605412512
1789206012.0917857,10,0.9962706673517066,18.13799055035189,0.3987635477435578,0.03604873093658284,0.07927721575960411,1.542540427143721
1789206012.1411157,10,0.9968592114015287,18.14787051936984,0.4008570086492868,0.03654814602561639,0.07996862180315263,1.5569480655096495
1789206012.1917837,10,0.9977180044485392,18.15840934058864,0.402684486327776,0.03809092033413339,0.08263672200923369,1.5693764668536117
1789206012.2411826,10,0.9987613811410654,18.169371990614714,0.4042302628518758,0.041448737509893044,0.0861395529897039,1.5801315353383025
1789206012.2862315,10,0.9997654594765479,18.17925606076723,0.40540843236563506,0.0449396383596448,0.0894147295250035,1.5878476380928883
1789206012.33185,10,1.000821255715976,18.189738902713444,0.4065502327854683,0.048549183504772664,0.09243414159578728,1.5944873076002217
1789206012.3820982,10,1.0019565826953065,18.20120230802551,0.40764907662017846,0.05181714121486808,0.09484381092062771,1.5996507132555469
1789206012.4319296,10,1.0029990306753285,18.212622574969473,0.4085957436786343,0.0549422748630337,0.09679963650053654,1.6031129933505024
1789206012.495679,10,1.003646585199061,18.220338027629424,0.4092089500781978,0.05694147032919611,0.09798313212687541,1.6046009807478587
1789206012.5417237,10,1.0048841710087955,18.237407950730343,0.4103960889513317,0.0609690847826533,0.09927200932048307,1.6063372966231777
1789206012.5912228,10,1.0054442695416024,18.248430376181684,0.4110062109923335,0.06288416428658236,0.09949614105920102,1.6066984263947894
1789206012.6412437,10,1.0058755209248698,18.259264471931406,0.4114921571332198,0.06450986444972209,0.09945962858723023,1.6066932604012778
1789206012.6914926,10,1.006176518238025,18.269936512735445,0.4119256051063976,0.06554157766811954,0.09894232709901439,1.6064216931433042
1789206012.741752,10,1.0063452712924337,18.280427985255347,0.4122096560072915,0.06625217559217846,0.09827340637438257,1.6056915407663817
1789206012.7917135,10,1.0064395162406279,18.290715594666654,0.41239807714332694,0.06649579048260643,0.09722643393641127,1.604580937994526
1789206012.8413184,10,1.0063935083007227,18.300795000869698,0.4124614453960735,0.06645504425862303,0.09586439004830884,1.603245705740563
1789206012.8910606,10,1.0062752729647184,18.310654187479017,0.41242783231830304,0.06606580203445231,0.0939959432638982,1.6017042466236653
1789206012.9413867,10,1.0061038038696917,18.320320260021166,0.41239471061032573,0.06559960781983236,0.09207730336369742,1.600242389443699
1789206012.9977643,10,1.0059687802493456,18.32601880167786,0.4123734968845638,0.06517427272711854,0.0907553293421622,1.5992901594246558
1789206013.045227,10,1.0055711810716657,18.339812542852204,0.41219388287408426,0.06410117192904534,0.08741278170848855,1.5968255884884237
1789206013.0918758,10,1.0053349265045297,18.348201768622165,0.4120882176390527,0.06329996186124819,0.08510719451023413,1.59537609335203
1789206013.1420894,10,1.0050141799295913,18.357176607459156,0.4119541860412876,0.06260870505684674,0.08294992743838793,1.5942461930852472
1789206013.191099,10,1.0046413559716945,18.36606263867021,0.4117643162836256,0.061651745221849075,0.0804101720608607,1.5930396361663677
1789206013.2410252,10,1.004273132979674,18.374852480392217,0.41160895577527506,0.060881063184832745,0.07809271144842798,1.5919476090799518
1789206013.2920706,10,1.0038812341384964,18.383592897489105,0.41147218590848417,0.05986060019293804,0.07572844511918632,1.5907430210140459
1789206013.3420775,10,1.003458441778575,18.39227803541391,0.41129215163526556,0.058662898420945055,0.07353399166092486,1.5894347084960812
1789206013.3911602,10,1.0031368245594703,18.400894092140987,0.41119811495617975,0.05760217531551928,0.07097404943061604,1.5876814772115082
1789206013.4420102,10,1.0027450690651605,18.409440261609483,0.4109894095412056,0.056158370932059255,0.06847035506155136,1.5854337893963377
1789206013.4981089,10,1.0025633542835222,18.413545369909148,0.4108764047742595,0.055571832717843016,0.06726822983407091,1.5842056698905336
1789206013.5453296,10,1.0015490811062775,18.42738239966756,0.41021170436234067,0.05119801026941386,0.06153818463411184,1.5761431326594106
1789206013.5911882,10,1.0005539149419294,18.435589453997835,0.40936701195040337,0.04753144776506206,0.055355225286969595,1.5677017298154265
1789206013.6413043,10,0.9991646168390382,18.44475016845065,0.40815519475670364,0.043554514947790876,0.048711189904830685,1.557986061980725
1789206013.691679,10,0.9989713664643066,18.453795579176393,0.4082642390273643,0.04351426212141546,0.0476385860374797,1.555449442469507
1789206013.7417138,10,0.9993006143868313,18.462646947615852,0.40845473507904634,0.043971073198940204,0.04711877814872126,1.5555725747673588
1789206013.7911992,10,0.9996478968408429,18.471182683591586,0.4085416091432774,0.044410689664280745,0.04682104600166466,1.5555932076238508
1789206013.842751,10,0.9999202895735049,18.479418343038983,0.4085191837690912,0.04460645178640377,0.046604493386869165,1.5556699849238655
1789206013.8910608,10,1.000125763652081,18.487392001861675,0.40849702709034386,0.04473528902582349,0.046583305015299906,1.5560944483656896
1789206013.9415672,10,1.0002835245447654,18.495137406092013,0.40840396011791275,0.044771925891693806,0.04638088030840152,1.5566839786987685
1789206013.993917,10,1.0003081684212405,18.498755218858623,0.4083869348714813,0.04466397642838398,0.046181585608581883,1.556685991662445
1789206014.041023,10,1.0003997012556862,18.510018788431932,0.4083059865603156,0.0443993988579773,0.04552702269872506,1.5573776738192178
1789206014.0908337,10,1.0004829200839536,18.517297686599324,0.4083130663483082,0.0443013686767048,0.045293452224239715,1.5578593065696174
1789206014.140953,10,1.0005665816747686,18.524551926286545,0.4083013310723211,0.04422357860522133,0.0450419859803509,1.5582599978738771
1789206014.191214,10,1.0006382554332538,18.53178937747132,0.4082781333578045,0.04411017808404239,0.04458680007286142,1.5584847254824423
1789206014.240887,10,1.0007004201824157,18.538980624001642,0.4082911380962639,0.04395547057310298,0.044268068287661444,1.5584618330668518
1789206014.2920325,10,1.0007715626817186,18.54617441646866,0.40835842846108333,0.04381105470182008,0.04426139342297412,1.558510807638086
1789206014.341857,10,1.0008258262744112,18.553390825414624,0.4083670072802074,0.04361891220249411,0.044229338925610664,1.5584800550075437
1789206014.3922167,10,1.0008797046955018,18.560617627225664,0.4083486825962731,0.04338291806100594,0.044092853812373156,1.5582291436560192
1789206014.4418175,10,1.0009618705449375,18.567827358733734,0.40840053346570027,0.043157432590435856,0.044217352123956985,1.557787196180247
1789206014.4966726,10,1.001015308780032,18.572163924001018,0.40844132345145623,0.04304127404160883,0.04426094955013063,1.557682739220592
1789206014.5419967,10,1.001132771101142,18.582263194937347,0.40855212455502476,0.04267306169199877,0.044247883189370125,1.5570853346267657
1789206014.5918865,10,1.0012259674515345,18.58948985166201,0.4085949363994738,0.04233065280099372,0.04431763492370193,1.556399759892658
1789206014.6414347,10,1.0014061290170686,18.596711969754477,0.4086988191728028,0.04230132506703081,0.044572798973608545,1.5559714548315002
1789206014.6915193,10,1.0015737600335788,18.60392059233273,0.40877599545402965,0.0421863491163139,0.0446915155902868,1.5555060830776541
1789206014.7418013,10,1.0017177831622521,18.611103458903692,0.4088650480321235,0.041945551221376685,0.04466911134650891,1.5548296815077456
1789206014.7919073,10,1.0019238531259858,18.618252643003366,0.40894684526346486,0.04185172147170103,0.044886874404378926,1.554086900559545
1789206014.8410223,10,1.0021869034065705,18.625349296378243,0.40905001216120673,0.0419882858613306,0.04513455320461954,1.553674958255268
1789206014.8916397,10,1.0023799808738416,18.632396461094427,0.40914172801473186,0.04190430031268654,0.04521429151946877,1.553058857352179
1789206014.941599,10,1.0025906710432562,18.639403603596953,0.40922016252402926,0.041798507823219595,0.04550321154260422,1.5523667509103316
1789206014.993459,10,1.0027417225601687,18.642733718166753,0.40927499683899354,0.04195791972606947,0.045536243496155586,1.552334381534824
1789206015.0423224,10,1.003067843170381,18.653207371921912,0.40940520117458656,0.04193752877857484,0.04574141557172194,1.5516246579631559
1789206015.0913882,10,1.0032567545807507,18.66002314417483,0.4094756004687097,0.0418214250423099,0.0457127779856347,1.5509918494189427
1789206015.1413531,10,1.0034760243600138,18.66677617289889,0.4095283307505138,0.04186074109876504,0.04598125340606518,1.550657587370066
1789206015.192127,10,1.0037139665095915,18.673404016134928,0.4096214721070436,0.04195332303421039,0.045963436288029735,1.5504266112854026
1789206015.2414076,10,1.0039335086553807,18.67996234549258,0.4096978584731929,0.042033335766205354,0.04586406054590981,1.5500523755268407
1789206015.2915897,10,1.004173803147335,18.68642020297407,0.4097506483978886,0.04219357977168234,0.04601554873462035,1.5499177941261655
1789206015.3415356,10,1.00440391683952,18.692755235317644,0.4098427777423118,0.04234591887780498,0.04582576987887635,1.549876788587535
1789206015.3915348,10,1.0046185538289962,18.699015272646616,0.4099017086944671,0.04244157514092415,0.045620857868025284,1.5495559825377139
1789206015.4415848,10,1.0048389347293527,18.705172257471247,0.4099607625796682,0.04258952544543938,0.04583735665173868,1.5495917988225698
1789206015.5023024,10,1.004948151556736,18.70880753782504,0.4100098805719445,0.042619871262800015,0.04550863412339584,1.5495012266039876
1789206015.5517037,10,1.0052545985143848,18.718358036086723,0.41009422992153316,0.042780234024040895,0.04530578683242155,1.549438082641388
1789206015.6012356,10,1.005462057538006,18.724203632704928,0.41015847612686485,0.042928786190564804,0.04546637006027519,1.5495080048824839
