wall_time,stage_index,x_m,y_m,z_m,roll_rad,pitch_rad,yaw_rad
1789205760.2703028,-1,0.6498148651516358,-0.012191752133800877,0.37583121907264344,-0.0009539001814933692,-0.08262325545502422,1.5718289469661522
1789205760.3171935,0,0.6498119245682191,-0.012176500813985336,0.3758352215293231,-0.0009630589629960637,-0.08260083918364255,1.571837694426289
1789205760.3628309,0,0.6498100824553068,-0.012166970246458476,0.37583774418202254,-0.0009687491053445754,-0.08258695439631704,1.571843110972469
1789205760.4124722,0,0.6498080725676773,-0.012156717307511335,0.3758404137613818,-0.000974964928201412,-0.08257185231476372,1.5718489135527536
1789205760.4628708,0,0.6498060531164168,-0.012146484065640003,0.3758430784480429,-0.0009811390600016226,-0.08255738080623667,1.571854622234363
1789205760.5124114,0,0.6498040442032441,-0.012136984147792051,0.37584549397295997,-0.000987306997149027,-0.08254272760973026,1.571860226612317
1789205760.5630789,0,0.6498020266268577,-0.012126634899711304,0.37584820441202516,-0.0009934870686468017,-0.08252774280208218,1.5718659037452547
1789205760.6132538,0,0.6497999821672257,-0.012116783674743791,0.37585070653964875,-0.000999690542902146,-0.08251327771672926,1.5718714791091781
1789205760.6626077,0,0.6497979601008114,-0.012106998465821544,0.37585320658846355,-0.0010058577821975675,-0.08249888988603155,1.571877049929658
1789205760.713259,0,0.6497959236274997,-0.012097158220168682,0.37585573626854835,-0.0010120336334396342,-0.08248423253023696,1.571882583964701
1789205760.7625978,0,0.649793877118427,-0.012087177677100734,0.3758582838002956,-0.0010182017842806017,-0.08246997606720427,1.57188802135288
1789205760.8125908,0,0.649791849401302,-0.012077353520081309,0.37586077597600304,-0.0010243537159749362,-0.08245583787307499,1.5718934980075876
1789205760.8742175,0,0.649789788763001,-0.012067794832283108,0.3758632024189828,-0.0010305354142808735,-0.08244155449109462,1.571898762966352
1789205760.9231546,0,0.6497873500000023,-0.012056473414172654,0.3758660243317095,-0.0010378872155171494,-0.08242449406452955,1.5719052583209197
1789205760.9731774,0,0.6497852931919167,-0.012046890533799672,0.3758684106398225,-0.0010440293333841522,-0.0824107010245604,1.5719105301225331
1789205761.0231893,0,0.6497832256226582,-0.012037366665860128,0.3758708045521948,-0.001050191309626396,-0.08239682642598115,1.5719155888438514
1789205761.073062,0,0.6501309099397453,-0.009571081759594887,0.3767602916538235,-0.0007374907171121407,-0.08169939430980558,1.5716877318622717
1789205761.1226673,0,0.6518459320867749,0.0028385171344259157,0.3814137385103565,0.001965637817859643,-0.06576013688729856,1.5696715227247704
1789205761.1724906,0,0.6540428814269504,0.02289526302757843,0.38712771439650817,0.0026169274352249414,-0.038331121477441076,1.5678618097081225
1789205761.223377,0,0.6554952431252367,0.04839077526152156,0.3903702465104675,0.0032560750496977795,-0.01619568030101891,1.5687645726512571
1789205761.2864685,0,0.6556885733688629,0.07725788091687832,0.3895535375129251,0.0034452574354575335,-0.0005057947685048776,1.569475519525382
1789205761.3330033,0,0.6541775826673208,0.11434027882168075,0.3850910883400416,0.0006442109974060056,0.017606361395854125,1.5688748535267656
1789205761.3830922,0,0.6518725228462519,0.14617466647118244,0.38245083831128585,-0.0009003526675710078,0.03174576446827455,1.568620650040241
1789205761.4324675,0,0.6494590876981267,0.17837666531006516,0.38397081630644153,-0.003955555287274334,0.044486890609420626,1.570092026915391
1789205761.483257,0,0.6480788414134047,0.21076514957861023,0.3886960980105926,-0.003803450408687983,0.0542650294249619,1.5754173020762003
1789205761.5331445,0,0.648117997772586,0.2428498200555811,0.3934378168524031,-0.000813551798453678,0.06326568194887568,1.5834777354455467
1789205761.5827684,0,0.649043770688995,0.2746467931024745,0.3973309569346952,0.0038839729002229997,0.07038504085435676,1.5917315584859673
1789205761.6323845,0,0.649969556942316,0.3061526688495059,0.3997427555941896,0.008548778295502194,0.07533853757758997,1.5980813119300765
1789205761.6828895,0,0.6500871377585287,0.33699797778815427,0.4001302967618968,0.010529047885327223,0.0788670796310091,1.6001196327800504
1789205761.7330713,0,0.6491975435189111,0.36696005376269053,0.3986680462744731,0.010293893706748818,0.0803635149359814,1.5992127837062713
1789205761.7918036,0,0.6480707907620766,0.39031446001032327,0.39761664703445776,0.009182372797249094,0.08187679614127726,1.5975547698233972
1789205761.8434296,0,0.6460183593680838,0.4302290046279842,0.39759690143331466,0.008325727172074134,0.08489505475393211,1.595349760380089
1789205761.8923435,0,0.6450392288157971,0.45820563238806605,0.3984861939848817,0.009270694901204397,0.08670331376584568,1.5948264973524502
1789205761.9430108,0,0.6445303960379101,0.48575014750174716,0.3992903260983032,0.01069998675662896,0.0869484091453349,1.5942214122187834
1789205761.9929802,0,0.6442942578553605,0.512850246484823,0.39979635181398077,0.012212418647410423,0.08579614967024816,1.5935000528454204
1789205762.0422401,0,0.6441452065013661,0.5342290178288397,0.4000170749338569,0.01294800951502684,0.08500849485761679,1.5927743545648259
1789205762.0873377,0,0.6438336507769081,0.5626564857279878,0.3999357888813835,0.01294820915822985,0.08376181131436651,1.591149766633116
1789205762.1334398,0,0.6435062441957632,0.586523837922461,0.39990953849183475,0.013272374579459437,0.0825171891718747,1.5899995110526213
1789205762.1827435,0,0.6431346793036061,0.6120747895190337,0.4000145342356625,0.01349236174776097,0.08129428792379012,1.5891376140829327
1789205762.2323747,0,0.6425613243475922,0.6329434981773725,0.39765323991912593,0.013175260834466077,0.09695340884430494,1.5892922341815132
1789205762.2861004,0,0.6424693097165871,0.6334436347537826,0.39819420964306207,0.013373452147546448,0.09855090352986635,1.5889264512391634
1789205762.332835,0,0.6421029599872305,0.6300209803767063,0.39741556005442147,0.009606786898088302,0.08531297199374646,1.58795565919805
1789205762.383557,0,0.642170200114904,0.6262166228914351,0.3966797907305476,0.003758519009565152,0.07345117790876277,1.5880635054315273
1789205762.4334786,0,0.642755495778545,0.6219291710359183,0.39628965063301624,0.003679420231586521,0.05805179650980783,1.5887957395225354
1789205762.4825742,0,0.6438800675435014,0.6169470575411318,0.39554040729362533,0.005854879768021261,0.04121144526279363,1.5854386586309919
1789205762.5335374,0,0.6450489864991135,0.6119647332549863,0.3924884395353957,0.009241800000583123,0.023199891259220097,1.5805017723572707
1789205762.5829113,0,0.6453073463351674,0.6079434622720885,0.3842221952821858,0.014423091018959857,0.0016260705787908465,1.5789148969398612
1789205762.6333513,0,0.6444795227723953,0.6058294877450245,0.373143733108086,0.020674859455986055,-0.026131557545609748,1.5770315810912687
1789205762.682513,0,0.6433122612667528,0.6057353370046885,0.3638519952271501,0.02821722076042157,-0.05882123989677005,1.5740239424352878
1789205762.7327693,0,0.6424480459888929,0.6065675938183416,0.3582749910546253,0.03290369968584065,-0.0863035945014821,1.5717194092455764
1789205762.7864678,0,0.641815870493132,0.6074196357767943,0.35678206124277967,0.03470868233603889,-0.10266746636041602,1.5705745550715442
1789205762.8328135,0,0.6396481541730263,0.6097780232417781,0.35737888744838825,0.03113413059628649,-0.12320642370975145,1.5694801894273926
1789205762.8827863,0,0.6366085559435742,0.6129509449822121,0.3586116717295276,0.026858628897891507,-0.1304472226144633,1.572577066414895
1789205762.9329064,0,0.6331848798029732,0.6175809280667898,0.36004460262855753,0.0229859658720884,-0.12690920785974663,1.577114856914933
1789205762.9830825,0,0.629069548207581,0.6242989408830725,0.36106587580929383,0.015665367198477737,-0.11993315685750057,1.5826088273028802
1789205763.0325863,0,0.6247630993731635,0.6330215374171737,0.3623133260085253,0.008445360310946788,-0.10677264480487575,1.5900251396739833
1789205763.08257,0,0.6206615973444796,0.6430117776220547,0.3641922992226659,0.0009013343249650796,-0.08832494015196223,1.5983450043133551
1789205763.1334667,0,0.616122421702393,0.6554799294254816,0.36643835955064075,-0.00821888878426616,-0.07100103009687268,1.6088990621825576
1789205763.183013,0,0.6118084439589376,0.669587906934772,0.36983457959318183,-0.014615965905767324,-0.04944093085586799,1.624489344704913
1789205763.23249,0,0.6071016691343825,0.6848854930519931,0.374228735328477,-0.02285383204120261,-0.031396619551911,1.6408565631657568
1789205763.2868502,0,0.60279799498387,0.6945923634743766,0.379296660595412,-0.02960325885999289,-0.022924593315078283,1.6444466620473435
1789205763.3332467,0,0.5985850419230537,0.7045953628430266,0.38678344281570515,-0.02333297686319084,-0.011045285218017425,1.6642597080150834
1789205763.3831453,0,0.5987055924408706,0.7077826712782886,0.3925270170825587,-0.031107055509293883,-0.024272525476580768,1.6681152711200629
1789205763.4332056,0,0.5986883018320946,0.7098307125104328,0.3955721319743974,-0.045938856215318125,-0.0651031886526224,1.6686398148299182
1789205763.4831378,0,0.5991404647882806,0.7137517651138161,0.39981679808310777,-0.042799709840886435,-0.10888518102945238,1.6699842146207762
1789205763.5325463,0,0.6006177754334954,0.7202814954192736,0.4057576565904058,-0.027189669099421172,-0.14584371661549655,1.6723164546714133
1789205763.58261,0,0.6029696537639335,0.7302433625164684,0.41297918620033686,-0.01217177582509913,-0.17320714015001923,1.6747251436908874
1789205763.6334577,0,0.6058886483323399,0.7435612700878509,0.4206282334293771,0.0015225303059241964,-0.188180723096271,1.6764735943302915
1789205763.6829693,0,0.6090456263734669,0.7593439580883808,0.4275782087845099,0.011468086478055889,-0.19574850052005527,1.6733163738837564
1789205763.7333736,0,0.6128545572941047,0.776580519604531,0.43420412265005426,0.016316335824277096,-0.19805961494900604,1.662916057321137
1789205763.7880313,0,0.6170951533766479,0.7891621686479606,0.4413794033478731,0.032235747760578574,-0.2057899770657732,1.6584974315836765
1789205763.83712,0,0.6241743968206942,0.8101651902610958,0.4563755825794241,0.03719881453878808,-0.23068189219594185,1.6460802450779846
1789205763.8824153,0,0.6302289350417158,0.8273140106453218,0.467587908002705,0.04117038025706259,-0.24251392673910144,1.6299118015292633
1789205763.9325016,0,0.6373686921057589,0.846552737662065,0.4722070416769746,0.04118259573496677,-0.23711450703299972,1.6003386051865451
1789205763.9828908,0,0.6438136721417262,0.8602179321311683,0.4660763626479913,0.05376842619319583,-0.2227606726526951,1.552271352354857
1789205764.0327485,0,0.649375494832971,0.8681109894047533,0.4587152449909703,0.09262989561039622,-0.25626430656344534,1.5339028227858489
1789205764.082924,0,0.6507776902974949,0.8713155231476853,0.4521570403704669,0.10222114191517578,-0.26878454733723656,1.5237429683785475
1789205764.1331005,0,0.6458550035728189,0.8773040146569403,0.4586111831092756,0.0761945404747746,-0.29521336139423987,1.5190519096692898
1789205764.1831448,0,0.6370647974060507,0.8860944558663277,0.4703331853220113,0.048420773406577036,-0.309192475042778,1.5054567919362458
1789205764.2325428,0,0.6283134162146968,0.8980515192897088,0.4781239851863309,0.04074115770629465,-0.28728003658670587,1.4920526138580785
1789205764.2864885,0,0.6238505466827944,0.9114415673151218,0.4817621533695007,0.0354269645231379,-0.2739445755322106,1.4904283452900309
1789205764.3335612,0,0.6237335504788699,0.9344159564108901,0.4886344527613606,0.028390400555323075,-0.25872145935086616,1.4865839887898593
1789205764.382846,0,0.6284994137393487,0.9558895274220975,0.49970688112562833,0.036674226493262296,-0.24886547251515673,1.4851735827590347
1789205764.432814,0,0.6390507160965989,0.9768098752962641,0.5161888069349521,0.0686366774844526,-0.27329074969623357,1.4891611981374968
1789205764.4826212,0,0.6521150722840825,0.9955376488555763,0.53685976640231,0.10520395918699406,-0.3217316845373528,1.4951835251916548
1789205764.5331151,0,0.6664444484703947,1.0114959442703062,0.5606711388404835,0.13471490035937506,-0.3661132452777626,1.4998111413456983
1789205764.5826786,0,0.6812350468546977,1.0236262163279424,0.5841638107061928,0.14423797166860117,-0.374542555510366,1.4807425585118983
1789205764.6333208,0,0.6969623609553915,1.035699501882024,0.6062815464862933,0.14268548392969577,-0.3722317763167659,1.4529921393114889
1789205764.683118,0,0.7144789431576722,1.0483433763397045,0.6191048913996622,0.13554927942415135,-0.36474974282242967,1.4323678851142283
1789205764.7326095,0,0.7303973646466164,1.0573029526907303,0.614623580611379,0.11953790636334767,-0.31125229015390243,1.4133754513797872
1789205764.7895918,0,0.7405289702929584,1.062768601962696,0.6049972495093222,0.09765059303643868,-0.25353302773606845,1.4044435345809316
1789205764.8369405,0,0.7559654530730785,1.0623931696129612,0.5954175155394292,0.15720912480998397,-0.2907073884541738,1.427087135151648
1789205764.8833668,0,0.7590832500610648,1.0631321264799056,0.5962919877034559,0.13941542512964877,-0.29681149381906696,1.4399925002616252
1789205764.9333966,0,0.7565141380019722,1.0715394956607232,0.608086412235546,0.09211570614031575,-0.3181903322870013,1.4421138213636355
1789205764.9831398,0,0.7486964193155856,1.086084520232603,0.6233118849549254,0.06249922333665565,-0.3370958477645691,1.4394218857221701
1789205765.032712,0,0.7397125122118613,1.1050699671147854,0.6323720250463843,0.05117522869959305,-0.32175541291159915,1.429887924532215
1789205765.0826952,0,0.7325908152038928,1.1278852839338827,0.6357920256004647,0.049118631164973406,-0.29116343380891857,1.4309211990690711
1789205765.1332068,0,0.7327290374066404,1.1488159911092737,0.6416905601052596,0.05232526270520517,-0.2902846736463676,1.4382040518350518
1789205765.1831646,0,0.7410252510506302,1.1644306548461512,0.6554742646862252,0.069682143289599,-0.2946045345735728,1.4395340831009225
1789205765.2330804,0,0.7545346345391442,1.1784445210004941,0.6752339726446139,0.10500937985525902,-0.31908433484884585,1.4399691554588179
1789205765.2869465,0,0.766674033959823,1.1895225583339482,0.6929242366989757,0.13498275315019514,-0.35885697424666185,1.4447361503902971
1789205765.3328168,0,0.7861331920356796,1.2051513493228407,0.7179845117579083,0.1654917234679561,-0.41550713804721634,1.4492594887671946
1789205765.3835728,0,0.8021713158533768,1.2137342234698705,0.7372297875894043,0.171141400125901,-0.42528619191735056,1.4292785527468048
1789205765.4328742,0,0.8179717203135326,1.2196945270788362,0.7570376243478703,0.16900263869132187,-0.4289520648336152,1.4141613104971829
1789205765.4827952,0,0.8356927910555858,1.2252814579037512,0.7705648648949858,0.17000983059691843,-0.4287467579504743,1.4067676872042234
1789205765.533368,0,0.8499312716930882,1.2285688620625,0.7727802302800855,0.1384922078449605,-0.3923227553129332,1.3939930758892376
1789205765.582429,0,0.8605815042667302,1.2308747784887926,0.7593515377745366,0.08699081648164696,-0.34349607471993115,1.3973341823332603
1789205765.6326551,0,0.8731990781768528,1.2311856055973434,0.7371144430197124,0.12012079758045696,-0.31477231855319254,1.3977432633830282
1789205765.6830418,0,0.8808539898545914,1.2302200337308704,0.7293630040773297,0.14347575822917036,-0.31390908164053827,1.3995720601324015
1789205765.7332227,0,0.8799709432497792,1.2301808299268857,0.7355641859048477,0.11927146495790675,-0.31845790497434634,1.399648810898371
1789205765.7895005,0,0.8756648633083925,1.2350373816989233,0.7452500345326902,0.09547957869765197,-0.3376734407380394,1.3939527791242476
1789205765.8376036,0,0.8630326205657549,1.248435442821381,0.7629638757834327,0.053337473792169104,-0.36310070081903656,1.3820274344917316
1789205765.886959,0,0.8530691538389161,1.263565365918488,0.774386103200381,0.031005769472658092,-0.36731829514029257,1.3747317084914707
1789205765.9324467,0,0.846515130807548,1.2812139514597827,0.7814652264378111,0.031027523220649174,-0.35597032201109907,1.3730803781931242
1789205765.983056,0,0.8443620796077341,1.303904904641896,0.7874183184471379,0.046847305458304074,-0.354071741073554,1.3863656572355867
1789205766.0325809,0,0.8508243950480977,1.323491703602414,0.7995993095552686,0.06460706154743437,-0.3601800256198151,1.3942222115763494
1789205766.0824025,0,0.8624443748672479,1.3424341601638226,0.8182068518993059,0.09079003566765022,-0.3726722515247747,1.3963549037686618
1789205766.1274323,0,0.8757465891170276,1.3617006386141535,0.8373238452356376,0.12048774502175287,-0.3969855291610541,1.3972913918156988
1789205766.1727374,0,0.892505265526392,1.3855582116954264,0.8569809365084412,0.15103808441945563,-0.4329678994539594,1.39821110599351
1789205766.2224824,0,0.913310122992311,1.4126731372513834,0.8755862689232063,0.18530652392299926,-0.46760418892305505,1.3932015507384443
1789205766.2675734,0,0.9303274340699468,1.43045186344279,0.8936795524049839,0.18146941481353102,-0.4499702566309536,1.3672131814414719
1789205766.312806,0,0.9469613337489594,1.4465761928775973,0.9161407650643644,0.166370573527806,-0.4349668794534276,1.350243135841501
1789205766.363232,0,0.965616826532614,1.4631477159608541,0.9302856851378576,0.14459181669463644,-0.41199515888362015,1.3324456114003258
1789205766.4123962,0,0.9805417858868033,1.4754473879541192,0.9276683483979292,0.1076221792552697,-0.3502444461687535,1.3290891267956084
1789205766.462725,0,0.9914004948438772,1.4862887908124898,0.9215836158269877,0.04547066898274663,-0.25586557119424297,1.3292164641930828
1789205766.51317,0,1.0068386402845269,1.495858829697106,0.915681796126021,0.08303328997484954,-0.24901373084346956,1.3523270250085835
1789205766.5627973,0,1.0183772889666483,1.500648011788095,0.9091882408564791,0.09300358204749914,-0.23976098152291378,1.3717829830437807
1789205766.6131246,0,1.0211444892737078,1.512805294552589,0.920790414747396,0.08164949080293861,-0.2538486934041598,1.3790980816756369
1789205766.6625736,0,1.021766252881714,1.5285042977610275,0.9338273873797919,0.10929809875855728,-0.29196305939318584,1.3913914635414941
1789205766.7130435,0,1.0284262652224352,1.5409342259250607,0.9526285366140737,0.13826875618855577,-0.34844544830722346,1.410822204396512
1789205766.7623036,0,1.0369952959236606,1.5524325798210068,0.9781162731559602,0.13936140543671485,-0.3607852569505466,1.423516029552012
1789205766.813064,0,1.0473412179386616,1.5689565393062705,1.0063306270683012,0.1334535977964339,-0.38654501455332696,1.428742970355526
1789205766.8627057,0,1.061264986426341,1.5916891492964214,1.0326964190636243,0.15034993072073133,-0.4302651814175288,1.428064621557258
1789205766.9133294,0,1.0776114702986943,1.6155898671746771,1.0543433608274597,0.16600053670557435,-0.4557633369840795,1.4192216698123787
1789205766.96266,0,1.0934877262801685,1.6354962385837541,1.071647742007273,0.14059444118950323,-0.43494323753876535,1.3861969847121411
1789205767.0133905,0,1.1091790717753527,1.6550963838479527,1.0842259521213227,0.1213946996285405,-0.42230386379057644,1.3684011233073756
1789205767.06253,0,1.1225737394996944,1.6697764870605518,1.0812498430371686,0.09663239784751308,-0.36811839759025283,1.351214319887696
1789205767.1131222,0,1.1299742732522486,1.68271889601426,1.0717148489386525,0.044148104399021185,-0.27971145048500723,1.3471349298901918
1789205767.1629696,0,1.1369710584330888,1.6979254967376285,1.072339631429344,0.04829365729390905,-0.22405354802817132,1.349376125221178
1789205767.212678,0,1.1402917636875354,1.7164825691491183,1.0858757544351891,0.03712103468487979,-0.19691833667231115,1.3460441686116402
1789205767.262514,0,1.1412095575514458,1.7417072601261598,1.1058579154572705,0.04905884118312169,-0.20619568294975305,1.3386084962900306
1789205767.3129947,0,1.1404750547780975,1.7724185529009926,1.1271781958659874,0.0683662514838349,-0.21944518245142108,1.3336706355428996
1789205767.362942,0,1.13813080574179,1.8070311376824286,1.1465875876325236,0.06674184288763943,-0.20702066448718826,1.3384847587488304
1789205767.4134552,0,1.130257819427243,1.814449875480774,1.1614662682661545,0.028633219682104978,-0.17376022138207936,1.3240251134622554
1789205767.4624624,0,1.1274308433081373,1.8068151498518157,1.1708799204789493,0.036866637408816384,-0.17166459836372877,1.3206261067753746
1789205767.5130594,0,1.1240988248068233,1.7962222580884062,1.1899825675934297,0.060446466207255724,-0.20509044715403416,1.3311887827731137
1789205767.5627217,0,1.1189661568100988,1.7874751973737801,1.204571663643794,0.0684445279911337,-0.2566286389768839,1.3305799673074443
1789205767.6130042,0,1.1131621098613216,1.780980901297876,1.2008136166112724,0.06036511659671134,-0.31460620773137343,1.3337261529465159
1789205767.663211,0,1.1130464018272017,1.7793844260407434,1.1882432559773695,0.08962336637105914,-0.33137703423240605,1.3641868773350356
1789205767.713444,0,1.1105948505852097,1.7782927910532116,1.173867792991577,0.09849136173612463,-0.31432741701000233,1.3764109962188433
1789205767.7631161,0,1.1053631061792937,1.7855543893087424,1.1752759042733107,0.09719952713169996,-0.29186510466679516,1.3751896718642305
1789205767.813149,0,1.0980451032914817,1.8008611102442036,1.1843923462626789,0.09891380114953886,-0.2840591340950193,1.3784659736203422
1789205767.862983,0,1.0886539562327422,1.8202955417355071,1.1975064663738542,0.09059104482321464,-0.2969701101823563,1.3763736223098533
1789205767.913368,0,1.0763568304403421,1.844078659802213,1.2168166099571303,0.06148675916054956,-0.3261055849808439,1.3770466892452042
1789205767.9633298,0,1.0614007131187821,1.8719152976367353,1.2356136614210709,0.025503709611150664,-0.3342639313526904,1.378519730523535
1789205768.0134087,0,1.0459600518446397,1.9008858116892506,1.2394427353706279,0.022720813814012225,-0.3174380361520013,1.380139994518273
1789205768.0626888,0,1.0382196085212712,1.9253722266933848,1.2431266199465993,0.04239597908503886,-0.296796510336127,1.4070168146656679
1789205768.1133826,0,1.0424836797247166,1.9418808200385174,1.260570374457783,0.05714743606595464,-0.32511659552162375,1.408778280773183
1789205768.163399,0,1.0512059118998702,1.9581513185567772,1.2856667310372683,0.09150151003243895,-0.3616382431738798,1.4049347604688252
1789205768.2131157,0,1.0624808642747237,1.9783934784471664,1.31058370761399,0.12608700184807184,-0.4029806685390177,1.4082268253397832
1789205768.2630403,0,1.076561170061995,2.00200877827693,1.3286076340746187,0.15615743384450856,-0.4484105952514735,1.4081742092892202
1789205768.3134475,0,1.0907622976187337,2.0219216799944926,1.3408212165865763,0.155693749000891,-0.45216188005007835,1.385080545569559
1789205768.3634021,0,1.1029089869386028,2.0374882409309256,1.3554636187983173,0.141877742300448,-0.43942006066078215,1.373763441590805
1789205768.4130213,0,1.1129340577300424,2.0513155797112606,1.3743171470236002,0.1213106899022962,-0.4269165840799615,1.3688738242392724
1789205768.4626994,0,1.1236508396220273,2.0630468679927363,1.3841693466580836,0.10779024307300493,-0.3937083378249954,1.3632492897241906
1789205768.5130389,0,1.1308649800741977,2.0694827883542755,1.374565913394316,0.08753621724989277,-0.3242399040619472,1.3603086145407153
1789205768.5633488,0,1.1381619107911833,2.075676617816421,1.3470735729913141,0.1046193165322966,-0.2927541082279753,1.3643453290285672
1789205768.612882,0,1.1435097193770378,2.077427361887576,1.3380676426218643,0.13918216659629012,-0.3173578786472077,1.3600633529443946
1789205768.6626558,0,1.1425341418101485,2.0843950489616896,1.3473183570499307,0.10856822950901376,-0.35351552140024867,1.3436517899387235
1789205768.7131855,0,1.1366674488273547,2.0955612389467535,1.3675998790134698,0.0566013883516731,-0.3734088736145895,1.3147726976462473
1789205768.7631207,0,1.1285205878627746,2.1110120592614448,1.3844994186589124,0.026881995596435736,-0.374182364342547,1.279983664525533
1789205768.812413,0,1.1269324936207128,2.1187666150087656,1.3975107790755488,0.08033944818566056,-0.391919882026087,1.2818242248721556
1789205768.862992,0,1.134755515727609,2.117284319802522,1.4163007119576978,0.12382515520633577,-0.43877741642649204,1.2819602802359742
1789205768.9131663,0,1.1458948252615642,2.1147794675714824,1.4373176904648215,0.15637426084482026,-0.4601791940534496,1.2807558823378424
1789205768.962613,0,1.1596385688609467,2.1169140027564284,1.4553713672517439,0.19264176426731144,-0.5005084086049084,1.2782798628155658
1789205769.0123868,0,1.1764005354695612,2.1237918021768665,1.4690876987534573,0.2248625578396821,-0.5347561592678954,1.274100083386079
1789205769.0622182,0,1.1933921919901382,2.135783343618697,1.4797746424381466,0.22498082018954108,-0.5382540768737597,1.266502415633271
1789205769.1127799,0,1.2094174466154097,2.150839099470327,1.4882922540991108,0.183007055445699,-0.4998421906373719,1.2723856834278957
1789205769.1626143,0,1.223032730253257,2.1694240519828667,1.494225761785715,0.11390735162568626,-0.43121580989648545,1.2810299998615373
1789205769.2126052,0,1.2345049170064784,2.1931916282707133,1.496825613269388,0.07800429150926626,-0.3559025599129037,1.2882368820934866
1789205769.2622983,0,1.2467919712937516,2.22144312748315,1.5018463078604405,0.11916107701767162,-0.3117147746255359,1.290578905629747
1789205769.313565,0,1.2574450893067675,2.2540811732242743,1.5104325547107116,0.1327431896250798,-0.2693089133562748,1.29091223779338
1789205769.3631215,0,1.2649044090278763,2.2892782551013933,1.524660476958218,0.118719735799107,-0.25458004990155697,1.2814184335619614
1789205769.413153,0,1.271073850525495,2.3260504769602095,1.5397014966594662,0.10680946744279801,-0.2243892363455021,1.2728082920719643
1789205769.463076,0,1.2719848051456617,2.3625377165939008,1.5507700257061408,0.09277776520843573,-0.21366487102409595,1.2690635956354208
1789205769.5126212,0,1.2719865377093138,2.3845018478834756,1.5595866713044668,0.09833789750215631,-0.2612817000183102,1.2900349022364594
1789205769.5631225,0,1.278360845477353,2.389395344105038,1.575705554259046,0.1466488595007977,-0.30025021961571985,1.32124813984931
1789205769.6129107,0,1.2874836131606235,2.3887106659956823,1.5966767142702927,0.167300127365674,-0.33777705742910175,1.33738516530589
1789205769.6625915,0,1.2971743747847775,2.3882547265830683,1.6155948417089936,0.19143335741694636,-0.39085950882798814,1.3510611102446721
1789205769.7127619,0,1.3086571302149934,2.388024582956264,1.6270517464855498,0.2146497061633699,-0.43689819305387334,1.3677225351987914
1789205769.762798,0,1.320286051054771,2.3854490216418975,1.6308027767394058,0.22299846359110811,-0.4526061230848758,1.377983157737817
1789205769.8135235,0,1.3279452657621131,2.3804891499689296,1.6331029428166044,0.2104081278622844,-0.4468739127247412,1.370455452157499
1789205769.863042,0,1.331591698015642,2.3757424786555847,1.6321415363088958,0.18003561994499218,-0.4353642489017078,1.3771000533060374
1789205769.9133158,0,1.3315502368042045,2.3746643308559605,1.6271870532853683,0.11766684709833598,-0.395654803787401,1.393504508264675
1789205769.9627457,0,1.3296311495482924,2.3783171061771218,1.6266482872566885,0.06895997358972344,-0.3479946907714254,1.4148143760412035
1789205770.0124586,0,1.3291381306914736,2.386446313176622,1.6352664933253436,0.06770570850316075,-0.3147018088965344,1.4314731311583901
1789205770.0627034,0,1.3275034826467385,2.3999911316890734,1.6458276642510408,0.08452125973132654,-0.284832620678746,1.445932405604559
1789205770.1131122,0,1.324078238251446,2.4163172098614876,1.6556092915227705,0.09249794255896851,-0.2612763670096977,1.4444095644923172
1789205770.1629617,0,1.3184355723532368,2.4356374634799995,1.6689618644324078,0.10565427062546545,-0.26118226799238325,1.4333085210550764
1789205770.213467,0,1.3109389051791709,2.457612174433581,1.6851630235449875,0.09640802776133366,-0.2479598609825057,1.4184871668518881
1789205770.263377,0,1.3021954159104858,2.4826089789796475,1.6965801972556815,0.07829551102192359,-0.21435747198617475,1.407481928356997
1789205770.3134813,0,1.2884137841634882,2.508993822464074,1.6971272741857681,0.07316851118149109,-0.23022507078121807,1.3982823260267048
1789205770.3629725,0,1.2735052441939336,2.5318839811038543,1.6889778773451325,0.08746190013140166,-0.23430312503516837,1.4166558022018647
1789205770.4128056,0,1.2607163632934801,2.5549050869493195,1.6892227771704127,0.06590107155566051,-0.20593146584166416,1.4443986119310424
1789205770.4624033,0,1.249103292428442,2.581596400411587,1.6973867896330195,0.03149944044292255,-0.17844153199844046,1.4648505195935944
1789205770.5129364,0,1.2381912234192884,2.6145591043280425,1.7113409929997474,-0.004136422322223222,-0.16187307249621777,1.4811457078858443
1789205770.5631924,0,1.2276658236707918,2.6515498216254527,1.7255119209148018,-0.03396662235643837,-0.14040258337312986,1.4927149070089325
1789205770.6131883,0,1.2168381035540063,2.6846840571009754,1.7429157615810067,-0.06470820995678742,-0.096406542626838,1.4665712847477959
1789205770.662413,0,1.2067198428118702,2.716804356951576,1.759328797762378,-0.08792219918443034,-0.057993769201009654,1.4537419931113973
1789205770.7133236,0,1.1981355172811852,2.7454539965695117,1.7674989545900408,-0.10306890527313334,-0.029591019964135826,1.4357891096224629
1789205770.7634134,0,1.191807628532314,2.7707871074055004,1.765956890631682,-0.09677575006934871,-0.0080944841365458,1.4336893912767565
1789205770.8129032,0,1.1879367079908754,2.7904727428622382,1.7557346302040981,-0.0571103402514209,0.02010551313838053,1.4556612557352056
1789205770.8632143,0,1.1890278794602687,2.804479477366386,1.7369297913732153,0.007351875585205141,0.02950491254067306,1.4870617577387852
1789205770.913344,0,1.1905019535127397,2.8201752608366792,1.7262870364166771,0.026990543090443922,0.06556207522547483,1.4867235525846778
1789205770.962932,0,1.1924026661144917,2.8393278984139374,1.7242103994361946,0.04802106723897957,0.07542420822602247,1.4692793777174336
1789205771.0133274,0,1.1893248474148268,2.8580267484907678,1.7234897534654507,0.035984311116356915,0.044715470080599326,1.4556874315875539
1789205771.0628335,0,1.1880165705426697,2.869032861069029,1.7256642914737417,0.0626592386259127,-0.0012710492060692808,1.4870780011999107
1789205771.1127646,0,1.1864956832167064,2.87303849321776,1.7351508997199803,0.07131079230621698,-0.015656198143220022,1.503466744249968
1789205771.1634073,0,1.183149925278379,2.874817288742493,1.7510124546126336,0.058682638805184435,-0.004078407078346963,1.5060878601287069
1789205771.2131953,0,1.1773850984133984,2.8811311152618835,1.7680763588327877,0.04348714112182803,0.003516671050110103,1.5019443340407477
1789205771.2626336,0,1.1703040743008075,2.8936624787445826,1.7826076077736648,0.046710807149636394,-0.01274215372661949,1.5015166803447273
1789205771.3125062,0,1.1617614083251366,2.909927725223834,1.7968837152003343,0.036092858279146385,-0.022850423036231037,1.503317519304175
1789205771.3624775,0,1.1516100430961833,2.928922126348903,1.8107592696489285,0.013669785439109038,-0.024707741495167742,1.510121898059049
1789205771.413207,0,1.1390295623962667,2.9507850517434093,1.8201176535611046,-0.025010496579733556,-0.012236995091280947,1.5187493807099184
1789205771.4628422,0,1.1278365128230385,2.974526832723162,1.8223663695778853,-0.02481820913535023,-0.004235176460974943,1.5236858040265495
1789205771.5127227,0,1.1149268484426749,2.999630089919182,1.8217997728169137,-0.01407549872896027,0.0057571774015003725,1.5258175645033227
1789205771.5635207,0,1.1005605627670068,3.0268890661200603,1.8198958543433166,-0.010168357525631555,0.018875728870175926,1.522071156997195
1789205771.6134813,0,1.0858323132154442,3.0558545298967332,1.8198375444887602,-0.02238573575015094,0.02197787302277607,1.5096597254859008
1789205771.6626573,0,1.0718658232696174,3.0838334207427525,1.824282190309229,-0.03901144025221731,0.021704615557471458,1.5102959126028705
1789205771.7128425,0,1.0621587064216509,3.10809825848541,1.8277249198037724,-0.035144524121647557,0.03741845183763245,1.4987927163375716
1789205771.7626889,0,1.0542106427388036,3.1285678983679928,1.8344688723981872,-0.03206073346017927,0.045570260970345784,1.4775367600945941
1789205771.8129199,0,1.0458875663856328,3.146338928034264,1.845544794968625,-0.03148333857354649,0.030017404998398486,1.4538442175345996
1789205771.8630548,0,1.036622434786865,3.1634847318294597,1.861191079700457,-0.03461077375340427,0.014665044385467157,1.4254636530801392
1789205771.9130552,0,1.0309786780633048,3.179820506436048,1.876418819811062,-0.025320995811143564,-0.01049403580583521,1.402278061280766
1789205771.9629886,0,1.0296597312537772,3.1950520798122315,1.8750396969748238,-0.009163776591924685,-0.05455757585976007,1.3841435303931844
1789205772.0130448,0,1.0250185991341352,3.2130418317904486,1.874168404125038,0.0008560666340434942,-0.09008236709979277,1.3679473426092665
1789205772.0629618,0,1.0149083973130393,3.2348127632705013,1.8784592547607448,0.021348622286157203,-0.12075664413163914,1.367156512729831
1789205772.1126442,0,1.0019154671831736,3.2609260603179266,1.8881907512584841,0.021720230951117067,-0.13566483961468093,1.3737449476338108
1789205772.1630924,0,0.9894292215246512,3.291837629881073,1.8985974892283384,0.01771958513888595,-0.13284900428154753,1.3796055667131666
1789205772.2134259,0,0.981436538572578,3.322025976101874,1.9037303794873663,0.02411465214712834,-0.0993550803103633,1.4156954483875994
1789205772.2623868,0,0.9734543881332944,3.3500984722234475,1.9098616328332982,0.01636705904860312,-0.08240948796910508,1.4599279232096605
1789205772.313255,0,0.9642586212471236,3.3779044953972455,1.9206987947223997,0.020441526026245112,-0.0687624305042504,1.4964135123068585
1789205772.362724,0,0.9513855664841052,3.4029437877687654,1.9345127030597022,-0.014601043300049524,-0.02426760340776734,1.5041288297044666
1789205772.412444,0,0.9343037975255598,3.4258688740465333,1.9385090431405045,-0.06842229955664339,0.004151620810936506,1.5004402317988403
1789205772.463207,0,0.9198930623643133,3.445753309809162,1.9362199677389504,-0.09318750921857528,0.001791716655145194,1.4953048833809675
1789205772.5136223,0,0.9067554467356648,3.4642355394464492,1.9312656684454683,-0.10272602051645825,-0.006115488586673468,1.5063112479913907
1789205772.562638,0,0.8944888623345431,3.4808678896516483,1.929629955934818,-0.10962675817737169,0.011606919659670744,1.5292485355277632
1789205772.6128855,0,0.8834370363954159,3.4975081473057172,1.9321969176029077,-0.11413499056050848,0.03008869347923934,1.5485737285288623
1789205772.6624765,0,0.8732595050297367,3.5160862017099013,1.9383731104992092,-0.11221181384830821,0.035540546771152925,1.5596663857792754
1789205772.71305,0,0.8628794738680122,3.5377579640460195,1.9466528960548162,-0.10464584846449121,0.02353861703718973,1.5565967401235594
1789205772.7625122,0,0.8527618104897057,3.56309591795296,1.9541463533503258,-0.09820517065130678,0.0033181502739750286,1.5400447434239801
1789205772.8131888,0,0.8470459106920543,3.5890933633766298,1.9526228381169852,-0.06859735154917669,0.017216879907214766,1.5285140388414695
1789205772.8630142,0,0.8415365120812279,3.616029777241524,1.9524765999159608,-0.040269815561353096,0.03448419515641103,1.5260535115746692
1789205772.9128058,0,0.8357353229878186,3.6448833441478983,1.9619489865674515,-0.023903902014900155,0.03549687234961698,1.5260183609607891
1789205772.9629147,0,0.8297413723599544,3.674565914738522,1.9789854599943135,-0.03593779000804388,0.043671513761700385,1.5237574246270182
1789205773.0126996,0,0.8244077506747857,3.7050720052804698,1.9893434297460915,-0.03559294220371811,0.04876856255802672,1.521591470300092
1789205773.0624754,0,0.819269018697703,3.7357733063056124,1.9908307344179947,-0.023327966044917305,0.05906533417827884,1.5201435412148436
1789205773.1124866,0,0.8142870562486768,3.76684774598717,1.989604460627467,-0.013896760432618482,0.07236068284132793,1.5157973279473713
1789205773.163274,0,0.8072239454782508,3.797632944703326,1.992275915638172,-0.031110214579963776,0.06111302966309052,1.507867144935256
1789205773.2127836,0,0.8019016315617691,3.8269211191524586,1.9963215254863316,-0.03423130322002412,0.07293989379568447,1.5146301186516313
1789205773.2624297,0,0.798488323290647,3.8567353789736796,2.003444138739789,-0.0339216243970241,0.07809654685934422,1.5250424830364597
1789205773.3130882,0,0.795298121633135,3.886685709795859,2.012121874460067,-0.03688096659178526,0.07947551522799744,1.5339651910882661
1789205773.3634994,0,0.7918962746389191,3.9159887757519347,2.0166944247960727,-0.04224710358367504,0.08192272153821407,1.5390418180249734
1789205773.4128435,0,0.7883253118682088,3.9443039234611583,2.016317186366618,-0.04841752159677117,0.08545616964366835,1.5397369378066657
1789205773.4624476,0,0.7847317112661979,3.971901488366696,2.0158028564375043,-0.05463325986646041,0.08899129187125995,1.5398335131894445
1789205773.5130851,0,0.7815061730740596,3.9990276503305022,2.0171656118234944,-0.06071634694796737,0.09080569935510732,1.5417456815141444
1789205773.5626388,0,0.7790165559113661,4.025782927695216,2.0192038315678538,-0.06520608338064068,0.09070248592697136,1.5450997604136414
1789205773.6130478,0,0.7772286086718161,4.052205554075679,2.020951823273751,-0.06821214995288684,0.08937566032469083,1.5484548792212056
1789205773.6631749,0,0.7760752697047848,4.078304932140278,2.0224130219574556,-0.06964348261166471,0.08810191917844384,1.5513199504046977
1789205773.7135627,0,0.7753512865171539,4.104033956062089,2.0232297027717214,-0.07106660603776192,0.08661379847189013,1.553664129575733
1789205773.7633095,0,0.7749478457125921,4.129441163482504,2.023742315053288,-0.07214639977660921,0.08581527269933367,1.555062467929265
1789205773.812811,0,0.7747989442827594,4.154566738338176,2.0239156144689585,-0.07283846068036953,0.0857461024435128,1.5557010728866625
1789205773.863226,0,0.7748424311914301,4.179400161863286,2.023702115851092,-0.0736170613450014,0.08517497001507049,1.5557869240844124
1789205773.9135785,0,0.7749234565822805,4.203945095585505,2.023422768629685,-0.07404605687984113,0.08428682954170308,1.5556719747582664
1789205773.962806,0,0.7750328796544985,4.228276955715889,2.0232427382235847,-0.07417072465236114,0.08328170831877295,1.5558670197876552
1789205774.0125978,0,0.775127704034469,4.252410157982598,2.02314297027927,-0.07440922715096812,0.08278362478770662,1.5563367959275833
1789205774.0631828,0,0.7752416578472066,4.276387880447657,2.0233147249500165,-0.07445677167287042,0.08147768591263488,1.557202851239724
1789205774.112815,0,0.7753796032863576,4.300223863876825,2.0236306862438687,-0.07453152633696856,0.08049725231704011,1.5580367900474683
1789205774.16336,0,0.7755889120290745,4.323923500980589,2.0238341107803066,-0.07399136217660636,0.07941334196377131,1.5592224800369696
1789205774.2124798,0,0.7757923757155841,4.347452147950739,2.023954113555318,-0.07366974871665731,0.07828892328582131,1.560689234005457
1789205774.261257,0,0.7759427045474703,4.369906028214625,2.024040202747107,-0.07355792007821697,0.07733220339529218,1.5620714095698875
1789205774.306543,0,0.7760641587204247,4.391333071087493,2.024003280546057,-0.07376838427305103,0.07601585985762127,1.5631467619435533
1789205774.3568628,0,0.7761714130653354,4.414470565209263,2.0236723750695886,-0.07391949614203099,0.07471976144134725,1.5636507976218261
1789205774.4068592,0,0.7761651253704498,4.43751309260733,2.023264971479179,-0.07437168636971295,0.07413315647673754,1.5635993870608755
1789205774.4572299,0,0.7761275678450232,4.4604629635072035,2.022681311241792,-0.07486182843304372,0.07362759348037523,1.5634558518904145
1789205774.5072873,0,0.7760107491349425,4.483311746565245,2.021873203518908,-0.07569828639911369,0.07411133764615722,1.5626636583742448
1789205774.5572207,0,0.7758225573999016,4.506088744333616,2.021315344778399,-0.07634454292016492,0.07335452658119947,1.5626287134560586
1789205774.6069129,0,0.7755592176448033,4.528813990468903,2.0213355883636437,-0.07686891759059487,0.07301226602918023,1.5627792214325213
1789205774.656595,1,0.7753468501726735,4.5515995890582515,2.0217175928869784,-0.07718699431509822,0.07235698866270661,1.5636255531871182
1789205774.7071276,1,0.7752740890719659,4.5744552288585085,2.022199129593168,-0.07704429882036652,0.07277444140034334,1.564434025077606
1789205774.756978,1,0.7753252447121518,4.597352061638762,2.0223977675343123,-0.07703975045005572,0.07274507598803628,1.5651823145283743
1789205774.807072,1,0.7792045535537495,4.618382941970194,2.021360762172938,-0.06514594627664153,0.08593460286849311,1.5662962027785468
1789205774.856788,1,0.7888596506927382,4.635156511042584,2.0191270380752555,-0.042235929106665154,0.11272552963287084,1.5641427933836807
1789205774.9070864,1,0.8009608153665528,4.648206629670303,2.0163557135256345,-0.01607552244842698,0.11908713169391048,1.5622181707000524
1789205774.9567811,1,0.8128894483820565,4.6571237703383,2.0149638428886427,0.0012521085542400781,0.11856830406073625,1.5618810270518226
1789205775.0070648,1,0.8220038562360087,4.6616488194165315,2.015630291990123,0.010300065262813452,0.12234617001609358,1.5574793540459029
1789205775.056706,1,0.827491610775473,4.6621733890790455,2.0170345652710253,0.015482296607505918,0.12212766114956818,1.5529088225624883
1789205775.1072044,1,0.8293852064087739,4.659275447200197,2.01827459626332,0.01570784394526738,0.11581637513496011,1.5494559824148133
1789205775.1569548,1,0.8284907710786186,4.653193935378705,2.019266658018686,0.01341737720083974,0.1064003763096843,1.5469339530062811
1789205775.2070339,1,0.8258831237159906,4.643871941791706,2.0201737092005922,0.007702378418510197,0.09637863123692735,1.5453545683663303
1789205775.2565086,1,0.8224838921614752,4.631597251330016,2.021023934585097,0.0018755790831420812,0.0827429916211462,1.5437142770704233
1789205775.3068204,1,0.819137886220001,4.6166631867034775,2.021709264390268,-0.001964304216283732,0.0650661268040637,1.5423649934949322
1789205775.3573914,1,0.8166218831517262,4.5995092551052075,2.022042226967833,-0.004437705545367684,0.04601110122952899,1.5418409466606091
1789205775.406674,1,0.8153647183097181,4.580678742337039,2.0213676984775963,-0.004949225639159356,0.025240876233201752,1.5419656686275436
1789205775.456355,1,0.8153210787887346,4.56085350501264,2.019686955139106,-0.0027385216999529956,0.004545927317305257,1.5424192866695274
1789205775.5066545,1,0.8161185943685235,4.540745373925978,2.0169600400556345,0.0009746711343350165,-0.016282577696843045,1.5427283974395245
1789205775.5576217,1,0.8174070095208886,4.521081078286769,2.013151559918614,0.005763035237217635,-0.03551669475957497,1.542464777882186
1789205775.606917,1,0.8187861394355751,4.502433760394738,2.0084396489768213,0.011048069402488963,-0.05344561199114794,1.541440057288298
1789205775.6566317,1,0.8199162764245422,4.485344788776176,2.003456089825553,0.015260214410223152,-0.06975140914174506,1.5398773403656436
1789205775.7067518,1,0.8205034892927174,4.470151879732694,1.9985723761486738,0.017660692532166244,-0.0854321265401452,1.5387273722528807
1789205775.7569163,1,0.8205190487614219,4.457313383601666,1.9941729546835631,0.018773653259289143,-0.0990282242120996,1.5383581195900733
1789205775.806398,1,0.8201497475691232,4.447048197434085,1.9904010561453822,0.01878249671816333,-0.11165586629176982,1.5381017691330758
1789205775.856603,1,0.8195981889079174,4.4394187560365905,1.9876135220972084,0.017963364925657515,-0.12161948525696767,1.538122736262398
1789205775.907123,1,0.818948935523226,4.434403135736371,1.9859341403013524,0.016695122164751188,-0.12859757035345803,1.5380942664506396
1789205775.9572232,1,0.8183468396603428,4.431856384506301,1.985310277754686,0.015299474467980852,-0.13312908710353633,1.5380641333279788
1789205776.0069551,1,0.8179872459837212,4.431384622663614,1.985438820759781,0.014285223054558292,-0.13493214408325568,1.538233584227907
1789205776.0568545,1,0.8177045018102498,4.432297096497278,1.9859808560327634,0.013397433404529339,-0.13425649082895333,1.5383162646017592
1789205776.1066563,1,0.8175261931796682,4.434157895387675,1.9868351017799049,0.012649461358860995,-0.1324215028779774,1.5385165470434263
1789205776.157293,1,0.8174589365299108,4.436615252547538,1.988016403784906,0.012146129925520582,-0.12921897333137158,1.5387088244905371
1789205776.206802,1,0.8174187934348248,4.439494477278319,1.9894335626047284,0.011742839472310676,-0.1250187873573207,1.5387928188469333
1789205776.256665,1,0.8173295526243074,4.44262791383204,1.990910098025321,0.011284870829802849,-0.12048929653308803,1.5387166238896846
1789205776.3068552,1,0.8172101686400576,4.445727536184211,1.9923710958237508,0.010827425656528448,-0.11563506273782742,1.5384782519360185
1789205776.3567066,1,0.817093733189304,4.448711020376512,1.9937765074852032,0.010389226446149051,-0.11060668527347067,1.5382298514885013
1789205776.4073892,1,0.8169928643980143,4.4515674351147885,1.9950431187198812,0.009981831731083595,-0.10584360395000743,1.538008736003305
1789205776.4570465,1,0.8169107126261834,4.454269565309925,1.9961525511154563,0.00961183396092702,-0.10145579760763353,1.5378254977100596
1789205776.5069973,1,0.8168450131912068,4.45677825257451,1.9971341149405317,0.009280979987627601,-0.0974039295785469,1.5376769232813066
1789205776.5562027,1,0.8167950417135975,4.459063695135459,1.9980110523824743,0.008995025474235323,-0.09367001413877857,1.537556086702261
1789205776.6069205,1,0.8167610526375798,4.461114793295471,1.9987857531921869,0.008756803665229126,-0.09029246353777826,1.5374612633042284
1789205776.6564748,1,0.8167417692871011,4.462929288492327,1.9994564817038967,0.008563158868379937,-0.08730692704288459,1.5373922013928862
1789205776.7016258,1,0.8167345796915999,4.464330495704536,1.9999631215205498,0.008424028402207403,-0.08500373630324283,1.5373513954456437
1789205776.7470038,1,0.8167324622782874,4.465602403907763,2.000412747851171,0.008298540727078123,-0.08289858547861342,1.537327477167199
1789205776.796903,1,0.8167325292383874,4.466767894051041,2.00081483266708,0.008179655497643785,-0.08094176949096778,1.5373189798934275
1789205776.8473654,1,0.8167326435062144,4.467718111802147,2.0011345914348255,0.008080911712496051,-0.07931077835235044,1.5373214119207785
1789205776.8970754,1,0.816729760991728,4.468467939386686,2.0013803162911428,0.007995003247891522,-0.07798082647332462,1.537323494840913
1789205776.947386,1,0.8167226634019554,4.469035065189825,2.001559557888398,0.007917120026524898,-0.07693052476417132,1.537321927019001
1789205776.9966877,1,0.8167121692514119,4.469437859309525,2.001680358762115,0.007847411023769738,-0.07613460991614338,1.537317432922265
1789205777.0472517,1,0.8167022029337893,4.469703561445671,2.0017600149216648,0.00779385013015551,-0.07553932600178538,1.5373146623620833
1789205777.0965126,1,0.8166931358246369,4.469893515587026,2.0018144181963597,0.007751043843855894,-0.07509573861691976,1.5373130280975653
1789205777.1465602,1,0.8166840462702588,4.470051139639603,2.0018563514970826,0.00771173865750318,-0.0747247070464272,1.537310731721245
1789205777.1969285,1,0.8166750952736259,4.470194527555203,2.0018933077288574,0.007674474079606987,-0.07438847108338693,1.537308152018327
1789205777.2466483,1,0.8166663880114717,4.470331093621349,2.001928458833158,0.0076387619043481025,-0.07407166678751151,1.5373054371082508
1789205777.2965379,1,0.8166579567515494,4.4704639166544835,2.0019630532902037,0.007604361927591693,-0.07376762907444886,1.537302648329687
1789205777.3470595,1,0.8166488723685579,4.470611048073491,2.002003235545892,0.007565297731827681,-0.07346199183308458,1.5373065033599687
1789205777.3967679,1,0.8166392000279727,4.470763759373298,2.0020460648736798,0.007523826927424971,-0.07315231282470427,1.5373111281954583
1789205777.4471836,1,0.8166296744601405,4.470916299921485,2.0020893446843013,0.007483029368241456,-0.07284696535277892,1.5373151946475014
1789205777.4967442,1,0.8166204309578513,4.471068476614838,2.0021328823184694,0.007443231361843125,-0.072547210294769,1.5373191453218658
1789205777.5466402,1,0.8166114601439699,4.47122007319526,2.0021765294352893,0.007404422100355858,-0.07225263078490875,1.537322964438076
1789205777.5964913,1,0.8166027544821293,4.471370895716465,2.0022201442175307,0.007366610805566548,-0.07196340635376715,1.5373265381245336
1789205777.6473281,1,0.8165943019053028,4.471521027081332,2.0022637169714708,0.00732973645161921,-0.07167895078802024,1.5373299049439233
1789205777.6968534,1,0.8172039046777767,4.473646687017281,2.0042687097572465,0.008077161841952884,-0.07256241190753371,1.5377138444842273
1789205777.746915,1,0.8188378142035021,4.482222212468446,2.009982908657749,0.009230569295399926,-0.06308513297367435,1.5386842201373394
1789205777.7933471,1,0.8197798160409908,4.488057357100823,2.0132774950854953,0.00975896453911681,-0.053591253336038015,1.539109665761135
1789205777.8411655,1,0.8228970065267466,4.508244767643568,2.0235517536144494,0.012325463576755269,-0.02205810555488126,1.5403251555275843
1789205777.886543,1,0.8246874372274271,4.52242757013278,2.030098252205575,0.01378166380585512,-0.0023910060593317255,1.5422943533321585
1789205777.9373047,1,0.8261719857403272,4.538026366957218,2.0363008763408734,0.014685698295144916,0.01680731172840051,1.5454597495434124
1789205777.9869454,1,0.8271875517921391,4.553317709404282,2.0413463614682144,0.014474450161149061,0.03274823516535734,1.5498509538699894
1789205778.036489,1,0.8278487095856915,4.567921781201239,2.0450545231966117,0.013516653854462567,0.04558746271358513,1.5553872604632324
1789205778.0874448,1,0.828202132660525,4.581475583226002,2.0474002968319414,0.012785760630506909,0.055520716117306225,1.562393066571539
1789205778.136625,1,0.8282726484480609,4.593785563510513,2.0485972384571434,0.013392113530366689,0.06310417121675899,1.571056730815048
1789205778.1865807,1,0.8281768122992496,4.60468157098326,2.049152090315276,0.014843387314226377,0.06875022409438344,1.581200126260515
1789205778.2373319,1,0.8279151624756511,4.614104779517732,2.0493678388336387,0.01552406621803656,0.07217902708158933,1.592646053794464
1789205778.2885358,1,0.8275709596138551,4.619745083456294,2.0493354126220886,0.015192834842425498,0.07318445668607962,1.600941029413827
1789205778.336459,1,0.8265075880145679,4.629070655134341,2.048932973483159,0.014561627242933906,0.07318175504560744,1.6186726689816462
1789205778.3874044,1,0.8254363881074606,4.634872048257355,2.0484516937434467,0.014174211667044936,0.07205095938188535,1.6335709748471299
1789205778.4368932,1,0.8242148695707128,4.639759548769883,2.047853995757148,0.013849099378499015,0.07017446406481881,1.64998958046747
1789205778.487117,1,0.8228819479459446,4.644087459771775,2.0472802633586995,0.013589299414454283,0.06740256550028713,1.6667008676234534
1789205778.536459,1,0.8214337543784598,4.648017583117156,2.0466495264278812,0.012661410208468945,0.06473111671198237,1.6832476395078968
1789205778.5873888,1,0.8199145681042289,4.6515223152041765,2.046049742757354,0.011309064255510804,0.0627098494819781,1.699819343623526
1789205778.6366174,1,0.8183297343786313,4.654733572978288,2.0454227229720416,0.010121784626228678,0.060469561803975336,1.7155091841223378
1789205778.687124,1,0.816718963547375,4.657846837912467,2.044834193993951,0.008674832612461878,0.05811254439093409,1.729734144625488
1789205778.7366154,1,0.8150906729687386,4.661015745714827,2.044251763778245,0.007499487428783827,0.055888640096542014,1.7423033173029034
1789205778.7916496,1,0.8139639342506088,4.663253694805425,2.0439002079703625,0.00621927024777436,0.05485805203594918,1.7496569325014157
1789205778.8369462,1,0.8117954718744316,4.667808245409913,2.0432138180092076,0.004122373471326362,0.05318724915046624,1.762425488155212
1789205778.8871775,1,0.8101892235392109,4.671302575736464,2.0427905926970134,0.0030024550027416643,0.05278604827088231,1.7706614671924346
1789205778.9369376,1,0.8086434328156279,4.67494557486613,2.0423222602151263,0.002001550157696508,0.05256152752572408,1.7776472083526147
1789205778.9865754,1,0.807107286637554,4.678788100230514,2.04178682078048,0.0013060222751995181,0.052278068534606766,1.7830159232589013
1789205779.0366817,1,0.8056417529959201,4.682892387897719,2.0412803232709806,0.0009816665478035677,0.052397647903555666,1.7874218786009592
1789205779.0872416,1,0.8042631061036825,4.68721084278643,2.040767201402682,0.0009546288009344335,0.05263817073782493,1.7908464842866691
1789205779.137381,1,0.8030036790734998,4.691810557710157,2.040138495622166,0.0009905219957151265,0.05274086522452788,1.792729949979013
1789205779.187792,1,0.8019554015911486,4.696570611439361,2.0395614332942595,0.0012964935584989712,0.05355970032947743,1.793531628124833
1789205779.236678,1,0.8009528221440405,4.701535848260065,2.0389611030870887,0.0015840746604215204,0.053572886620408176,1.7933572486376528
1789205779.2901275,1,0.8002951682958038,4.705046487598238,2.0386534371930756,0.0018985269296445848,0.0539576942814668,1.7930969267964376
1789205779.3368149,1,0.7989317889272055,4.712071191797614,2.0380585401489384,0.0026216548754145487,0.05409319685121536,1.7915262565126817
1789205779.3875983,1,0.797712714260412,4.7175230918529465,2.0376477015560344,0.0029257183761901145,0.05418254075935126,1.7893338183796315
1789205779.4365993,1,0.7964140986936443,4.723100766974638,2.0374276614737163,0.0032637908868740646,0.05425105519779584,1.7863166195627584
1789205779.4866502,1,0.7950375009602266,4.728804477639237,2.037254104768793,0.003444206470073137,0.05435602562570678,1.7822400079346068
1789205779.5402863,1,0.7938093866004123,4.733908856673636,2.037167793830435,0.0033177214187263245,0.05398544873464052,1.7776169858422743
1789205779.586736,1,0.7923016113465209,4.740585718961194,2.0370750261851254,0.0035672035467984235,0.053527659301002846,1.7708262815661582
1789205779.6366732,1,0.7909787617801147,4.7466377607584045,2.03709965230183,0.003663935637797553,0.05302086031670128,1.763391100199816
1789205779.6868782,1,0.7897688141442839,4.752910205181659,2.0371480497249435,0.004350172113026139,0.05201491355198684,1.7550690279949896
1789205779.736319,1,0.7886609806975969,4.759392833133454,2.0372468003685094,0.004362758694800026,0.05129535905642197,1.7454908590109959
1789205779.7936177,1,0.7879417846515842,4.763868955184371,2.037357373410397,0.00419124863473408,0.050390886888600925,1.7381043247131833
1789205779.8407075,1,0.7866257048754721,4.773520232115198,2.037663161296634,0.00387696519175945,0.0490824531479745,1.721475787164728
1789205779.8863559,1,0.7858652998257497,4.780131516479526,2.0379541737792892,0.003714345880102097,0.048172908014026336,1.7091379238890547
1789205779.9314187,1,0.7852431769261712,4.786667998582032,2.0383494759628933,0.003429081403434952,0.047226883018222136,1.6962796752611788
1789205779.9774368,1,0.784697631506902,4.793801031501121,2.0388522616895073,0.003073880115729899,0.04636372741393917,1.6820757767134957
1789205780.0264716,1,0.7842859276289111,4.801799325067536,2.0395388602755675,0.0027416312979666084,0.0458834060973876,1.666911117274097
1789205780.0772228,1,0.7841398560807461,4.810028915055728,2.0402894316565643,0.003077060680894646,0.04580173360726904,1.6522842906926456
1789205780.1278954,1,0.7842354052900045,4.8186061405456,2.040926472462287,0.002599903925963876,0.045818471392775346,1.6388177937321016
1789205780.1778996,1,0.7844853976738785,4.827339491118406,2.041643006779777,0.002679982200630452,0.046097275300058284,1.626058496992835
1789205780.2275968,1,0.7849510290863323,4.836295107757552,2.042238722487926,0.0030238100684573384,0.04668284770399279,1.614766397086606
1789205780.2884214,1,0.7854701648111627,4.844297280431927,2.0427635120093495,0.0031740455973841737,0.04710993384137998,1.6055635798978132
1789205780.3372552,1,0.7864380860353906,4.856410106328313,2.0434769124925825,0.0042742261139177284,0.048088600186413366,1.5938030389958413
1789205780.3869877,1,0.7872924729088873,4.8657046789075356,2.043943730956171,0.0049193519895073335,0.04923625653716485,1.5863459539080045
1789205780.436401,1,0.7882459003218836,4.875027638994961,2.0444210857233958,0.005515110188506485,0.05032552548411724,1.580076108757957
1789205780.486646,1,0.7892254553096762,4.884391328066921,2.0448181939665164,0.00664417879017976,0.05131803685376434,1.5748783628431469
1789205780.5364282,1,0.7902225247454899,4.893733548297004,2.0450748834850363,0.008033772489191177,0.052405937889071566,1.5708270835445455
1789205780.5867193,1,0.7911366711156865,4.903057115987706,2.045367411480658,0.00894752885504239,0.05361484822435389,1.567523840887068
1789205780.6365833,1,0.7920443737734568,4.912379841514732,2.04560729804039,0.010210562333858605,0.054245624283045996,1.565262164046616
1789205780.686354,1,0.7928255901580025,4.921642445701998,2.045780294671066,0.011381681898227096,0.05530836251316977,1.5637586098397893
1789205780.7372444,1,0.793507373689924,4.930866605236338,2.0459785446246213,0.012544926702350932,0.05584022082984202,1.5629648149407807
1789205780.8012788,1,0.7939002204508941,4.937102729392971,2.0460312419097657,0.01320841654870855,0.05661685154382735,1.5627902641567097
1789205780.8475401,1,0.7947193933951666,4.950887661583282,2.0461080983749063,0.014782277142584292,0.0572268165500257,1.5629698731089872
1789205780.8973224,1,0.7951122402648712,4.959834163982078,2.04610950004122,0.015443797615546739,0.057801652631774586,1.5637474743681292
1789205780.9472966,1,0.7954398827686028,4.968685168409587,2.0460952430217603,0.01597766071645148,0.05806970939710007,1.5647287500084135
1789205780.9969938,1,0.795624241918282,4.977492640820779,2.046005402650109,0.01618103351116425,0.058386459356780475,1.565937606384488
1789205781.046626,1,0.7958037510081067,4.986222740414472,2.045977994148404,0.01642322758639443,0.05836834265225547,1.567319115790434
1789205781.096649,1,0.7959400244005911,4.994886461953177,2.0459131087473628,0.01654222607570107,0.058597178536814676,1.568733778946658
1789205781.147263,1,0.796007520870774,5.003474211624214,2.0458698674689555,0.016505629770967166,0.058835179947327884,1.5703912168544862
1789205781.197351,1,0.795995880355426,5.012003976586668,2.045825833814386,0.016303393505070877,0.05899588118655508,1.5720374685215468
1789205781.247144,1,0.7959479814272525,5.020469768824649,2.0457565443255454,0.016091061444535384,0.05884773573298245,1.5738114907615028
1789205781.2969818,1,0.7958582764903283,5.028888897160153,2.045682483693689,0.01581095353793185,0.058679024769941864,1.5752732849610973
1789205781.3470817,1,0.7957598486653045,5.037286713018218,2.045616368003873,0.015487010926479961,0.0585023857022596,1.5771661754436517
1789205781.3972445,1,0.7956301929017011,5.045647876649856,2.0455783004127976,0.015140296968548012,0.058611892750321935,1.5790072339862706
1789205781.4468958,1,0.7954894546164145,5.05395806893783,2.0455331344221195,0.014820092892277136,0.05877109434384615,1.5806466249181559
1789205781.497625,1,0.7953426899793948,5.0622081920014725,2.045471718356767,0.01466954078875598,0.058896225730936135,1.582069300734516
1789205781.5468748,1,0.7951877482088441,5.070404691958774,2.04541136185928,0.014590285803937064,0.05875602879060017,1.5833468434386615
1789205781.5971272,1,0.7950271703993892,5.078550243682862,2.045338928278162,0.01450165415705371,0.05863021665799101,1.5848112816279676
1789205781.6465123,1,0.7948358377972872,5.086654670168272,2.0452460074324414,0.014434474381638545,0.05845513671437133,1.5861932342553287
1789205781.697191,1,0.794592283984018,5.094735086039664,2.045190481548367,0.014127817303299057,0.05849782296249388,1.5872259622458507
1789205781.7465467,1,0.7943334908640353,5.10281482935834,2.04511190062826,0.013877331566410064,0.058188023258643785,1.588158385994919
1789205781.804511,1,0.794207549163615,5.106684296312734,2.0450831067426813,0.013734313720871706,0.05839515067933317,1.5885226715075718
1789205781.8511703,1,0.7936867136426456,5.119517341281148,2.0450426769221,0.013067635887559157,0.05820375020605131,1.5893883531982285
1789205781.8975017,1,0.7934511799817338,5.1268863039743025,2.044991163774411,0.012950340220651104,0.058122520453326755,1.590161085097627
1789205781.9463158,1,0.7931829692842592,5.134885901226676,2.0449777423662066,0.01269875816688067,0.05817559481584305,1.5906364956566263
1789205781.9972272,1,0.7929133923062353,5.142880258675883,2.044950430821269,0.012412476094868473,0.05788198354572646,1.590935421119097
1789205782.0469801,1,0.7926511306562574,5.150874531603198,2.0449225643105144,0.012154551833413066,0.05764661524588363,1.5911075466413134
1789205782.0973442,1,0.7924016003882907,5.158881904407349,2.0449065142167733,0.011957567232188812,0.05759482941300379,1.59128760486783
1789205782.1473083,1,0.792190388003595,5.166907494992705,2.0448696215064794,0.011853697388885259,0.05763769645043965,1.591506751261776
1789205782.1970985,1,0.7919869382760655,5.174932771708348,2.044829425091039,0.011795055291829126,0.057564319760300596,1.5917313976892387
1789205782.2475271,1,0.7917807805820218,5.182961685688077,2.044800255015372,0.011718220268121398,0.057398439453692426,1.5918027215875747
1789205782.2966802,1,0.7915698112648745,5.190996507073569,2.0447886227876397,0.011606372561468131,0.05739544659624539,1.5916549971148128
1789205782.346543,1,0.7914100301472691,5.199061912421331,2.0447588438122986,0.0116005631012352,0.0574886002117089,1.5915826416717673
1789205782.396543,1,0.7913062657210396,5.207148076205141,2.044716186900897,0.011771623313291865,0.05767079088870682,1.5917186286594356
1789205782.4472458,1,0.7912200773467034,5.215251238795088,2.044674339069067,0.011976356286906712,0.057714253005627575,1.5917972816272172
1789205782.4964366,1,0.7911296724401974,5.223361457434494,2.044658243142396,0.01209757862297012,0.0576191618960047,1.5916607034132804
1789205782.5474398,1,0.7910403655922065,5.231497250505161,2.0446712001617953,0.01224788634643866,0.05767487553675712,1.5915896262236466
1789205782.5964334,1,0.7909707075129564,5.239676847759821,2.0446695860635433,0.012408305507142055,0.05773314924381591,1.5915177011324937
1789205782.6486888,1,0.790934336415896,5.2469152611338545,2.044628392744487,0.012662584654588378,0.05787717828133407,1.5916990587105713
1789205782.6968603,1,0.7908436512286962,5.25611585810405,2.044618878842838,0.012868755554793226,0.05800217138749988,1.5917480519514964
1789205782.7473383,1,0.7907399161632045,5.264323268777561,2.0446185877676073,0.012977556286789602,0.05814412767337772,1.591729653449514
1789205782.797059,1,0.7906196047964964,5.272546536908459,2.044633284641506,0.012977637957370102,0.05826986384351475,1.5915272709356816
1789205782.847472,1,0.7905192333506943,5.280780525879172,2.044632223433688,0.013075692856576731,0.058358898976016996,1.5914726132892785
1789205782.8964567,1,0.7904701954703512,5.289021589822829,2.044583451133731,0.013361432618282628,0.05816320116734192,1.5915900500225717
1789205782.9468896,1,0.7903715890710868,5.297269844419535,2.044582278892111,0.013495706741239717,0.058414440839209644,1.591487581947316
1789205782.996892,1,0.7902922239499035,5.305526422856658,2.0445804007156605,0.013693845503288527,0.05849595342257958,1.5915829071742422
1789205783.0472553,1,0.7901929468828255,5.313759833391475,2.044613815204742,0.013786178800127231,0.058616840405191835,1.591497408508204
1789205783.0969944,1,0.7900944198805628,5.32198983511745,2.044627680684032,0.01388255412496551,0.05859368567903121,1.591370685352367
1789205783.1473002,1,0.7900031799747013,5.330216760996419,2.04462204036297,0.013983105235870553,0.05853085261217236,1.5912890679041356
1789205783.1965098,1,0.7898974322369582,5.338438586612252,2.044620918502805,0.014065317715100108,0.0585824684549181,1.5911932115963752
1789205783.2471497,1,0.7897799338090324,5.346645388649328,2.044595973180653,0.014136232635623946,0.05857538881162525,1.5911838284362279
1789205783.2969894,1,0.789631701511775,5.35483087755368,2.044606574279535,0.014104673143509067,0.05852440960219623,1.5910977092250462
1789205783.3469143,1,0.7894888143435292,5.3629814998815615,2.044640068559288,0.014073629076570865,0.058534604380933324,1.5908868622453083
1789205783.3972862,1,0.7893295100244521,5.3711528296455295,2.0446345329290776,0.013950321420312722,0.058440620003517574,1.5905808461813877
1789205783.4469395,1,0.789201433227816,5.379335782329103,2.04461548538446,0.013939289275562348,0.05836100561192248,1.5904261942301563
1789205783.4973247,1,0.7891121835106285,5.387502871540112,2.044603648833211,0.014091945100207212,0.0582192273263784,1.5904744080400415
1789205783.5471914,1,0.7889808403600127,5.39564436435497,2.0446280743544984,0.014030625936011634,0.058448299940935956,1.5902226883536754
1789205783.5970147,1,0.788861140555346,5.403792076118072,2.044618137547671,0.014036619358571265,0.05842486283863013,1.5899793813246608
1789205783.6468668,1,0.7888030313040109,5.411928201041198,2.044609254421929,0.014174314678171698,0.05828545596677757,1.5897227737303734
1789205783.696499,1,0.7887618654732946,5.42006620330929,2.0445927070080474,0.014371649099823983,0.05803960945607915,1.589598314612439
1789205783.7415435,1,0.788732932244875,5.427242270340872,2.044586052448526,0.014577488898339796,0.057864574226184885,1.589581662907756
1789205783.791443,1,0.7886761191574845,5.432127303953303,2.044590345081645,0.014585566974193493,0.05785502484873772,1.5893705795124708
1789205783.8368979,1,0.7886284596366238,5.442893534788685,2.0445642388401604,0.014849991435097864,0.05762726310123987,1.5891632553645798
1789205783.886897,1,0.788612613950598,5.451047571791342,2.044560211962126,0.015067686100912877,0.05750019659213274,1.5889402852103118
1789205783.936935,1,0.7885497941492747,5.459204406675629,2.044548773225266,0.015131969637979869,0.05747599920446229,1.5885777155714027
1789205783.9868248,1,0.7885346398740767,5.467360778372776,2.044547690147234,0.015361419092993862,0.05734323435580913,1.5884773257441989
1789205784.0374193,1,0.7885325786077032,5.475526049169702,2.0445243761139062,0.015619049779029517,0.05736211297189863,1.5883806417519049
1789205784.0874145,1,0.7885202420760976,5.4836943828812075,2.0444979635145013,0.015823221996173743,0.057444339845553374,1.5881339409919468
1789205784.1365542,1,0.7885031425471376,5.4918722460607,2.044442551270662,0.01602920160942187,0.05740964943914909,1.587937111297814
1789205784.1870027,1,0.7884777873778889,5.5000670225015185,2.0444326848145615,0.01620970028574655,0.05737214640147134,1.587752987677897
1789205784.2369058,1,0.78844930942327,5.508268357615441,2.044434086633212,0.01638972524131098,0.057345321951272815,1.5876459046077105
1789205784.2965834,1,0.7884289166521462,5.513863006884284,2.044447681024167,0.01651989492164544,0.05758903682141403,1.5876152640798733
1789205784.3468242,1,0.7884064635061854,5.526338055107103,2.0443991462593196,0.016852178853630547,0.05740574310501687,1.5874021017979354
1789205784.3970015,1,0.7883872201112327,5.534551884285252,2.0443564504338294,0.017045351690930417,0.057633937454074566,1.5872253953526134
1789205784.446694,1,0.7883656872145217,5.542767255654225,2.0443269780525406,0.01724374318040335,0.057718500202951835,1.5871084480421207
1789205784.4964883,1,0.7883555214348843,5.550969199498882,2.0442945257844554,0.017440890009580733,0.057630240837856055,1.5869607262270773
1789205784.5471025,1,0.7883416868034089,5.55917107410626,2.0442806179317916,0.017635111155117036,0.05746322944356632,1.58686761357103
1789205784.597131,1,0.7883121929686091,5.567386197554945,2.0442589179370225,0.01781820582746388,0.05747316400485976,1.5868429565867992
1789205784.64734,1,0.788273519010534,5.575611427809991,2.044245539762615,0.017954260238222535,0.05756492094783487,1.5867162600264544
1789205784.6969757,1,0.788245562424168,5.583839325168519,2.044221519600403,0.018129637632305278,0.057711919554601164,1.5866240188659644
1789205784.7469594,1,0.7881760231017304,5.5920670283374445,2.0441922018649086,0.018179728098245418,0.057681013017483414,1.586478440832242
1789205784.793545,1,0.7881614978216163,5.596009615586191,2.044210057385201,0.01828025360351256,0.05750974786890728,1.5865727835024617
1789205784.841031,1,0.7880266113505724,5.607530303391862,2.0442045200361485,0.018262506547462167,0.05759134264763304,1.5863321488740663
1789205784.8871698,1,0.7879116873453234,5.615132078337267,2.0441964719819783,0.018125431758911664,0.057790685404788,1.5860788275941395
1789205784.9366927,1,0.787796335313669,5.623381818652262,2.044159078867569,0.018041890737169438,0.057915310071464686,1.5858801645524805
1789205784.9868667,1,0.7877106863940078,5.631611716409628,2.044115858040214,0.018052467632319887,0.05786558797371768,1.5857048985039404
1789205785.0367668,1,0.7875874547488803,5.639823039200432,2.0441256747205783,0.01792758569962464,0.05780632296986426,1.585459898718182
1789205785.0863936,1,0.787493128323773,5.648046115908017,2.044140801727685,0.01792662520284252,0.057801153865917505,1.5854147292513394
1789205785.137295,1,0.7874081126524816,5.656275764512945,2.044126374406138,0.01792991157674333,0.05790430510402633,1.585299933302545
1789205785.1870468,1,0.787315479237449,5.664509800990891,2.044098831947003,0.01785161320957387,0.058067652651695695,1.58500290855313
1789205785.2365012,1,0.7872499077565329,5.672730796267084,2.0440576579806136,0.017888714491249146,0.05809868081940417,1.584800673897136
1789205785.3002155,1,0.78718077462902,5.678301351807399,2.044069517136705,0.01783636292436594,0.05792547121785346,1.5846389004137345
1789205785.346569,1,0.7870301618218966,5.6907880279943495,2.044045427708449,0.017672749878039885,0.05800091686979507,1.584277887135319
1789205785.397395,1,0.787006580190425,5.699009612912128,2.044027433260625,0.01784256687096039,0.05778946010228348,1.5843474176130257
1789205785.4475849,1,0.7868829673078679,5.707237038303997,2.044047884354041,0.017708790502305068,0.05809849401295237,1.5840714544636287
1789205785.497354,1,0.7867715840920512,5.715475730494179,2.0440580401290784,0.017577099097033085,0.05826609752569406,1.5837589520824433
1789205785.5472372,1,0.7866985313428825,5.723713484792517,2.0440509886660805,0.01754918215477983,0.058440924273572344,1.5835901456820398
1789205785.5972192,1,0.7866410693909686,5.731953067430108,2.0440181613905515,0.017588028399286193,0.05828621091136891,1.5834939205761547
1789205785.647261,1,0.7865189628071578,5.740189862134548,2.0440391128810274,0.017442094561185548,0.05833441767971673,1.5832674308224257
1789205785.6968424,1,0.7864433259405074,5.748421434113133,2.0440298298308557,0.017465111533253835,0.05825011853537172,1.583243826283564
1789205785.748555,1,0.7863776358558152,5.7556517030690975,2.0440206857921037,0.0174723128884976,0.058358302900135946,1.5831908028120005
1789205785.7966633,1,0.786293931900186,5.764829397154982,2.044000882356312,0.017447245610000536,0.05836780445360165,1.583093817914321
1789205785.8471408,1,0.7862017839326854,5.773024064692845,2.0439783901037116,0.01742832821124089,0.05836191362783695,1.5830287587833616
1789205785.8964145,1,0.7860617785755702,5.781231576980282,2.0439986610834673,0.017239633754679518,0.05830298064166644,1.5828034050510187
1789205785.9471698,1,0.7859934199385789,5.789461707055564,2.0439758533079186,0.017245002431261966,0.0582069586242636,1.582701443800849
1789205785.997452,1,0.7859425561004567,5.797693471936268,2.043970884279703,0.017301371901257735,0.05819380016809246,1.5827235615158528
1789205786.047305,1,0.7859018130878362,5.8059213023778184,2.04397143963379,0.01736279672844911,0.05822162323079475,1.5826173633239748
1789205786.0965614,1,0.7858443247967061,5.814143524053557,2.0439535672274447,0.01737097971746893,0.05821551094460513,1.5824883845246946
1789205786.147138,1,0.785778334284666,5.822369568237231,2.043951236202839,0.017367198647646354,0.05822469957563386,1.5823729682500753
1789205786.1971214,1,0.7857409728679976,5.830604285783756,2.0439476395665035,0.017440891286233478,0.05815399858483014,1.582286258085277
1789205786.2472136,1,0.7857219225502148,5.838850343389506,2.04394016326924,0.01756784202214218,0.05801413273108244,1.5822653983243284
1789205786.2966294,1,0.7857248918531754,5.847105467110991,2.0439373200609205,0.017770053774363612,0.05799139262675736,1.5822698423443717
1789205786.3472579,1,0.7856563688540263,5.855344550159037,2.043946787011931,0.01777053072664559,0.058202621811344515,1.5818918072104518
1789205786.39673,1,0.7855373647648397,5.86358149622729,2.0439513729992598,0.017585751945474293,0.05824661574766059,1.58155821905259
1789205786.447446,1,0.7854676493351506,5.871840168397516,2.0439383920762384,0.01755368742489377,0.058203478604891626,1.581417779150028
1789205786.4970913,1,0.7854593095927629,5.880118452598973,2.04391099424779,0.017684877699503745,0.05808843269081476,1.5813443063918982
1789205786.546846,1,0.7854644207079473,5.888406322560236,2.0438925059450823,0.017852055176394183,0.0581334964076264,1.5813096280626482
1789205786.5972643,1,0.7854566390668121,5.896680466672316,2.0439061361033497,0.017973561904874,0.05818111608107099,1.581168467867453
1789205786.6468585,1,0.7854256063271221,5.904938257628313,2.0438920042912767,0.01803751255708329,0.05816563625926459,1.581067410378581
1789205786.696675,1,0.7854055982852385,5.913198013328814,2.0438885438538206,0.018153407990850388,0.058029360923478844,1.581008017211927
1789205786.7468345,1,0.7854168329325674,5.921456500132437,2.043838861045767,0.018320472769232883,0.05781010646973206,1.5808641199440256
1789205786.802982,1,0.785414670954025,5.9254108466594,2.043861717396741,0.018382481057337308,0.058021579984105245,1.5806591345180065
1789205786.8507593,1,0.785299725712919,5.938634625513408,2.0438503347386687,0.0182883064086259,0.057958408555016966,1.5802998561022186
1789205786.896613,1,0.7853000551175169,5.946240768404209,2.043855023824955,0.01838955324440366,0.05806163040216365,1.5801635319098302
1789205786.946685,1,0.7853108266999073,5.95452457740995,2.0438601592055043,0.018531091717678565,0.05806212047235322,1.5799918928142
1789205786.997298,1,0.785302395953868,5.962826405065132,2.0438057843050266,0.018609200792358335,0.05799501862269447,1.5797352585659907
1789205787.0470836,1,0.7853226237380442,5.971138244381496,2.043754799704057,0.018792859849789335,0.05792097694649338,1.5795946283985238
1789205787.0975888,1,0.7853581149882296,5.9794509099612885,2.0437317558628507,0.019013533236293012,0.0578597076754909,1.5794952877813577
1789205787.146823,1,0.7854104461220248,5.9877546145122915,2.043734587744554,0.019271276955334246,0.05793338605893459,1.5794205541998838
1789205787.1976154,1,0.7854334239606663,5.996058959599266,2.043740185662944,0.01942122082338156,0.05812174883469248,1.5793299059383048
1789205787.247235,1,0.7854351599966073,6.004374545326769,2.043736744197018,0.019523779725294458,0.05815499754524867,1.5792800299725995
1789205787.2972796,1,0.7854407586635159,6.012698419343518,2.043681982598058,0.019656940115931828,0.05814226232499126,1.579167984924599
1789205787.3472786,1,0.7853775939146981,6.0210110473059615,2.043668577014239,0.01958302795501784,0.058254597716051085,1.5788022887645845
1789205787.3968303,1,0.7853857620837859,6.029323701706295,2.0436338413277904,0.01972011217763022,0.058198960739157764,1.5786673189214306
1789205787.4473503,1,0.785414979309611,6.037632605703106,2.0436309203771112,0.01989762942001152,0.05822614798430377,1.5785464879686784
1789205787.4967375,1,0.7854223138813325,6.045955336049148,2.0436227179463784,0.019977523140573272,0.05827416487963403,1.5783731901695706
1789205787.5465536,1,0.7854218813631497,6.054280815807183,2.0436176940917132,0.020058560674613268,0.058175570195361175,1.5782643275829833
1789205787.5969381,1,0.7854214791301042,6.062618590771376,2.0435789547612813,0.020150185623325288,0.05810890835076096,1.5782206578613172
1789205787.6471968,1,0.785323256725501,6.070955479396317,2.043560238372715,0.019986858594718677,0.05818036287540176,1.5779393250713185
1789205787.696433,1,0.7852957510367489,6.079288844190203,2.0435244193866833,0.02002893800281909,0.05822754711363911,1.5779040219921767
1789205787.7468014,1,0.7853122523833519,6.087602216159466,2.043514986494266,0.020155760391426844,0.05829975965485298,1.577897992454939
1789205787.7920825,1,0.7852921332443384,6.091600417177701,2.0434945831438838,0.020151764596749337,0.05820122510326994,1.5778489026990172
1789205787.8410096,1,0.7852082406460645,6.103257253327267,2.04353455078186,0.020032251669840233,0.05847220757838759,1.577502343224203
1789205787.886845,1,0.7852126412301067,6.110944769515787,2.0434659522744636,0.02012320249637897,0.058501412511980204,1.577483562016373
1789205787.936454,1,0.7852494207018397,6.1192881142111375,2.0434214261670465,0.020327123650738098,0.05840126105367608,1.5775625913193563
1789205787.9869828,1,0.7852144022839861,6.127610933482849,2.043459168609388,0.020306149879623134,0.05860190364879358,1.5773069457032123
1789205788.0374582,1,0.785155460433767,6.135924174967382,2.04348651769332,0.020191386884510023,0.05873669720990336,1.5770958975789933
1789205788.0874887,1,0.7851457514049102,6.14424739385694,2.0434709069086887,0.02025098578112851,0.058795666656404226,1.5769867989054047
1789205788.1367362,1,0.785074359744676,6.152591268426248,2.0434303902066895,0.020111442740828767,0.0589703733988647,1.576717353582714
1789205788.1866832,1,0.7850798431071999,6.160930437853263,2.043372650196114,0.02023893694170008,0.05881589575979894,1.5767745143663365
1789205788.2365005,1,0.7850199383115619,6.1692541191792385,2.0433816818992128,0.020145244613652268,0.058987845711080414,1.5765325124859773
1789205788.292423,1,0.7849835469152203,6.174904834423773,2.043441164112737,0.020055412697974787,0.05907720987185583,1.576332090635562
1789205788.3413904,1,0.7849874734681376,6.18654369655292,2.0434299715770012,0.020166004861232392,0.05902569016402164,1.5762700259109435
1789205788.3870745,1,0.7849417364870565,6.194198867671671,2.0434276124019894,0.020074153120834277,0.05914784286496915,1.5760753674553554
1789205788.4369483,1,0.7849590590292463,6.202507348856481,2.0433628558681582,0.02020898844505086,0.059012485444541574,1.5761384473455273
1789205788.487592,1,0.7849018695283658,6.210820412748469,2.0433308265136128,0.020110174297451145,0.05910977425939351,1.5759636427605717
1789205788.5368233,1,0.784909829405548,6.219111760892228,2.0432901183288235,0.020217898526001525,0.05903492099412527,1.5760525415433924
1789205788.5877419,1,0.7848947009880861,6.227384465480336,2.0433026369147,0.02022838877891501,0.05912984165059901,1.57595735113928
1789205788.6369894,1,0.784845902885196,6.235665023037534,2.0433200839437964,0.020132063338565934,0.0592114565890245,1.5757885582519415
1789205788.686335,1,0.7848276604571655,6.2439440060384594,2.0432983641365117,0.020115837809336224,0.05924552614741951,1.5757132372938045
1789205788.7365074,1,0.78484302567057,6.252206787052095,2.0432458350042246,0.020242258445468155,0.058977614212972235,1.5758011279000477
1789205788.7989504,1,0.7848223257133107,6.2578110456587455,2.0432662429568085,0.020227216353559656,0.05902902241069786,1.5757794287188538
1789205788.8485663,1,0.7847810711344345,6.2693948143355485,2.043242041480369,0.020193807794232053,0.05899643255464911,1.5757546172731207
1789205788.8969464,1,0.7847308213204383,6.278631162016485,2.0432853180131985,0.02008650838400356,0.05920317764242007,1.5756431897677972
1789205788.9471774,1,0.7846922786511489,6.286872680697114,2.043305771616149,0.019975290531202932,0.05912185462063514,1.5755465432274403
1789205788.9968207,1,0.7846481093453456,6.295112793610146,2.043315887020733,0.019914346697696345,0.059138893426642,1.5755009694321989
1789205789.0471485,1,0.7845681712279686,6.303360755005121,2.043315321381979,0.019755069122213968,0.059177400250489405,1.5753954951375342
1789205789.0971496,1,0.7845181149960109,6.311613114178159,2.0432709730361367,0.019655228189358817,0.059124472661674456,1.5753786470723157
1789205789.147357,1,0.7845101924269905,6.319859958008235,2.043241399802613,0.01969404882882464,0.05910272219654931,1.5754434164667166
1789205789.1971307,1,0.7845351919000573,6.32808922159892,2.0432420219745406,0.019822490204449632,0.05892746824390272,1.5755622074323556
1789205789.2466524,1,0.784499797817121,6.3363234135992395,2.0432533526806003,0.019777776266452,0.05907000426638823,1.5754320685479382
1789205789.2918441,1,0.7844514817520605,6.341298858633945,2.0432093825039472,0.019677417844512195,0.05913948228530229,1.5752920371737436
1789205789.3374104,1,0.7844174581204897,6.351201493557823,2.043212943149793,0.01963548798374858,0.059081773185604584,1.5752443096527176
1789205789.3876295,1,0.7844230326430359,6.359446125983277,2.04318228626898,0.01973649052016749,0.05890247183087712,1.5753727936812851
1789205789.4372442,1,0.7843861133123503,6.367661101698184,2.0432160717479673,0.019655361791267485,0.05907340241046035,1.5751265647157475
1789205789.4873638,1,0.7843402691561255,6.375881129505437,2.0432530571556886,0.01954370191219096,0.059127037693078026,1.574961024218899
1789205789.5370762,1,0.7843261660766421,6.384108090627266,2.0432255421936576,0.01952767580455016,0.05907632991608526,1.5749069381917922
1789205789.5870745,1,0.7843214299857632,6.392338740196153,2.0431781727930467,0.019565794172937346,0.05908819719940438,1.5749695113696898
1789205789.6367753,1,0.7842747187163953,6.400571827898129,2.0431697353103857,0.019482865052087305,0.059185777285267256,1.5749244325635394
1789205789.6876094,1,0.784267892277406,6.408804834548765,2.043186678759962,0.01952238634647563,0.05910477816346565,1.5749888711242868
1789205789.736982,1,0.7842665135978667,6.417040340744226,2.0432115055357682,0.019540105764883884,0.05897867779348747,1.574966822053298
1789205789.7930079,1,0.7842479488691,6.422654084140278,2.0431845876544235,0.019514167010681465,0.058972522596270484,1.5748098316146268
1789205789.841309,1,0.7842406956927781,6.434158637568309,2.043167529475945,0.019575738104956254,0.059063378978291295,1.574841043203829
1789205789.8883014,1,0.7841914727181342,6.44073825962123,2.0431184690750284,0.019465225302897526,0.05905120521772471,1.5747429147199552
1789205789.9373982,1,0.7841684099445891,6.449929501187445,2.043109311165183,0.01943551079552001,0.058985614301827055,1.5747421719879857
1789205789.987189,1,0.7841901828773408,6.458118854056365,2.043122350237288,0.01953226005316994,0.05896676149869039,1.5748152977997136
1789205790.0369096,1,0.784155028399697,6.4662909823518,2.043164977427086,0.01942493588035218,0.05923052640741746,1.5746089487457637
1789205790.0872858,1,0.7841013757813965,6.474476230655162,2.043157823001709,0.019280881414392454,0.0592828251217127,1.5744041102829263
1789205790.1365378,1,0.7840919522714906,6.48266631632117,2.0431327761251974,0.019291849549629207,0.05918670586107542,1.5743409248730482
1789205790.1867273,1,0.7841059870297808,6.49085594888932,2.043097870176761,0.01935291454269804,0.05910227632558302,1.5743636021347613
1789205790.2368128,1,0.7841393698872734,6.49903452334877,2.043097117727751,0.01947931239720073,0.05902418671677338,1.5744672794813017
1789205790.2899702,1,0.7841511294818264,6.504593915609528,2.043121328988777,0.019492223936515514,0.058991402305889985,1.5743634703312817
1789205790.3372838,1,0.784162579410283,6.515408312955986,2.043106758732981,0.019507598757630824,0.05892550197308319,1.5742374923230176
1789205790.3870351,1,0.7841969199410072,6.52361548312495,2.043081183809554,0.019635806962953996,0.05879892331702845,1.5741931139664287
1789205790.4373858,1,0.7842357559234261,6.531829002375423,2.0430358150704646,0.019778977110341153,0.058591753223428175,1.574216725417392
1789205790.4867465,1,0.784278857510825,6.5400354858664125,2.0430078424772966,0.01991556986610218,0.058514981000719425,1.5742855688955857
1789205790.5376525,1,0.7843165190672782,6.5482370682644255,2.0430290639994033,0.02004671977666037,0.058433778964130094,1.5743588254680922
1789205790.58763,1,0.784340364765394,6.556442707784009,2.0430547912106656,0.020091910764278225,0.058454732068043726,1.5743023812025136
1789205790.6371508,1,0.7843594668978195,6.564649763246534,2.043050859138122,0.020161400635469402,0.05843354617729427,1.5741983479194688
1789205790.6875782,1,0.7843079117789414,6.572865734859811,2.043022060732268,0.020063252580188658,0.058533515817732834,1.574057866142642
1789205790.7368276,1,0.7842709116690453,6.581076255487108,2.043018065164815,0.019993591519281775,0.05861596218979089,1.5739855814372565
1789205790.8106291,1,0.7842757996161467,6.586652676067838,2.0430639952476497,0.020027256418592116,0.058581231913347555,1.5741091967472365
1789205790.8575034,1,0.7841891505329565,6.60080176252928,2.0430286154855724,0.01984847650774989,0.0588330386530879,1.574043157336817
1789205790.9076145,1,0.7841715071579337,6.609009536146227,2.043033264540787,0.0198731957040954,0.05878017353373601,1.5742492029395474
1789205790.9566019,1,0.7841335633208298,6.617213154902777,2.0430643912769217,0.019772230586617534,0.05893583953989938,1.5741759464816276
1789205791.0071476,1,0.7840864602377114,6.625427311627439,2.0430953567140318,0.019675901027446003,0.058921314816790596,1.5740198284348355
1789205791.0565794,1,0.7839268768592742,6.633716807335168,2.0429518061028933,0.01927661366654078,0.05934341973249597,1.5738753324487416
1789205791.1065626,1,0.7835735377166924,6.642266093092271,2.0426813470849976,0.01847472952766951,0.060239104220436525,1.5739341531802984
1789205791.1573315,1,0.7830006822442691,6.65123212527176,2.0422140540866662,0.01716633200717347,0.06191747072448476,1.5741564859907229
1789205791.2073677,1,0.7820274509917182,6.6608794377786165,2.041269824574647,0.014723572980670988,0.06562870265535274,1.574092062572875
1789205791.2575421,1,0.7805491237605915,6.671613261835097,2.0391648588185562,0.011031962086791159,0.07313839893600513,1.5742471365203559
1789205791.3065503,1,0.7783622928761855,6.683784200979326,2.034930223780954,0.005310312939649293,0.08789700790008936,1.5744685628597976
1789205791.3569934,1,0.775131427435879,6.697750937176436,2.0270926989751272,-0.0031841515946744716,0.11267476328155068,1.5757240218671527
1789205791.4065433,1,0.7702079935201644,6.713225199658632,2.0114250252672945,-0.01828218335004039,0.15659711059731374,1.5805863639688162
1789205791.4566205,1,0.7638392879426501,6.728980838643749,1.9795557424532926,-0.03485271268097603,0.22929851173619198,1.5859596436261207
1789205791.5066807,1,0.7631772095595979,6.742562364400051,1.942177734327301,0.006001077442786235,0.2757286771110172,1.5769420247337413
1789205791.5572429,1,0.7667233556144939,6.751774717248562,1.9120482066715752,0.026166671718386762,0.28620880678789185,1.5705810120318342
1789205791.606927,1,0.7694821684025258,6.75801350637288,1.8997582216511126,0.028996819936841424,0.2651463854673911,1.5701500081594144
1789205791.6570618,1,0.7727824808711302,6.763395507251811,1.8964515439962066,0.026352490103699597,0.24088918114435567,1.569023197188311
1789205791.7067459,1,0.7763326353340044,6.768489162450405,1.895661151999384,0.02614584707121499,0.2198635776051099,1.5667463560724506
1789205791.7571576,1,0.779920450756097,6.773392396651415,1.8951702874015788,0.02893038212285997,0.2037061788835423,1.5638623255852713
1789205791.8070538,1,0.7834605243382651,6.778121095608054,1.894381864812693,0.03274074977190239,0.19252254603604738,1.5614167973927506
1789205791.8567646,1,0.7869107617935927,6.782856453976821,1.8931183273474577,0.036966548748170125,0.18414293702636853,1.5595415661640664
1789205791.9071765,1,0.7903468501496123,6.787681357922797,1.8917015898562008,0.04163045360482772,0.17763661913085438,1.5583830386919266
1789205791.9585578,1,0.7932780107229016,6.792212723994963,1.8904169357792944,0.04557541388639922,0.1727599359001847,1.5577762772980912
1789205792.0072412,1,0.796826850125294,6.798476603895982,1.8886844264519203,0.050173330657525744,0.16783371255474794,1.5579801455017617
1789205792.0569708,1,0.7996001628053191,6.804793416222594,1.8870000560617166,0.05366110618345963,0.1649172551364579,1.5590369147075296
1789205792.106599,1,0.801753216193187,6.812083711541423,1.885278550269668,0.055944365493561486,0.16318151726669336,1.5613026683837168
1789205792.1574838,1,0.8032206701017364,6.820284231824473,1.8838672948353115,0.05810049234478269,0.16240740960112252,1.5643845212723413
1789205792.2067494,1,0.8038841275867786,6.829348264201946,1.883038138349174,0.058825920399511726,0.16235037699735133,1.56728891045453
1789205792.2567601,1,0.8037711292412743,6.8392537978947034,1.88272182212866,0.057611392184859764,0.16301470148224115,1.5701721353229976
1789205792.3074887,1,0.8030824889573992,6.849916887097886,1.8826034729556418,0.05475462015603864,0.16420025993424764,1.5728759487949833
1789205792.356633,1,0.8020512230366413,6.861162272712004,1.8826568435141786,0.05133856970448223,0.1660205282029224,1.575334691431159
1789205792.4068267,1,0.8008087338903683,6.872829208825191,1.8828669416437473,0.04789985305352765,0.16812556192889644,1.5775159119361144
1789205792.4576168,1,0.7994300438252347,6.884783343255646,1.8830958317110156,0.0443324152320194,0.1705809759394824,1.5792308229910468
1789205792.5076284,1,0.7981006025688331,6.896851676013386,1.8833984500935732,0.041054195974289866,0.17281312374356142,1.5805424113144348
1789205792.5573885,1,0.7968846580905127,6.9090682636981215,1.8836525538671867,0.038023721269935785,0.17436148339447888,1.5822277288183741
1789205792.6071222,1,0.7958776249716757,6.9215522438226404,1.8838143158166234,0.03544840949837665,0.17500352765830182,1.5852738394464991
1789205792.6569183,1,0.7948923387942475,6.934338024340216,1.8839441892046878,0.03350321441716563,0.1750965098359027,1.5896124563304004
1789205792.7077029,1,0.7938333961033421,6.947530531333327,1.8841238061323828,0.03184934934967481,0.17371000285640478,1.595052162340661
1789205792.7565413,1,0.7925385852504363,6.9611989232454325,1.8840654380786284,0.02963477388761081,0.17018513137274396,1.602250638728998
1789205792.8070226,1,0.7909986177195598,6.975229159901588,1.8836463168943096,0.02849440422067852,0.1627048070886759,1.6124646917105108
1789205792.8574202,1,0.7897216003330609,6.988899513524826,1.8807365300441998,0.03279375274439573,0.1447439661102893,1.62660325101215
1789205792.9074,1,0.7889677737672136,7.00093027823111,1.8720377394051169,0.043394072625480264,0.11136432246524611,1.6413336105497445
1789205792.957005,1,0.7851704087503659,7.011065485742541,1.866457459077815,0.02916386905655354,0.10802981085165245,1.6360919469870758
1789205793.00693,1,0.7796854941079047,7.021218713122156,1.8669163094362837,0.01852191822149116,0.09717508541615263,1.6222942073509654
1789205793.0575283,1,0.7733968375300806,7.030720748168232,1.8660321486468505,-0.0015173459724842733,0.06867606383412556,1.6011271396139184
1789205793.1075072,1,0.768992264159522,7.039329139962007,1.8664710575872796,-0.0023070949726060742,0.05722446489958725,1.5910983725862315
1789205793.1573563,1,0.7675663155437482,7.048517190903634,1.874719227397247,-0.0033971646007573335,0.055687858733853686,1.59157754757065
1789205793.2065842,1,0.7669717066740905,7.058464494315394,1.883156860656095,-0.00400480235171332,0.05173423399046319,1.5931121426283508
1789205793.2565846,1,0.7665152472190806,7.068805620656888,1.8885267479219412,-0.004397693481784936,0.05060294626278865,1.5930690396257132
1789205793.306656,1,0.7660298048048454,7.079308420854834,1.8914283607727629,-0.004907635653619391,0.05200736557434011,1.591425371865756
1789205793.356486,1,0.7656788752832824,7.089870142071258,1.8927265291193696,-0.005294519700345998,0.054975855488954214,1.5894242382931818
1789205793.4065301,1,0.7655451782861981,7.100357891867063,1.8933168325341216,-0.005432998928854349,0.05769675676082223,1.5869629650580235
1789205793.4568126,1,0.7655720039158095,7.110692713065144,1.8938124115203754,-0.0051124331424509065,0.05988061269607956,1.5840812226279206
1789205793.5074072,1,0.7657500254579127,7.1208445356557375,1.894169900942976,-0.004828971918006544,0.06119135307516741,1.5810607429928583
1789205793.557356,1,0.7660087899139143,7.130812654666579,1.8945223536709248,-0.004702379892776137,0.06242266831250296,1.578013159998955
1789205793.6070871,1,0.7663926210054656,7.1406012026685435,1.8948424905786836,-0.004117069163770651,0.06280784484769894,1.5749145016784252
1789205793.6570601,1,0.7668608344410847,7.150249870365043,1.8950548687859274,-0.0036345599215670773,0.06356095633140055,1.5720093800970232
1789205793.706474,1,0.7673678793328113,7.159754438461688,1.8952384674118956,-0.0031313010196691218,0.06373978017020425,1.5690196405030985
1789205793.7569551,1,0.7678517641540135,7.169142156810455,1.8954117645598438,-0.0027123061524325213,0.06401757028172074,1.566356797027171
1789205793.8070958,1,0.7683171046860794,7.178389303876338,1.895478195776544,-0.0023158417905345067,0.06393173316727727,1.5637952597133202
1789205793.857446,1,0.7688256303423487,7.187524159635863,1.8956046873220127,-0.0017397993634679996,0.06414979581717443,1.561630851683696
1789205793.9070425,1,0.7692460094708085,7.196584355273635,1.8956706296130137,-0.0014655055197741796,0.06450469361188194,1.559653781511479
1789205793.9570522,1,0.7695930179299736,7.205611949598918,1.8957054160020066,-0.0013425794343625247,0.06451182440250783,1.5579496482473083
1789205794.0071764,1,0.7699268348018026,7.2145856437763065,1.8957480855833437,-0.0011778317323355963,0.06464231915230643,1.5565551882041395
1789205794.0568058,1,0.7702684059392167,7.223499733850256,1.8957601446690222,-0.0009324292792540925,0.06460048226814948,1.5553774402281064
1789205794.106598,1,0.7705778344041255,7.232396519187935,1.8957994269877598,-0.0007495812592688747,0.06469187047687967,1.55437840889356
1789205794.1566226,1,0.770935496241466,7.241274602082157,1.8957998807187424,-0.0003895224799834414,0.06462074940167241,1.5538059380576705
1789205794.2066636,1,0.7712967214503705,7.250121189812296,1.895802879728062,-2.201274337096356e-05,0.06458992693265972,1.5533247583795202
1789205794.2568848,1,0.7716155552780316,7.258944426558771,1.89583186828846,0.00017470181837848564,0.06466352174898837,1.5527889739923662
1789205794.3072612,1,0.7719449580710024,7.267746384697291,1.8958197047574556,0.00043903073174291325,0.06454483248421973,1.552436728103194
1789205794.3565686,1,0.7722601454293977,7.27652636000665,1.8958290907562234,0.0006192833579436257,0.0646696561716508,1.5520609509300356
1789205794.4070494,1,0.7725557911293035,7.28528188907204,1.8957815872559076,0.0007624230448555091,0.06482628393390857,1.551688353875468
1789205794.4566078,1,0.7728417943011224,7.294014512183432,1.8957475073457695,0.0008985863230512409,0.06484987888013032,1.5513920962632501
1789205794.507605,1,0.7731412458537743,7.302704150131415,1.895712163327743,0.0011253226128848798,0.06490735203361767,1.5512763349203949
1789205794.556611,1,0.7734180472628585,7.311361043526542,1.8956993435740095,0.0013185353134834994,0.06481841206635988,1.5513037261302218
1789205794.6070764,1,0.7736621897533159,7.32000269761901,1.8957285679631473,0.0013887632583407536,0.06482228071117323,1.5512808769214288
1789205794.6573186,1,0.7738028620584027,7.3287351384389305,1.8956094682695683,0.0012480784092305784,0.06498896659597694,1.5515146674967117
1789205794.707578,1,0.7737161880173006,7.337752927889471,1.8953257572511957,0.0005814804308731396,0.06567690569247243,1.5517326023072806
1789205794.7573857,1,0.7733380942428815,7.3472525727004045,1.894780795044704,-0.0008664699779407692,0.06743888620749346,1.551937100302537
1789205794.8028564,1,0.7731701663434183,7.350017774955288,1.8945602526594925,-0.0014308052376589837,0.06835392864383243,1.5520163726892986
1789205794.850581,1,0.7713440573462989,7.367106452077139,1.8919728857462141,-0.007119278328039769,0.07799607897964372,1.5527442159575113
1789205794.8964264,1,0.7693827594107446,7.378051031818367,1.8886185099993522,-0.013871336967047397,0.08918584789612903,1.5538540722501213
1789205794.946633,1,0.7661178080868412,7.390955787138013,1.8817152272951403,-0.02604725281205974,0.10970253191888198,1.5566055322961916
1789205794.9969347,1,0.7609895832276731,7.404550017917631,1.8669845418856401,-0.04788864346679135,0.1470961441626777,1.5637161199167506
1789205795.0474575,1,0.7539711825250286,7.417699237755802,1.8363903303313707,-0.07362392290960859,0.20684088550685004,1.5734612293898795
1789205795.0971682,1,0.7517792902723233,7.428470927248922,1.8010172242925604,-0.04390019908539085,0.238649009806494,1.5695093575725412
1789205795.1468832,1,0.7556556299460894,7.436745179397028,1.772031502978383,-0.009516330793167273,0.2530528078566854,1.5654008809509703
1789205795.1968687,1,0.7612137939986249,7.443652974689985,1.7476356126678587,0.006310248159608548,0.257168852326028,1.562134366207466
1789205795.2468193,1,0.7661462580238916,7.448926502217031,1.739024636471021,0.00799539777287242,0.23439399319128867,1.5646546083481352
1789205795.2965014,1,0.7717279953507047,7.454085162957763,1.7371447687039059,0.010034734597551677,0.20966690458221027,1.567703753848067
1789205795.3469093,1,0.7774269112552199,7.459473812164017,1.7369608032680686,0.015964171556357994,0.19045431633129822,1.5704861576799392
1789205795.3970532,1,0.7827288522694781,7.465090842921921,1.7366884983333468,0.022813831217444604,0.1775034599392234,1.5734468719167258
1789205795.4468646,1,0.7875746339531736,7.470999593185003,1.7359229887376106,0.031048236008654546,0.16896154940466035,1.5768426964197557
1789205795.4974458,1,0.7918787087000386,7.477244451996956,1.7348199831404116,0.03860646223817333,0.16315945019787734,1.5816675816099186
1789205795.5472689,1,0.795493982556928,7.484040051613171,1.7336908108493252,0.04455701002738938,0.15944716524837776,1.5878329221214258
1789205795.596486,1,0.798324005640334,7.4916771278454695,1.7326365053147148,0.04941568390016032,0.15656121373975918,1.5954702088404942
1789205795.6471956,1,0.8002623404273654,7.500224860773247,1.7319289677952623,0.0531646139875374,0.15560610644987213,1.6039944446348195
1789205795.6969974,1,0.8011935898537805,7.5097747306717775,1.731501735865917,0.05436776981569216,0.15581931130867888,1.6136277249394602
1789205795.7467165,1,0.8010661463416745,7.520291792305119,1.7314420913395279,0.05338884383317974,0.15618026896436718,1.6229035548124522
1789205795.7962132,1,0.8006460228811559,7.525652965160305,1.7315289040266522,0.05263281429361274,0.15637496871065817,1.6270943518847714
1789205795.8413398,1,0.7983691903771791,7.542205301327259,1.7319008437664984,0.04890248847329084,0.15759906588113687,1.6385908162434406
1789205795.8871188,1,0.7960707682144617,7.553720158726282,1.7320533222576224,0.044918888922562294,0.15963732884417017,1.6457196887509673
1789205795.937166,1,0.7929404849245282,7.566874468793601,1.731966571620405,0.040215658459288366,0.16303251584913345,1.6532503665349985
1789205795.9867594,1,0.7891422975139968,7.580692718199989,1.7314714085003635,0.03484284569070598,0.16772504363286786,1.6599270556031516
1789205796.0375109,1,0.7848082621779582,7.595469861302573,1.729789405954094,0.030433868904323938,0.1733167585322827,1.6667806394420726
1789205796.0869734,1,0.7800956534942738,7.6119311297185845,1.7246101086559693,0.028120030928473396,0.18206021289707403,1.675315863406142
1789205796.1369748,1,0.7749910690623982,7.630709988471906,1.711153979733041,0.02949665374357843,0.20147476889240046,1.6833553966588632
1789205796.1866894,1,0.7692392299682395,7.651968422038714,1.6816844172211614,0.033197885753576274,0.2425913776502966,1.6908473974524572
1789205796.237343,1,0.7630676011403521,7.675453426539227,1.6326181027177051,0.04791436598167438,0.2969492993557166,1.6989823653168334
1789205796.297435,1,0.7612071156892634,7.690360324513267,1.6038990085810811,0.06828632613214276,0.3057442294432569,1.7043917264964197
1789205796.346529,1,0.7563457161441943,7.7143680435737245,1.5827358963920695,0.05548376639719441,0.27323807585544924,1.7171185470386399
1789205796.3967254,1,0.7504757389107324,7.729362131397047,1.5809223560208552,0.035605645107115745,0.25066784780787094,1.715266938720394
1789205796.446978,1,0.7446518483107494,7.745640673278269,1.5788737852650618,0.017459467745028875,0.22724551629356105,1.7098511933647171
1789205796.496562,1,0.7390217867864753,7.763302608662061,1.5757197557974074,-0.0008217130810249084,0.20476573961715241,1.699655964118224
1789205796.546428,1,0.7326564271384658,7.780037914594386,1.5704518314853484,-0.025220648374801802,0.17680928927345332,1.6829157047145291
1789205796.5968122,1,0.729405366179165,7.794468142602706,1.5699896447487487,-0.02413796811692526,0.1802762388185427,1.683553276147637
1789205796.6466696,1,0.7275150954513779,7.809783757499613,1.5734582052869575,-0.022413485681519466,0.18784012238668074,1.6837268388859676
1789205796.696882,1,0.7260066103553988,7.827380249979734,1.5705284932468118,-0.01775096046111944,0.19765887199628962,1.678534347889993
1789205796.7473075,1,0.7250596338026523,7.847340756534299,1.554171578250499,-0.004565723287190516,0.22690303818277482,1.6691232514771677
1789205796.8009121,1,0.7243450465622076,7.8576918989609545,1.5395421451146019,0.0015241371322593704,0.24885813626249637,1.6653740649838344
1789205796.8466067,1,0.7242008797740788,7.892586104290917,1.471080705646937,0.04257540052722707,0.316300483933886,1.6542342518950806
1789205796.8966165,1,0.7276588222940003,7.91213300370114,1.445951758296634,0.05912086365365404,0.29454616915108855,1.6518125259926588
1789205796.9473426,1,0.7298834760116788,7.928100037252718,1.4347446707267997,0.045787715878205584,0.25015101351244046,1.6409762048539658
1789205796.9974864,1,0.7283336241037458,7.94315904364339,1.4307968952638035,0.021186990548174366,0.22989434912795506,1.6155892020729852
1789205797.0472407,1,0.724848620804671,7.957531027914298,1.4248175669899072,-0.0018422406042125756,0.20238512526128688,1.587971931241967
1789205797.0966802,1,0.7218573734287353,7.9693786045365425,1.418860260829703,-0.010318443406936202,0.18538017832160703,1.5676928325799646
1789205797.1471243,1,0.7224271889513552,7.9797694068496545,1.4213550078436807,-0.005249494017659594,0.1918943337950787,1.5585113127403198
1789205797.1972508,1,0.7234380657971655,7.991469743902668,1.4243444254296815,-0.003720906985668869,0.19210625631833236,1.5474064514561274
1789205797.247478,1,0.723417287572621,8.004636125052583,1.420988121371315,-0.005944364594403565,0.20155564545144716,1.5375179343857097
1789205797.295361,1,0.7227625939500287,8.011289222985233,1.4154158849498877,-0.009344777053872424,0.21251042182929153,1.5343579623269281
1789205797.3409612,1,0.7194820619749202,8.031062326832203,1.37647621302501,-0.026793030217941615,0.2742338590182882,1.5295719462938289
1789205797.3874407,1,0.7226605989241356,8.044110334026257,1.3471032248677395,-0.008414730427053482,0.30077781624957983,1.5200096941553425
1789205797.4365597,1,0.729466164717336,8.059132418185209,1.3231383475232699,0.003215816990042527,0.3279112705050456,1.5047256152617892
1789205797.4867673,1,0.7370598796561666,8.076999335128503,1.2998733788905967,0.014092013137168515,0.34119355601005874,1.4884138892298888
1789205797.536837,1,0.7427641355274783,8.096151638091929,1.2900605998331671,0.02790582063431771,0.32335443311790557,1.4801874422146122
1789205797.5872986,1,0.7475615695343878,8.116617614809876,1.2853658501518443,0.038317194624299125,0.2937830358395252,1.4760166458558885
1789205797.6371622,1,0.7512207039957935,8.137435070092465,1.2782871005304846,0.04465115463366152,0.25768632634273964,1.4711370947083793
1789205797.687133,1,0.7522343683803046,8.156417914147164,1.2654203195622085,0.04080817743979979,0.2030766068839767,1.463975399695169
1789205797.7366285,1,0.7512515967810964,8.173415242342774,1.258444329771476,0.030267230209323624,0.21032254260293343,1.468874804844987
1789205797.811693,1,0.7507630593104319,8.184229566034118,1.258076171362417,0.030521685292152472,0.2293050095855203,1.472645466061037
1789205797.8573496,1,0.7445341935755709,8.212505134704248,1.2439414801509054,0.009292626119147076,0.27076642326292205,1.4838862900932914
1789205797.907208,1,0.7383062787070832,8.227974167979111,1.216667152074072,0.0007946819622579598,0.3076768660772943,1.490174969836098
1789205797.956837,1,0.7373020909512814,8.242129662784142,1.1959976377439705,0.007075765446154124,0.3326911908930774,1.4899447237636443
1789205798.0066772,1,0.738581220125471,8.256679782077628,1.1782934719001201,0.00981148914453719,0.35206688349149823,1.4895136724909988
1789205798.0569863,1,0.7413527894816621,8.27355280711534,1.156949923170665,0.016741919924202257,0.3646115889780785,1.488044856041724
1789205798.10704,1,0.7423471225648108,8.291882431744071,1.1449358979401563,0.02068716249224176,0.34761903536210065,1.4926209283275171
1789205798.1579902,1,0.7430910577188133,8.308377835665318,1.1416642838581568,0.027789025389581,0.3160683431963874,1.5012543808300356
1789205798.207111,1,0.744171886226567,8.329422062867616,1.1366745865439631,0.028049588331169186,0.26703425346787185,1.512577141622561
1789205798.2573743,1,0.7439233393427902,8.346753240475696,1.1285698785649116,0.01815422165064331,0.21453044327541892,1.5215612952266624
1789205798.3066993,1,0.7397749103020171,8.361641532454742,1.1229593225151284,-0.015121371815352867,0.1948039393499738,1.5246203671471295
1789205798.3574553,1,0.7375192787090733,8.373862878662674,1.1243924501537246,-0.015436832985646104,0.20148610654951113,1.5398804284313399
1789205798.4065409,1,0.7361595109011435,8.38663503244739,1.128371503986903,-0.019641559126264804,0.19872630587775447,1.549877464419368
1789205798.4564342,1,0.7348721973371225,8.400271059627627,1.1298937614307953,-0.023217461344070295,0.19499802133358585,1.5558596286974704
1789205798.508353,1,0.73284212845786,8.414944781407968,1.124910147184838,-0.02917497033767717,0.20351547545271065,1.56007959279037
1789205798.5566967,1,0.7294215547621744,8.430568917348081,1.1053276226320894,-0.03771100729670902,0.23306278512451775,1.5656666362199463
1789205798.606648,1,0.7265433518881448,8.447396884938279,1.0667542063044801,-0.029192020942769823,0.277592027071718,1.56903627387051
1789205798.6566572,1,0.7289044220574709,8.464758122445485,1.0333627709780053,0.0064212670050146576,0.29803721160546215,1.5677939874247369
1789205798.7068453,1,0.7318397525486526,8.485486438096352,1.0055858365433554,0.014377316180014404,0.3262482794264265,1.5646204592488002
1789205798.7572265,1,0.7334477436793154,8.508164712384106,0.9868314326192319,0.011773935678624342,0.3232105101117538,1.5629364827526846
1789205798.8065815,1,0.7342028695595311,8.529070616702189,0.9789845829977578,0.018781190626876478,0.28105067155646035,1.5633312755396778
1789205798.85702,1,0.7335428632233297,8.548166697850652,0.9715221740841562,0.012740494716087585,0.22944267277663272,1.5601864961915952
1789205798.9072554,1,0.7295495848219808,8.564222887333298,0.96599355619937,-0.017604817090657674,0.20351991017886734,1.5490087105489332
1789205798.956707,1,0.7276284288187498,8.57695513900982,0.9664906444861782,-0.015061405509564382,0.20575597961227224,1.5554081845892695
1789205799.0063028,1,0.7270477520167676,8.59001890360722,0.9729008490696156,-0.016915163899548145,0.20404316468055889,1.5613590165098488
1789205799.0569096,1,0.7263656718008064,8.604191340269686,0.9774943945769762,-0.02003193802896864,0.19887337635231916,1.5631073550278352
1789205799.1070325,1,0.7250400765035016,8.61954537734948,0.9754232084787563,-0.023151042509652803,0.20492868103278394,1.5631584791231123
1789205799.1574438,1,0.7219896536444022,8.635842415622488,0.9599154061026476,-0.02664604983604964,0.232027518277619,1.5655892162162817
1789205799.2067502,1,0.7182256609908322,8.653139551968719,0.9247633420363168,-0.02705343286108969,0.28107992959195505,1.5688644842336517
1789205799.257281,1,0.7198918062788935,8.671260736523271,0.8875945173434565,0.010962208876109046,0.30609651156450035,1.5663295616771575
1789205799.3067675,1,0.7242045382600051,8.69185223604176,0.8573511309346594,0.021424581151896927,0.3260058975038643,1.5617218815999019
1789205799.3573964,1,0.7271099098223696,8.713425058535373,0.8396487774281662,0.020068459467993353,0.30823840200170766,1.5608431392499604
1789205799.4066277,1,0.7295843783089211,8.732738996745871,0.830189776043662,0.02546911170963299,0.2569071201116204,1.5612226029279976
1789205799.4572694,1,0.7295728807653775,8.749282606937898,0.823042180053465,0.00468859686229703,0.2174584572784828,1.5540620913033796
1789205799.506951,1,0.7272194016385981,8.762433306072007,0.817847118153823,-0.014414290227000656,0.1971456960063691,1.5442354178696038
1789205799.5572762,1,0.7276334824060983,8.773104840140606,0.8207134750427669,-0.010049241517402224,0.2009633216861313,1.548251369139002
1789205799.607035,1,0.7287668045027301,8.784422629684865,0.8266234936656465,-0.009213909214766374,0.19691779223722888,1.549846236426829
1789205799.6574883,1,0.7297058835338065,8.796755219930201,0.8298941269759684,-0.008140077332251151,0.1933083195428245,1.5490709042245592
1789205799.7065718,1,0.7297349814465,8.81020640392195,0.8273959170040922,-0.009040063216503552,0.20033336326333798,1.5482360268851527
1789205799.7566843,1,0.727627508359446,8.824594136355405,0.8141804264087057,-0.014537083748419444,0.22363807435732844,1.5505303886444917
1789205799.806507,1,0.7240867028435239,8.839556419097862,0.7825748727268869,-0.020764070186402382,0.2685708960853696,1.5541220690947162
1789205799.8564265,1,0.7247719487652757,8.855150775793872,0.7451634579855648,0.00781751093736115,0.29884209269660045,1.5513635236707155
1789205799.9065254,1,0.7287166308286575,8.87265989067206,0.7166627644731735,0.01996399259373738,0.3231936822230228,1.5462074028817903
1789205799.951646,1,0.7311838632553762,8.891361156444436,0.6962271207403371,0.013047463160508227,0.3358172658537374,1.5386837337016561
1789205799.9968097,1,0.7325446915999784,8.911175449311749,0.6874460970161164,0.01737301919276406,0.3159069500743024,1.5358845510245067
1789205800.0471363,1,0.7338752495656399,8.931732861738562,0.680940477090514,0.02309626419281068,0.2744737493789783,1.5336872302833897
1789205800.0968924,1,0.7339604046259135,8.950162265190201,0.6714213565272579,0.01767998602701665,0.22166427227996366,1.529830657257018
1789205800.1467614,1,0.7310858478544451,8.964620170630948,0.6652306032493635,-0.007350238987158469,0.20347496292869913,1.524489478786535
1789205800.1975136,1,0.730574378231728,8.976612108157841,0.6681450001483417,-0.0024346187003816437,0.21216481416238903,1.532727307278856
1789205800.2477744,1,0.7308345877897131,8.98926245649264,0.6738285564398971,-0.0026500349255804056,0.20935914609055167,1.5376325985485932
1789205800.2974231,1,0.7307604599965168,9.002770970057714,0.6765013322383018,-0.0043558226057611536,0.2064024448904551,1.539846939403777
1789205800.3468146,1,0.7291381935372624,9.017028385698909,0.6718469309738438,-0.009978814535391786,0.21656760196760208,1.542316373762451
1789205800.3970864,1,0.7252003735491954,9.031767473713469,0.6524210947490122,-0.019507783422299294,0.24686431873685546,1.547545244183905
1789205800.4467542,1,0.7215979713313186,9.047297236715458,0.6154983552848418,-0.013922716315416455,0.2904102570246305,1.5504894367740354
1789205800.497132,1,0.7232407724186816,9.063509458182926,0.5844254792928368,0.008531839735311148,0.3111367972300207,1.5488056299181445
1789205800.5470316,1,0.726067044905293,9.083071987631243,0.5579150175756877,0.015752761057128337,0.33940157685628514,1.5442605722581
1789205800.5966,1,0.7278164705187917,9.105243965322401,0.5392592766404083,0.013379081807531378,0.3391022839203176,1.540677176261448
1789205800.6465938,1,0.7289395487754621,9.126102932453268,0.5316224125966802,0.01958792197028754,0.30112116585693577,1.5401270844814656
1789205800.696695,1,0.7293655310628827,9.14509930705543,0.5235766281965087,0.020704142417441503,0.24486534443485955,1.537896514730641
1789205800.7472832,1,0.7267391125233171,9.160852724925702,0.5166973824079558,-0.00847281274882973,0.20879129497354854,1.529862379040553
1789205800.798699,1,0.7255863355310387,9.166808895597557,0.5155049224221057,-0.011345308514616981,0.2073896603342336,1.531756068180027
1789205800.8467708,1,0.7251724918227573,9.184995967618018,0.5231931758104564,-0.009749861109449047,0.20915041771472898,1.5418024834149535
1789205800.8972337,1,0.7252069917341665,9.19801441077493,0.5282867069451322,-0.011017864062892114,0.2022553351612335,1.544040189534013
1789205800.947422,1,0.7246535294194723,9.211942762536328,0.5279394868986013,-0.013257800680772725,0.20372678857491758,1.5451043878175075
1789205800.9968338,1,0.7222495653942878,9.226702325733559,0.5167183393270838,-0.01932374726714395,0.22331935796953,1.548075563956847
1789205801.0465872,1,0.7187912678114619,9.242236241731748,0.4880096527973304,-0.01952658808438994,0.2617118626806229,1.5517242966539577
1789205801.0965514,1,0.7200749517186745,9.257984833213094,0.45751541029920895,0.011982502550674097,0.2822326058950929,1.5483904627215477
1789205801.1466663,1,0.7233433168006641,9.275911863399013,0.43129067106697844,0.022097393498007843,0.30604270721613425,1.543981026146407
1789205801.1966758,1,0.7246888413266761,9.295915284217301,0.4156007875629906,0.015218198503439756,0.2996683822869543,1.5420533525409807
1789205801.2465358,1,0.7263052413752491,9.315393344997686,0.40931008058659557,0.019512703457487762,0.26760648689633976,1.5436504440581045
1789205801.2916572,1,0.7274572721152543,9.326723214506218,0.40528420343778426,0.021629188905951446,0.24324083913318184,1.5447584638868832
1789205801.3372662,1,0.7285243054202907,9.34722118685616,0.3948232176169206,0.014624051207431842,0.18726846046601747,1.5419464568474743
1789205801.3870466,1,0.7259984566550219,9.36072249219604,0.38976624184686,-0.009409871180955529,0.1684361628481862,1.533065413949647
1789205801.4373488,1,0.7257715202428809,9.371744824336965,0.3943862732358833,-0.006493878157603906,0.1775416720570929,1.5384174158632353
1789205801.4863846,1,0.7261277260193252,9.382643153664329,0.4032703113550863,-0.007889498245219052,0.1769608203404527,1.5420088573147295
1789205801.5367203,1,0.726161278029345,9.393387874085573,0.41083671417477907,-0.009278874300252858,0.17236180879404328,1.5428776748703972
1789205801.587071,1,0.725886551576001,9.403752923418141,0.41607335100132387,-0.01010610602537104,0.17019506813929042,1.5420669482367284
1789205801.6373222,1,0.7255145287070819,9.413657142403157,0.4190918721553953,-0.011129413651481311,0.1702666106950246,1.5405873568971353
1789205801.6865504,1,0.7252236634401166,9.423046415753447,0.42090362122339153,-0.012003010435345764,0.17100064170721635,1.53926303589204
1789205801.7368112,1,0.7252361365848005,9.431985466566903,0.42191012140471196,-0.012201070318842773,0.17119430064405108,1.5384298910811354
1789205801.8087058,1,0.7254572856840368,9.43789918751202,0.4224504363604135,-0.011861408764121187,0.17108653992379522,1.5383564971843977
1789205801.8570843,1,0.72662822345501,9.45278120325675,0.42339581129853626,-0.010050286834621081,0.16795553933102245,1.5407055026282874
1789205801.9087598,1,0.7273613937906643,9.461795700883012,0.42349649233518083,-0.009003464349574547,0.16360396210778527,1.5433192173576413
1789205801.9570386,1,0.7279764035290895,9.47144850217553,0.422944464339229,-0.008276141591171807,0.15628682405493577,1.5462935060795948
1789205802.0063453,1,0.7284536896005673,9.481992970287738,0.42131883463727376,-0.007483762078035012,0.144702793255205,1.5501436746515767
1789205802.0571384,1,0.7291214112481669,9.493334017483889,0.4176718621274837,-0.004812206715908821,0.12534039254634494,1.5565013135931571
1789205802.1068912,1,0.7308599416681886,9.50425202885093,0.40954619335827225,0.006706400553420711,0.09051472285669329,1.5660088715874758
1789205802.1565795,1,0.730393389997148,9.513213008723833,0.4013781087630876,-0.0026747626861141874,0.06974675854785801,1.5637156336460891
1789205802.2071228,1,0.726760228165259,9.520816200880862,0.39834130103706217,-0.016352025494894448,0.054062816845075405,1.554206048856608
1789205802.2570815,1,0.7254331882999222,9.527882802987072,0.4031953414496232,-0.013242292102246225,0.055640385640644316,1.5583672526920245
1789205802.3068347,1,0.7254594279471446,9.535785295539627,0.4104356066494808,-0.012090369236837118,0.05165015146835547,1.5656658291938716
1789205802.3572638,1,0.7259286539026001,9.544296752378422,0.4158358682213957,-0.010695655272421539,0.048043416165659485,1.5726249045193226
1789205802.406985,1,0.7264288226060429,9.553294937019013,0.41880910429195356,-0.009652472936465048,0.04742203372718851,1.5783255776484435
1789205802.4567242,1,0.7268926109484719,9.562645165694628,0.4201476462994442,-0.008287676873344437,0.04888546753188037,1.5827358221624568
1789205802.506809,1,0.7273368197055441,9.57221425811517,0.4207513761870804,-0.007043284589278186,0.05051953575883929,1.5859807671320003
1789205802.5570004,1,0.727660169133963,9.58187901086776,0.42109723571698177,-0.00606818675369606,0.05244304958006193,1.5886684851051764
1789205802.6067061,1,0.7278876114242999,9.591570364286348,0.4213922960810331,-0.005253961648106932,0.054288765419617455,1.5910273337785363
1789205802.6570468,1,0.7279884363838688,9.601230036525259,0.4215569945625214,-0.004678201162513514,0.05611601082986673,1.5932322267458776
1789205802.7069492,1,0.7280031824650846,9.61081381851366,0.4216920758696869,-0.004286818304380831,0.057867035944578836,1.5953509459356383
1789205802.757409,1,0.7279114902676163,9.620290024003543,0.42175733828257433,-0.004090172323992596,0.05920695251192206,1.5973357922930755
1789205802.806855,1,0.727726285485065,9.629643879881305,0.4218050432963383,-0.00404282317505695,0.060231899994551925,1.599194162921575
1789205802.8573952,1,0.7274636855897335,9.638860153199794,0.42183457564047144,-0.004108322337522731,0.06111122615678404,1.6009826185966831
1789205802.9069808,1,0.7271554383975934,9.64794177100807,0.4218545116839056,-0.004262069172363223,0.06173733463979974,1.602934977645057
1789205802.9572825,1,0.7268303498641817,9.65688472467241,0.42187291417186956,-0.004290281403142192,0.062091939196170925,1.6049703824394974
1789205803.0066242,1,0.7264907041015003,9.665678272594118,0.42187034725319766,-0.004286879680905727,0.0623093571359853,1.6071316263333022
1789205803.0574055,1,0.7261388008986714,9.674336959507524,0.42183609673281375,-0.004202188485643915,0.06255972307879734,1.6095092436513003
1789205803.1069236,1,0.7257761597448289,9.682880781517138,0.4217928623700099,-0.004002693548425149,0.06267392775208483,1.611870450718932
1789205803.1567621,1,0.7253651834800771,9.69133995231081,0.42173192706025014,-0.004027923806394486,0.06265978634557218,1.6140443282239656
1789205803.207343,1,0.72488948891381,9.699717512872942,0.4216591724074814,-0.004224527133283972,0.06252063222049775,1.6160846024596884
1789205803.2574444,2,0.7243883909223438,9.708027039351238,0.4216175323404674,-0.004437349008136413,0.06255492438442747,1.6181440409923031
1789205803.3069599,2,0.7239043610059221,9.716303874053965,0.42160259233086955,-0.004454406931982633,0.06271299062244011,1.6203770531596295
1789205803.3572793,2,0.7234471167865713,9.724540354758663,0.42154598310946917,-0.004387652085610862,0.06269437498762523,1.6227142784502606
1789205803.4066682,2,0.7230165318092213,9.732720722013783,0.4214878815721392,-0.004295003800583221,0.062494139091463057,1.6251996683411982
1789205803.4569414,2,0.7225772373212359,9.740846864149415,0.4214339124363375,-0.004106861461216621,0.062219877621513806,1.6278713667015479
1789205803.507967,2,0.7221004248560507,9.748943028751562,0.4213721481626228,-0.003917692583568501,0.062309764122588755,1.63070149038683
1789205803.5565448,2,0.7215770599074025,9.757018878060045,0.4212936523196708,-0.004002881890891139,0.06237393117823613,1.6333339228110229
1789205803.607543,2,0.7210233636719435,9.765057564511254,0.4212112891847489,-0.004093664259092209,0.0621118814538973,1.6358117694146086
1789205803.6566925,2,0.7204584768282137,9.773056745229775,0.4211478064834325,-0.004176677873851303,0.061895206631623824,1.6384308746164769
1789205803.707234,2,0.71988792534783,9.78093713759686,0.4211366952997293,-0.004151268039048729,0.0621723570627852,1.6409193200271655
1789205803.756302,2,0.7193386118457195,9.788507938741619,0.42113097663637544,-0.0038472610106185783,0.06255888341637271,1.6429927017747639
1789205803.8064766,2,0.7188721146670601,9.795552342723264,0.42122822536858173,-0.0033884422329638693,0.06323971365845274,1.6447510510877579
1789205803.8565502,2,0.7185129066237287,9.801943765573968,0.42131279867209276,-0.002572810982064386,0.0635965941894773,1.6468824535142395
1789205803.9071946,2,0.7181722591527308,9.80749065669792,0.4214228832963029,-0.0018219670944577303,0.06395556499192805,1.6491554218924522
1789205803.9567776,2,0.7179368406542888,9.812219695638232,0.42145933581444023,-0.0007326106936215833,0.06376653625208333,1.6518145411244507
1789205804.0073144,2,0.7176497164973079,9.816305385694529,0.4214535272511167,3.0617460657163126e-05,0.06256292684642936,1.6545962967071963
1789205804.057017,2,0.7174606428821254,9.820005145161412,0.4214892422603132,0.0008991488837684921,0.06123540978979512,1.658229335514228
1789205804.1067576,2,0.7172932421226402,9.82350691328766,0.42147693840099926,0.0008402293139306686,0.059343288923991405,1.6625699359400228
1789205804.1566923,2,0.7171115552349732,9.827033724405597,0.4214406165391858,0.0003074627174595285,0.05739043910731647,1.667601013060383
1789205804.206441,2,0.7169166621520665,9.830615880996977,0.4213894823479159,-0.0003143688673520116,0.05586517991629154,1.67342830950381
1789205804.2564092,2,0.7166397985350489,9.834423227074318,0.42127262713674424,-0.0007296277106314973,0.05390478647232175,1.6793034416775094
1789205804.3067145,2,0.7163456838830257,9.838481762745625,0.42115229384447683,-0.0010668876394346319,0.052160356522133904,1.685467101733219
1789205804.351803,2,0.7160159226982777,9.84193540827702,0.4210075659152733,-0.0018336982684060857,0.05158387294523778,1.6904903114404704
1789205804.3973122,2,0.7154831397947349,9.846659058049816,0.4207451127008298,-0.002556521365567889,0.050608180310631454,1.696607546298009
1789205804.446605,2,0.7148368320546677,9.85169458976028,0.4205166265274567,-0.002331857808973492,0.05015076380292116,1.702233888021161
1789205804.4964695,2,0.7141047992739007,9.85710485587774,0.4202784948405765,-0.0025384194124234882,0.05005961245357683,1.7080971117254575
1789205804.5462992,2,0.7131655007407316,9.862915544301647,0.41997463015506814,-0.0026565589246266173,0.04993697579093676,1.713263722387605
1789205804.5972111,2,0.712088797681977,9.869106554857835,0.4197171234647157,-0.003077455286577968,0.05055597502056281,1.718566108893495
1789205804.6472225,2,0.7108485115316426,9.875763954335284,0.41939415445081135,-0.0034256016837212705,0.05106478445101594,1.723525272127065
1789205804.696666,2,0.7094864996483162,9.882806829885252,0.41908061809345126,-0.00349877159134055,0.0521779221731836,1.7285378649116236
1789205804.7467825,2,0.7079545834021519,9.890238574433436,0.4187395261859078,-0.004052074981986654,0.05297624644775186,1.7331857020267518
1789205804.792597,2,0.707188992527449,9.893917977878065,0.41861398359757457,-0.004377728111197431,0.05363946083718157,1.7354596096154356
1789205804.8405256,2,0.7047271950445837,9.905106977779116,0.41818531288800354,-0.0048821471506711915,0.05515336447197338,1.741755452851213
1789205804.8867195,2,0.7029830009442947,9.912762823546185,0.4178731006654943,-0.005232370678458987,0.05590979692504844,1.7459060220994396
1789205804.9372308,2,0.7010251588557782,9.92131892486221,0.4175870263781764,-0.005650155144173406,0.057203001759814985,1.7501497029412274
1789205804.9867105,2,0.6989830490041371,9.93007832300553,0.4172251332354187,-0.005949282548702029,0.058018719336849885,1.7540613561133827
1789205805.036448,2,0.6968979759838937,9.939026735048042,0.4168861553221628,-0.00653096597013054,0.05902169479510783,1.7578938656082836
1789205805.0868974,2,0.6947791974286112,9.9481250406299,0.41657607376970174,-0.006997544939792644,0.060067686082718806,1.7615251814568684
1789205805.1365573,2,0.6926406166960727,9.957347172753693,0.416320126560533,-0.007408733380201746,0.060875834674633866,1.7648618598345593
1789205805.1870055,2,0.6904562795920877,9.966681085425742,0.4160721933135132,-0.007783780514630075,0.06170474947399874,1.7681715977344827
1789205805.2364824,2,0.6882238950689902,9.976117821892016,0.4157906163715611,-0.008059984298164182,0.06227132469002001,1.7714524716990085
1789205805.2916536,2,0.6867133338895149,9.982597746546224,0.4155665006709612,-0.008006323997941238,0.06253828797734509,1.7739472642212213
1789205805.336984,2,0.6836953707917124,9.99524802280916,0.4151858981661437,-0.00831732885344025,0.06294986648794268,1.7784176776773548
1789205805.3847723,2,0.6816363603515232,10.00374796188128,0.4149172874658539,-0.008458786426100515,0.06325978516717957,1.7813366650541744
1789205805.4307458,2,0.6792396570500888,10.013447010047473,0.41461387351461443,-0.008758678010248525,0.06366919841100468,1.784754412555194
1789205805.4769177,2,0.6770093728153214,10.022409688698273,0.4143424942483754,-0.008789538529336003,0.06381721400173651,1.788673405519856
1789205805.5266545,2,0.6745485666167543,10.032197958012562,0.41403890863055187,-0.00855471158820633,0.0635733981653017,1.7937435844720682
1789205805.5720108,2,0.6723587311350808,10.040801670850238,0.4137624736454596,-0.00834260363071908,0.06341356384206275,1.79918346685773
1789205805.6212842,2,0.669839212772282,10.05053982228832,0.41344077445651783,-0.008368378195004078,0.06310313606858112,1.8066431102154727
1789205805.666567,2,0.6674784417940023,10.059459639017804,0.41317113329215976,-0.008556461044255916,0.06276524859535905,1.8141236288305094
1789205805.7171612,2,0.6648416385146526,10.069114190808062,0.4128002562201342,-0.008903192198711031,0.06217774479448983,1.8231248000274587
1789205805.76644,2,0.6621143421989145,10.078670296470472,0.4123173401465327,-0.00897885043727891,0.06162162592788113,1.8325328696580125
1789205805.8168137,2,0.6592303310483032,10.08810411710254,0.4117833380067739,-0.008656391821344225,0.06127508645890082,1.8422043026937587
1789205805.8665955,2,0.6562005232613636,10.097463578490862,0.4111278246262741,-0.008723865135962947,0.06092866865192858,1.8515508524392759
1789205805.9177852,2,0.6529485860102529,10.1067273633983,0.4104542450924049,-0.009327350535335843,0.06047687632920041,1.8606820266281385
1789205805.9669578,2,0.6496217280446589,10.115978652738484,0.4097064247700312,-0.00952919931926705,0.0601672130898569,1.869200186720462
1789205806.0163682,2,0.6462290626892403,10.125189142332845,0.4088877086822729,-0.00983742341737524,0.05975986528509112,1.876820926615396
1789205806.066761,2,0.642790916918497,10.13435742328864,0.4078682550646967,-0.010312679201380227,0.058976090724034404,1.8839501964888479
1789205806.1167371,2,0.6393114458680119,10.14348864266586,0.4068074350134986,-0.010051074312604779,0.05872396687070726,1.890552121837465
1789205806.1670148,2,0.6358282937154623,10.152660015806832,0.4059257021294371,-0.010134621711677488,0.057768961806563796,1.8965842793438459
1789205806.2167175,2,0.6324003158560644,10.161946691180228,0.4052404437893745,-0.009887616189152574,0.05689101773056138,1.9022716918875169
1789205806.2674015,2,0.6290056115472763,10.171378617901205,0.4047641905783644,-0.009281292672277583,0.055622618264821365,1.9075631656646705
1789205806.316816,2,0.625618657434263,10.1809480231236,0.40438571446929006,-0.009021446206148373,0.054488430528927774,1.9126084831956116
1789205806.36775,2,0.6222124625291211,10.190696182280922,0.40409759174975524,-0.008735382469289404,0.05368940047420936,1.917602679632558
1789205806.4132848,2,0.6193907251011317,10.198540185042381,0.40386529652174846,-0.008920134471463824,0.05268853871519911,1.9213260229908478
1789205806.4610393,2,0.6155711982686594,10.209300751888033,0.4036588010053221,-0.008692963755881017,0.052243235205766306,1.9264569632761566
1789205806.507393,2,0.6121977117551265,10.218532234956152,0.40342031508994847,-0.008699386064806677,0.05149234829267266,1.9302166300843437
1789205806.5570104,2,0.6085200258613077,10.228709688748552,0.40311385836762875,-0.008171802367449273,0.05144302389690593,1.9333721378184034
1789205806.607261,2,0.6047468419621052,10.239002925749839,0.4025958829928281,-0.007825704127605233,0.05095363095903592,1.9350369109728598
1789205806.6574197,2,0.6009027108101318,10.249372989264703,0.4020033744164305,-0.007650792611044784,0.05075951771419108,1.9357666102674786
1789205806.7074869,2,0.597004544290446,10.259805960302206,0.4014816828084104,-0.007493685181030434,0.05033392012964974,1.936062680140606
1789205806.756619,2,0.5930744751368342,10.270331840910089,0.4011081091985807,-0.007421867555803364,0.049688492578813824,1.9362303728776464
1789205806.8066845,2,0.5891559650087632,10.28100287972958,0.40102203013623744,-0.007106716472555842,0.0493974519242771,1.9364564776685878
1789205806.8565533,2,0.5852337930611656,10.29181607640714,0.4012135975145906,-0.0067144526985209166,0.04897138606066988,1.9370203363064766
1789205806.9076426,2,0.5813123648566841,10.302845466066955,0.40155851785655344,-0.0060726850465784785,0.04784079811543864,1.9376874405594464
1789205806.9570131,2,0.5774931286809063,10.314098120165797,0.401937340854511,-0.004870795681360163,0.047232871404245536,1.9389908292253075
1789205807.0070965,2,0.5736463933219399,10.325470632816302,0.40232193845834946,-0.0038843525995474943,0.046561173230735164,1.9403214672973086
1789205807.0575025,2,0.5696951526386957,10.336900045360487,0.4026087760339879,-0.002999577034850033,0.0464068650170653,1.941860678687448
1789205807.10654,2,0.5655939239843683,10.348344732880108,0.4028028384146894,-0.00257922201522394,0.04649330069797983,1.9434386363459015
1789205807.157397,2,0.5614149272789601,10.359793039720921,0.40301441523301823,-0.0020457876406256665,0.04688489988377492,1.9454163623303367
1789205807.2073107,2,0.5571226873219596,10.371152969530556,0.4030430221507459,-0.0019023537474414617,0.04741750908655947,1.9476963950921145
1789205807.256905,2,0.5527849536156788,10.382450695356015,0.4030432380588517,-0.0017708933853054114,0.047881754422158605,1.9501583033813072
1789205807.306844,2,0.5482849401678125,10.393580271858106,0.40302775078128983,-0.001989389189107136,0.048447628828870944,1.9531492680885425
1789205807.3570123,2,0.543767314539219,10.40464191076393,0.4029722213367166,-0.002092559171379509,0.04878840161606873,1.9560297709841032
1789205807.4064271,2,0.539288694379143,10.415619435232001,0.4028041948565406,-0.0020351114954003696,0.049076275962157606,1.9591531454345148
1789205807.4514766,2,0.5353595373844924,10.425197613020806,0.4026469507441221,-0.0019289474300140915,0.049293569207564975,1.9619970077750193
1789205807.4969819,2,0.5312084863157559,10.435096806650494,0.40249207391893077,-0.0020529036885498907,0.04913714662473396,1.9651606088948752
1789205807.5465345,2,0.5266993637649584,10.445811423491516,0.4022697638900204,-0.0019375331672854552,0.049062737683183595,1.9686675295539633
1789205807.5970545,2,0.5222089260641664,10.456443710104312,0.4021015219202503,-0.0019009096512933603,0.04917942976644263,1.9719784063833992
1789205807.6473525,2,0.5177516746860862,10.466986647207765,0.40187236213493627,-0.0019228187198213243,0.049257601189392236,1.9750134130773283
1789205807.6964848,2,0.5133060748083945,10.477475294249606,0.40157346790994064,-0.001696100209086682,0.049232547506918786,1.978042451402335
1789205807.7463937,2,0.508861868615957,10.487912805894569,0.40136909769226153,-0.0014778933494405723,0.04904136486538024,1.9810151596320822
1789205807.7958438,2,0.5067224043458222,10.492901066290356,0.40129079228658404,-0.0014530146856619529,0.0488944748276094,1.9822185136173367
1789205807.8473125,2,0.4999361778865631,10.508711012460742,0.40108838988912165,-0.000982689641403724,0.04844968456094378,1.986997840759599
1789205807.8965335,2,0.4954630110682,10.519109174014753,0.40102965083506953,-0.0007014686225699321,0.04787164516314752,1.990436931304759
1789205807.9466045,2,0.4909998117340478,10.52952311651365,0.4009482977951903,-0.00014136925326463682,0.047545156610785684,1.993895564703613
1789205807.9971535,2,0.4864474865223149,10.539855131537067,0.400886350686902,-1.451917011111205e-05,0.047274058658003645,1.9975275327357485
1789205808.047226,2,0.48181600061912533,10.550125153653026,0.4008736996928674,1.4189109664224219e-05,0.04657846769910336,2.001565659393217
1789205808.0971134,2,0.4771882385901348,10.560397229228828,0.40082299838508206,0.00015916324982195604,0.046025079767185735,2.005844673961372
1789205808.146906,2,0.4725123509429103,10.570634694233437,0.4007423030488691,0.0003624770479567771,0.04541995048112469,2.0101647952579977
1789205808.1966033,2,0.4677977006957333,10.58081977497895,0.40060151819376305,0.00035557554036551395,0.04515549093559891,2.0140354925413324
1789205808.2471106,2,0.46303996156996335,10.59094529350656,0.4003599370093628,0.0005980148417028539,0.045056914758100176,2.018043980694871
1789205808.3125048,2,0.46072388921973884,10.595767191318815,0.4002120943031066,0.00047313054207800726,0.04489739927674294,2.0199021021728853
1789205808.3605616,2,0.4520403791143311,10.61374917358598,0.3996848992268028,0.0006900443384924113,0.04446536977410094,2.026654294451297
1789205808.4064357,2,0.447575508038414,10.622892037583208,0.3994273984590577,0.0008497433584296708,0.04431640927717166,2.029866328850956
1789205808.4570637,2,0.4427126443150016,10.632818171871424,0.399159334156369,0.0009860620444344106,0.044139527396301455,2.0332912187344263
1789205808.5073605,2,0.4378447581425881,10.642721075302681,0.3989667491057632,0.001061802150831689,0.043751210150848825,2.0367788442945827
1789205808.5571911,2,0.4330092315934067,10.652661605011275,0.3988724438092334,0.0015203479360062413,0.043660641399583394,2.0403667198005127
1789205808.6064734,2,0.4280465216342365,10.662570693540546,0.3988309168510737,0.0016302815901273195,0.043217550092547616,2.0435769121676004
1789205808.6565351,2,0.423047312233577,10.67252900982311,0.39875740266386744,0.0018033765317405255,0.04283323144501307,2.0463669679323977
1789205808.707137,2,0.41802676945258116,10.682540795302042,0.39859255762148244,0.00203917638439153,0.04270420233903718,2.048549389364924
1789205808.7571273,2,0.41295892543745355,10.69257902474324,0.3984268929332991,0.0022142447252463133,0.042680284926548365,2.0502737828604163
1789205808.806873,2,0.40788879968395514,10.702719840296497,0.39818356189349086,0.002497559784868969,0.04296631835426012,2.051463485487656
1789205808.8564825,2,0.402770362730994,10.71287494023708,0.39780797446710886,0.002670272720042809,0.04305881714104832,2.0523196143404414
1789205808.906678,2,0.3975699194748702,10.723044856042726,0.3974972329030379,0.0027627682526843353,0.042737523293313186,2.0531641008326895
1789205808.9567766,2,0.3922941568237876,10.733254168479885,0.39743279207367055,0.002767965282412908,0.042204216257950504,2.054345846866149
1789205809.0067878,2,0.3870000468027592,10.743560638942006,0.39751219081413813,0.002883261881228223,0.04185197527272636,2.0558527003790035
1789205809.0564797,2,0.3817244744706152,10.753978274874497,0.3978378945904064,0.0031781556465978896,0.041176686874690074,2.057669254633575
1789205809.1070886,2,0.37650016739417486,10.764548140747616,0.398287808034465,0.0037485513365494816,0.04048352106821401,2.0600021763201997
1789205809.1568635,2,0.37128353821208404,10.775224497696593,0.3987992732164039,0.004424152578027715,0.03954594851503802,2.0623613224759816
1789205809.207049,2,0.3660653953238682,10.785930278043423,0.39922221358715465,0.0052380706240720215,0.03975076437837651,2.0649720012991093
1789205809.2573955,3,0.36078508495333583,10.796623279859077,0.3994277478657058,0.00589997879020789,0.03972553942179209,2.0673329373848186
1789205809.307616,3,0.35542951340009504,10.807218011260066,0.3995632498657892,0.0065071956406665635,0.040002424211801155,2.0696663264873436
1789205809.3570333,3,0.3500051766406795,10.817662707921835,0.3995391251207388,0.0069272103287728775,0.04083361379524975,2.071738342862002
1789205809.4070673,3,0.34441877356917106,10.827881801173575,0.3995550393038002,0.006901859274041872,0.04118614544090214,2.073841988520331
1789205809.4572623,3,0.33876012229755303,10.837919946785728,0.3994903648155035,0.006499443364890093,0.04143871331593329,2.075663839081501
1789205809.5058758,3,0.3337701621020535,10.846659127317976,0.3994062817768441,0.006230870765613376,0.041907346663080644,2.0772851945297406
1789205809.5564604,3,0.32740578673502996,10.857606497414352,0.3993589219953082,0.005473468371256628,0.04209949802492411,2.079237908715652
1789205809.6064103,3,0.3218429422985633,10.86730345204604,0.39931799433985005,0.005132859243547873,0.04238850661292138,2.0809123933442955
1789205809.6571374,3,0.3163334431992483,10.87690399950015,0.39935687688945115,0.0048345806298889194,0.04244141709450866,2.082856245283445
1789205809.7066588,3,0.310858410674878,10.886450345745194,0.399476962464234,0.004668799090334144,0.042175154492489667,2.084948389100031
1789205809.7571404,3,0.3054052680060134,10.895973562897266,0.3995943393377312,0.004412068498497868,0.041875515336190244,2.086780404932807
1789205809.806751,3,0.30003249379325947,10.9055267922704,0.3996693634754764,0.0044718390839710714,0.04179691311722918,2.088336498977712
1789205809.857187,3,0.2946693954513116,10.914947048412708,0.39979435682584635,0.0042809280091324255,0.04160891974896473,2.0898557419149957
1789205809.9067569,3,0.2893428380627263,10.924334093136155,0.3998683920665539,0.004343998416955273,0.04148896183208354,2.0913316001853435
1789205809.9568717,3,0.2840357777555768,10.933638353509933,0.3999372631454959,0.00423467633528735,0.04135666241087213,2.0922977266405507
1789205810.0069156,3,0.2787876122180179,10.94291285409006,0.40001020315445723,0.00423599957773963,0.041322694606428116,2.0932166963780263
1789205810.0567946,3,0.27357531479441344,10.952131059508694,0.40007456142448616,0.004300133722506614,0.04134510302324914,2.094053626728236
1789205810.1075697,3,0.26837394822737526,10.96122913880757,0.4001136051690928,0.004137160463934798,0.041342905532252824,2.094541402662639
1789205810.1564395,3,0.26319936780670006,10.970242915034799,0.40017907609613745,0.0039538183609377706,0.04140205233876851,2.0949120562158856
1789205810.2014902,3,0.25873002669616446,10.978137325159334,0.40025635269667165,0.003915296278050304,0.04155410212157142,2.095207213984589
1789205810.247019,3,0.25411295173505327,10.98636068718334,0.4003615988684418,0.004018098006050009,0.04162305672745374,2.095459236859068
1789205810.2952557,3,0.2516902838574033,10.990612180689558,0.40041105798703724,0.0038664686340671973,0.041357767525559905,2.0953426667341657
1789205810.3405955,3,0.2447334628869598,11.003008586971525,0.40058443791663284,0.0037869056413075207,0.04132057029019378,2.0951797103725087
1789205810.3870816,3,0.2402171595510086,11.011096970290291,0.40074405297532395,0.0037018767548130573,0.04124897998419554,2.0946878796200314
1789205810.436703,3,0.23531217782466096,11.019843652833762,0.4009056607468456,0.003418326308358851,0.04103468643101966,2.093548197037203
1789205810.486537,3,0.23048237432564692,11.02856773577236,0.40109429555822573,0.0031450202428517236,0.04079810537238659,2.092161151349633
1789205810.5365336,3,0.22666232251943055,11.035516374152593,0.40129882961865554,0.0032358176262409794,0.04065963244493052,2.09099805295362
1789205810.5866325,3,0.22102826569003967,11.045893078727191,0.40155514475957177,0.0033347430691660364,0.04034397527830982,2.0887977910020994
1789205810.6370885,3,0.21638629030282774,11.054482130162702,0.401819119724684,0.0030897961369831966,0.039990743312756344,2.086644495623392
1789205810.6870809,3,0.21189353955187978,11.063057405735218,0.4021599294302,0.0032486922635748122,0.0397696777178297,2.083943195554869
1789205810.7367826,3,0.20747253780090366,11.07152796052141,0.40249739611125607,0.0034792943109223074,0.03951009606167214,2.079485497275546
1789205810.804934,3,0.2045386788234541,11.077234178159152,0.40275663616571467,0.0036322634271719174,0.03910698230133923,2.075531506162718
1789205810.8508282,3,0.19791198548889252,11.090442137629662,0.4035097658613466,0.004531587677587437,0.03822939084474059,2.0635544751719066
1789205810.8963885,3,0.19425573378557737,11.097882943344073,0.40402578465536054,0.004255084689433385,0.03783099213548274,2.054750225030304
1789205810.9471548,3,0.19049766858557848,11.10597265356704,0.4046807091946899,0.003923031053428823,0.037226667007270016,2.0443762940632424
1789205810.9973862,3,0.1869434808905241,11.114062946185777,0.4053961955324493,0.0038391747194182453,0.03666441639896527,2.0322625255554
1789205811.047332,3,0.1834576711206121,11.122061605580077,0.4062133145570065,0.0032209122165058578,0.03616196335533224,2.018833933394925
1789205811.097285,3,0.1800782355424015,11.130098776608953,0.4070672777982581,0.0030769222849836076,0.035469201076470155,2.0042522400209943
1789205811.1472423,3,0.17686810921059354,11.138153065300637,0.4080236607292015,0.00228239784430274,0.03531312358722268,1.9895427728960249
1789205811.196914,3,0.17390896637576833,11.146373363429925,0.4090120405992768,0.002308336638538055,0.035007041253975114,1.9747854571754646
1789205811.246783,3,0.17117746285231403,11.1547342127434,0.4100638748305614,0.0016591685379543815,0.034660947962678955,1.9600064796910996
1789205811.2961874,3,0.16995900714102738,11.158813144495122,0.41057393512153045,0.0019725446348374796,0.03472019021805095,1.9530547402842462
1789205811.3469584,3,0.1663475308203762,11.171974045109438,0.4121324451674062,0.0014704284628883342,0.034871766532640645,1.932153651392155
1789205811.3966162,3,0.1641747438156073,11.180828560910747,0.4129963988916807,0.0012319021128661344,0.0352287331645259,1.9191053023587044
1789205811.4470456,3,0.16213867381193725,11.189782254803287,0.4138875461146777,0.0011979122784998803,0.03573540570676069,1.906803892318977
1789205811.496915,3,0.16018610803221903,11.198900775437094,0.4146321740173473,0.0018256894014199972,0.03657275373050646,1.8960400482238575
1789205811.547008,3,0.1583067718408198,11.208130677948823,0.4153178634861676,0.002456002793688546,0.03733308481667904,1.886156515579998
1789205811.5970306,3,0.15651607071268434,11.217548060655485,0.4159051084404697,0.003199906376283486,0.03862145211522084,1.8774821592145094
1789205811.6472592,3,0.15468793768841602,11.227063461976435,0.41635011047625803,0.0035801871149940406,0.039846034691958965,1.8696304804886203
1789205811.69742,3,0.15285998414107418,11.236696486729164,0.4167280640410339,0.004312459470195159,0.04123241405683722,1.8630991894509612
1789205811.7468436,3,0.1510290328143154,11.246399228518621,0.41697006456441293,0.005001535705058053,0.042708549544748904,1.8575454052798401
1789205811.8059697,3,0.15012820233908292,11.251060577651552,0.41707902796163626,0.00520361287692546,0.043338819931537376,1.8550955088441436
1789205811.8511422,3,0.1470588375637573,11.266638546874557,0.41731482244294127,0.007363615651119153,0.04590485179580936,1.8497700690623946
1789205811.8967338,3,0.14521215219590533,11.275625766777944,0.4173834464539694,0.008179856898176619,0.0474393354542315,1.8476235675380535
1789205811.9464264,3,0.14308161034956363,11.28538010509619,0.4173855014486073,0.008907847492472197,0.048842243193039835,1.845792722350651
1789205811.9966748,3,0.1408935907623811,11.295093376506316,0.41736299534702026,0.009751740672882859,0.05005424841679934,1.8447546012358742
1789205812.0468476,3,0.13860265790953305,11.304751018778063,0.4173717117552651,0.010504873137778216,0.05108507152771605,1.8441818497866762
1789205812.0970757,3,0.13627383976870872,11.314346445685468,0.4172858578206898,0.011244378066316008,0.05224045923195477,1.8441576901247771
1789205812.146774,3,0.1338815623436511,11.323869761001932,0.41719044487778006,0.011879954642641164,0.053314878672965346,1.8443058204902503
1789205812.197609,3,0.13143995565181527,11.333324864832438,0.4170244046564732,0.012295377942431024,0.053995292114235656,1.8445733202042804
1789205812.2473292,3,0.12895763719400663,11.342699570165875,0.41687718109511795,0.012649297312962536,0.05455669477525533,1.8449706509920423
1789205812.2994933,3,0.12777295177043896,11.347174182206034,0.41683445670878544,0.012895072083079037,0.054608443918945225,1.8452909949625493
1789205812.346497,3,0.12382991826905174,11.36125215219087,0.416633936422936,0.012982619167571862,0.055466747379089694,1.8459912811819121
1789205812.3973875,3,0.12121911969137404,11.37048850191487,0.4165128473641544,0.012978532466770021,0.05598017112881644,1.8468487611860767
1789205812.4475152,3,0.11858228390646366,11.379711644613653,0.41640603684306604,0.01294001262347607,0.05643461555699092,1.8478341771389888
1789205812.4964519,3,0.11592445161873671,11.388928268098697,0.41628913728491873,0.012873897874697967,0.056758361004736954,1.8487479805407485
1789205812.5463514,3,0.11322664016294011,11.398133320736653,0.41614984797558485,0.012776655607191358,0.05708307372549105,1.8497598405278846
1789205812.5921803,3,0.11106490196095488,11.405482939908715,0.4160669060437529,0.012717601840161217,0.057300535667250414,1.850563495094477
1789205812.6372008,3,0.10839137257170615,11.414657455655032,0.4159651660017486,0.012796823170129713,0.05743967056331756,1.8517578966850048
1789205812.6870842,4,0.10570480200080963,11.423789146734405,0.41585696888566,0.012833873851642039,0.05764516312208375,1.8529207293021872
1789205812.7373974,4,0.10299043537538632,11.432890367304655,0.4157614756561602,0.01276775559750589,0.05790576318394756,1.8539776795735268
1789205812.803757,4,0.10117332920323063,11.43906111043698,0.4156779611126309,0.012896417987347702,0.057916362570567856,1.854865893429353
1789205812.8512182,4,0.09677619080366724,11.45346430680455,0.4155354016488661,0.01253067813039355,0.05782071881874644,1.8566943636007411
1789205812.8974767,4,0.09427512407241727,11.461729743068783,0.4154719205498033,0.012497265402632246,0.05785646431150742,1.8580527694759024
1789205812.9473026,4,0.09152546281956461,11.470661537429518,0.4154170457979104,0.01229676249817884,0.057952541672278444,1.859338035949441
1789205812.9972355,4,0.08876577823811606,11.4795593260046,0.41537485770907423,0.01215293395979005,0.057980870442359035,1.8606426977665436
1789205813.0473838,4,0.08600324407180106,11.488437949980119,0.4153354100074781,0.012065150380265042,0.05791181953610675,1.8619999763943
1789205813.096929,4,0.08327878910737632,11.497292590269788,0.4152806594823077,0.011898738702930208,0.05786822288523252,1.8635578423890213
1789205813.1473272,4,0.08058481420808646,11.506119018257513,0.4152588131100565,0.011893455309543987,0.0576941169360457,1.8649917206239872
1789205813.1970673,4,0.07784824682736496,11.51488161447954,0.41520764182257064,0.011856317636350849,0.05768389530865261,1.866152922012731
1789205813.2471402,4,0.07509313853971565,11.52357656290841,0.415187612271613,0.011757815392506405,0.05767650485943772,1.8673018545248983
1789205813.292307,4,0.07379771129115634,11.527728642604623,0.41520031616565123,0.011878759905919406,0.05760493660308839,1.868084448345068
1789205813.337397,4,0.07015760921051696,11.539081404849057,0.415209969409055,0.011628397138573462,0.05763479687611731,1.8692572875667182
1789205813.3874056,4,0.06744117795095476,11.547646546147721,0.4152084219586592,0.011590495989229095,0.05742454840454131,1.8700944551375236
1789205813.4372437,4,0.0646927222991102,11.556144140509277,0.4152010227213319,0.011358301239065362,0.05724569638331775,1.8706490479368505
1789205813.4871004,4,0.0620015046604277,11.56461865745224,0.4151938501174671,0.011307624579767911,0.05687777844192002,1.8712232669054822
1789205813.5369751,4,0.05929886179186906,11.573034831628407,0.4151945037532524,0.011092864166749853,0.05680164567125382,1.8714628136806704
1789205813.5872817,4,0.05664623906650606,11.581435320765058,0.41516716559056216,0.0110607394777619,0.0565890691434217,1.8717101927467494
1789205813.6366873,4,0.053972740892333525,11.589768261325148,0.41517670244714727,0.010866120753267648,0.05668807837054408,1.8717379235848093
1789205813.6866846,4,0.05131442899428541,11.598085003883137,0.4152231381450809,0.010682269122328001,0.056653092880486686,1.8717307574606517
1789205813.7369928,4,0.04872775608621401,11.606376380917132,0.4152500625669138,0.010711599650303308,0.05650054373224994,1.8717408979249701
1789205813.79569,4,0.04697697111872012,11.611962810944226,0.4153140754733841,0.01069551609622332,0.056430233594242256,1.8713326671133403
1789205813.8464134,4,0.04322059683862078,11.624355760317565,0.41538703187363746,0.011115345516058377,0.05670075266839014,1.8685357915317111
1789205813.8970816,4,0.04090243542858954,11.632370978485046,0.4155166829307076,0.011801414259464,0.05659843056112291,1.8651371340662022
1789205813.9467857,4,0.03868218609462421,11.640283250520104,0.41568371145098726,0.012290703254241813,0.05660366057061358,1.8601986575837646
1789205813.9971662,4,0.03659460958557331,11.648090229151382,0.41582746236648427,0.013159570993823597,0.05642422723918145,1.853880469569223
1789205814.0473733,4,0.034682513095577155,11.65578589298452,0.41607814961136985,0.013798057900722612,0.056138181693729486,1.8464315104484628
1789205814.097373,4,0.03293642196319805,11.663431909812292,0.4162292647608927,0.014150912685963957,0.055791721546929345,1.837292242022204
1789205814.146955,4,0.03135370102521905,11.671016337063667,0.41637720710413045,0.014218559960817787,0.05517689165684201,1.8267714811622773
1789205814.1964445,4,0.029996631897918468,11.678528381220742,0.4165994250170968,0.014743181475376522,0.05452380888360082,1.8145887482987166
1789205814.2471669,4,0.02884037467584397,11.685995163484012,0.4168353450122884,0.015271481791915512,0.05387361777904833,1.8009006132314933
1789205814.2925746,4,0.028379402070421292,11.689604932286592,0.41690807685809955,0.0150866146327041,0.05318923624816943,1.7938094809734813
1789205814.3413184,4,0.027223974753638185,11.700138716721652,0.41713072875946555,0.015176561323958787,0.0521860934575116,1.771498909347882
1789205814.3870153,4,0.026631897172861175,11.70710590510402,0.4172565966627191,0.015523384162118752,0.051688075263785306,1.7561014203390861
1789205814.4370253,4,0.026249848925688785,11.714804553350664,0.41736672684684395,0.015730883742795024,0.05105029047991972,1.7397646155423274
1789205814.4824963,4,0.02608136985440668,11.722098521569528,0.4173375197615047,0.01587211138673206,0.05090099547889547,1.725460119410385
1789205814.5332294,4,0.026091986531395554,11.730090384345418,0.41730825393188203,0.01638912948182221,0.05152776207495557,1.7104422656894267
1789205814.582971,4,0.026279065356271107,11.738312553468257,0.41708936796795887,0.017238494842509017,0.052086942670669135,1.6969517387399977
1789205814.633672,4,0.026551231982114603,11.746743371371268,0.41681750021144814,0.017191568588392197,0.05343201376187991,1.684452183004818
1789205814.6827006,4,0.026840770883619296,11.75539630073962,0.4164945185820752,0.018512761115370126,0.054363759905815885,1.6735874027576998
1789205814.7333033,4,0.02698567681820167,11.764272280573355,0.41608995586212066,0.01892354583984549,0.0558176551435388,1.6635081176298505
1789205814.7937572,4,0.02703333247013794,11.771522692573603,0.4157085863056816,0.01984554778358284,0.05708212751484809,1.6568189170125758
1789205814.843311,4,0.026877142288569744,11.784610515723413,0.414928884971849,0.02022649180857834,0.05948856596711486,1.646585883344358
1789205814.893238,4,0.02661548372321032,11.794209839291637,0.4143065349225042,0.020517830014789976,0.06165022171247991,1.6409527717335533
1789205814.9434314,4,0.026198726335108332,11.804012139417779,0.4137533185277104,0.020476505619896244,0.06331369064652694,1.6359557621901855
1789205814.9924555,4,0.025691480467660937,11.813981109430665,0.4131795259686299,0.020440041456526815,0.06522165009622231,1.631590780343399
1789205815.0425336,4,0.02505150768131358,11.824153376805072,0.4126549761341911,0.02013795637104954,0.06695141417534799,1.6279469735017165
1789205815.0929909,4,0.02439922635735172,11.834516757755118,0.4121543925948435,0.020034193964561645,0.06899632243833394,1.6254237423129532
1789205815.1427643,4,0.023717258131339458,11.845049205166456,0.41167506105417356,0.019954822280124827,0.07061458849415372,1.623078552033244
1789205815.1930432,4,0.02300706289366193,11.855740363712338,0.4112665846692826,0.019700311397237078,0.07257353030215331,1.621336365912538
1789205815.2430425,4,0.022232845494269484,11.866564334875902,0.41091432975792125,0.01907813870072396,0.07394393214472372,1.6193349148234453
1789205815.2919707,4,0.02179020182583071,11.873113342446313,0.4107466030569512,0.01882939786187056,0.07483938698612586,1.6182611100915216
1789205815.3374097,4,0.020885356024666804,11.887186946179643,0.4103753907197494,0.018345480700678214,0.0764651289526577,1.6161509863597296
1789205815.3828447,4,0.020291109122529193,11.897372748819329,0.41014585780517837,0.018157990474271846,0.07746184322307877,1.6146907554179246
1789205815.4333792,4,0.01970460994426226,11.908526328752544,0.40989773020854525,0.018072502083542177,0.0784370293367719,1.6129993713738089
1789205815.4830644,4,0.01920326161059452,11.919747005453928,0.40970984712370384,0.018178506733592163,0.07930878550895569,1.6112912026646
1789205815.5326042,4,0.01876983405173124,11.931011917619898,0.4095559486821079,0.018409536518759827,0.08004466699089233,1.6096039855964257
1789205815.5826719,4,0.01835129358207473,11.942306374206941,0.40941064772171676,0.01859399568507012,0.0808474358588962,1.6076937370611266
1789205815.6332939,4,0.017929035330052596,11.9536590026897,0.4092849567917169,0.01866894851768452,0.08161324149230596,1.6056395011970503
1789205815.682443,4,0.017584054640377014,11.965038358259553,0.4091650351819503,0.01894442550708123,0.08224386425799231,1.603393920299407
1789205815.733237,4,0.017275608844491183,11.976430419235239,0.4090702840563774,0.019161400784064666,0.0829527341391995,1.6012028409187558
1789205815.7950838,4,0.017036909833899716,11.985564714912135,0.4089523217488177,0.019356220969729027,0.08331379342284996,1.5997148223441928
1789205815.8441997,5,0.016630678926472915,12.001554976802653,0.40870220420497405,0.019749696267243638,0.08385399332709714,1.5978416486412272
1789205815.8933196,5,0.016349887555509274,12.01297555663518,0.4085742285761936,0.02012274530535776,0.0841318846713006,1.597135648145136
1789205815.9431539,5,0.016028699274799874,12.024395082438133,0.40842787076426174,0.020431987797442538,0.08437746807401751,1.5966883058318877
1789205815.9931145,5,0.01568784172643905,12.03580267096004,0.40836080085634724,0.020881724559957203,0.08487744810177801,1.596718141404835
1789205816.0433908,5,0.015307083049748389,12.047184405788288,0.40823119161489135,0.021351225226209632,0.08503485420979363,1.5971983308567848
1789205816.0925012,5,0.014877985029718944,12.058515549610524,0.4081572235875439,0.02164872609412325,0.08518661834109591,1.5977127441599346
1789205816.1431713,5,0.014467524795484136,12.06981440756555,0.40812882490831603,0.022056962388229847,0.08518849749983581,1.5982938668327522
1789205816.1925685,5,0.013984409302892745,12.081087958758715,0.40814816110051827,0.02212883012723251,0.08525764559634529,1.5985551103159108
1789205816.242458,5,0.01345152845516108,12.0922916283694,0.4081694932158287,0.02191385690976595,0.08536237490315737,1.5985823087546356
1789205816.2948713,5,0.013169304513880988,12.098922171744931,0.4082538016723419,0.021938077363831635,0.08565990396710267,1.5984547831654046
1789205816.3428178,5,0.012629598505362464,12.113999549205804,0.4083967520104124,0.023102103963000508,0.08700583411168414,1.6002667501317083
1789205816.3929574,5,0.01233207373078246,12.124269414955776,0.40850128844960193,0.02438163727169134,0.08836735430487368,1.603059960037397
1789205816.4431875,5,0.012105173584385679,12.133989729523753,0.40875848778185225,0.026130563975733975,0.08957572298706874,1.6069500036175886
1789205816.4927602,5,0.011848050925550437,12.14308881419929,0.4089779434380935,0.027986829253270205,0.09068127032422461,1.611850243712919
1789205816.5432746,5,0.011544790926791608,12.151422963362482,0.40913062383483684,0.02960375540756366,0.09172210247181946,1.617586888320262
1789205816.592635,5,0.011218053854318896,12.158910245419964,0.4093199809973627,0.03172561910917256,0.09250448574867223,1.6231676739014327
1789205816.6426725,5,0.010833143507003415,12.165546104887763,0.4094219832478772,0.032763468944731505,0.09289758785361261,1.6278193771798224
1789205816.6876905,5,0.010457739451624603,12.17074300341217,0.409493630645409,0.03280319695627749,0.09189928547741254,1.630820105484822
1789205816.7329764,5,0.010047084307201273,12.175765502524246,0.4096251674467113,0.03315402908183028,0.09029524667838257,1.6336096428628524
1789205816.795065,5,0.00966561118209686,12.179868636091554,0.40975423365602,0.032939612697020976,0.08843894622571187,1.6354808462487807
1789205816.8431256,5,0.008796201781802683,12.18673273624951,0.41003673509425786,0.032025387067842574,0.08496511188143793,1.6373901192737326
1789205816.8932176,5,0.008075204471283463,12.191492341019025,0.41025098337177845,0.030888366338159463,0.08256748085870994,1.6378259475927455
1789205816.942779,5,0.007318314173159954,12.196243879426149,0.41041507008444517,0.029714410967504875,0.07978428455123156,1.6378234549134956
1789205816.9928138,5,0.006580453768222407,12.201035807340201,0.4106817596128205,0.02858578439073193,0.07778285747608643,1.6376790507680148
1789205817.04318,5,0.005844229668435157,12.205963063022491,0.41085165114261335,0.027475534648092013,0.07540129641016333,1.6374501027040649
1789205817.0929186,5,0.005092769395170933,12.21101914821924,0.41110715780471907,0.026332158801187888,0.07368479258966265,1.6369749868196326
1789205817.1428967,5,0.004360945691099706,12.216304566987464,0.41128024667292873,0.025275993567183786,0.07215207290993626,1.6365485033012208
1789205817.1934714,5,0.003721836681944113,12.221778957903792,0.41145647658469126,0.02433883209618952,0.07097712299078299,1.6355585904209886
1789205817.243403,5,0.0032338338434449282,12.227480351538146,0.41166230566869205,0.023788946828287912,0.07021143145815685,1.6346134940192518
1789205817.2932308,5,0.00293103143685585,12.231018902512567,0.4117517878588075,0.023333768655551503,0.06979801906967495,1.633400377048637
1789205817.3432865,5,0.0023834556218616768,12.239507547855954,0.41193988280783217,0.023050652913205058,0.06915160175030023,1.630613876065272
1789205817.392907,5,0.002022035407625667,12.245771921621964,0.41209637483411765,0.022844124476719633,0.0692168255462848,1.6280751137607181
1789205817.4433417,5,0.0017047498285527086,12.25226709775984,0.41217873758414014,0.022548120114934327,0.06918318047504747,1.6250992831137203
1789205817.4935768,5,0.0013436613821378482,12.258892180036387,0.4122812215565667,0.022430343469482576,0.06921401430954902,1.6213660890093533
1789205817.5429718,5,0.0009717836492367669,12.265642436651419,0.4124081000292535,0.022125485606293405,0.06943893634984899,1.6175676997492692
1789205817.5932345,5,0.0005972314586161465,12.272499272312475,0.4125175520504417,0.021972429446259236,0.07010742616561637,1.6131332062975983
1789205817.642687,5,0.00023910968416202918,12.279430527461061,0.41258416751468424,0.02170559421427739,0.07041266697957894,1.6086614842421938
1789205817.692466,5,-9.364480862443808e-05,12.286455092204935,0.41262343438990695,0.021177384754636455,0.07095410351796361,1.6039496173650583
1789205817.742517,5,-0.00037742555176559765,12.293542658006016,0.4126012208317815,0.021053125240865347,0.07145408447807829,1.599642782639478
1789205817.7953784,5,-0.0005277011962249969,12.29780540281744,0.41262729185585995,0.020920954457038732,0.07189931091183548,1.5968609380899303
1789205817.842655,5,-0.000773812574274636,12.307801138688058,0.41256892275872814,0.02068509928850709,0.07253100053093053,1.590537396544344
1789205817.892672,5,-0.0008929389804379081,12.314958788002125,0.41250779747281047,0.020233279245038625,0.07280833724953309,1.5868459591938875
1789205817.9435058,5,-0.0009887566350235983,12.32219660159812,0.4124329798261235,0.019836492407406557,0.0730502587199181,1.5845616616236577
1789205817.992844,5,-0.0010387689919272233,12.3294938103015,0.41233868923441497,0.019911604105385367,0.07330918006598391,1.583829807864276
1789205818.043408,5,-0.0012205544814304498,12.336861627419797,0.41235283693316305,0.019577987441741582,0.07374731879234708,1.58339867077552
1789205818.093412,5,-0.0014336422429471682,12.34431595871807,0.41235592736080495,0.01930430303588731,0.07402760675183136,1.5837166035640655
1789205818.1431231,5,-0.0016423782418609587,12.35185138406124,0.4123178102557205,0.01902510268841263,0.074454474231556,1.5850155723299097
1789205818.1928477,5,-0.0019128109002385036,12.359413268555755,0.4122912305840104,0.018611278955461438,0.07491909648109982,1.587534864443309
1789205818.2431383,5,-0.002297237340115271,12.367000895970172,0.41230791864930383,0.01757489471120952,0.07517433042164384,1.5910700255967445
1789205818.297857,5,-0.0025717962871140507,12.371558086768585,0.41234421510815794,0.01685228539140038,0.07561414585422167,1.5937661204169085
1789205818.3433666,5,-0.003308858087356215,12.38219274807536,0.4124055750900016,0.016053313537697025,0.07596505449554056,1.6014738397278552
1789205818.3931139,5,-0.0037865214618525798,12.38977434393966,0.4124882488526163,0.01596528313719471,0.07586586914668945,1.606962047061548
1789205818.4424598,5,-0.004219125309763015,12.397313745361838,0.41264380688551433,0.01606420556596744,0.0759892558461574,1.6121858349447942
1789205818.4925387,5,-0.004632217986766017,12.4048097073576,0.4127932632626057,0.016550650586994446,0.07567730226837086,1.616982550874456
1789205818.5429702,5,-0.005071660865137799,12.412267083449407,0.4129054385644909,0.016474034821689514,0.07544124134467575,1.621551975748158
1789205818.5929058,5,-0.005546790914974963,12.419688164834191,0.41307946613452134,0.016578955893675574,0.0752338333458733,1.6254565081163759
1789205818.6431499,5,-0.006061736639809203,12.42707654951318,0.41319026309174345,0.016670818222467798,0.07470969612092246,1.6289473250908948
1789205818.6931963,5,-0.0065989108351867205,12.434398441861836,0.41332346232715395,0.01681279151048369,0.07444821186596595,1.6321332095014727
1789205818.743392,5,-0.007117444946695605,12.441678016088003,0.4134917404618939,0.017597440947883968,0.07402929950672442,1.6348938698451077
1789205818.805025,5,-0.007446546064180813,12.446014876064126,0.413546853375341,0.017451470581931625,0.07401165814246334,1.636329911303387
1789205818.8527255,5,-0.008318227384033561,12.457487421832806,0.41378811047026914,0.01757828404258409,0.07346360112933904,1.6392955261427413
1789205818.9029198,5,-0.008738550465260514,12.46461944119354,0.4139060955321746,0.018204141683692533,0.07296155632920374,1.6412301886408212
1789205818.9527967,5,-0.009232248777069574,12.471748592532904,0.4140214664926041,0.018343600321372472,0.07271842252014928,1.6422594038399598
1789205819.0027418,5,-0.009726535762896222,12.478840763251274,0.414131247152385,0.018318426955427968,0.07219154442515967,1.64277695207891
1789205819.0532568,5,-0.01017104534285956,12.485896852352498,0.4142630881151142,0.018537799829412335,0.07174232240465465,1.6432744847158542
1789205819.1028106,5,-0.010604394391010427,12.492944992935504,0.4143544618961347,0.01872940280347607,0.07133998750928446,1.6434866262764665
1789205819.1527762,5,-0.011034281062844695,12.499944842684059,0.4144193770518353,0.01888753409290546,0.07078903877633926,1.6435482282595408
1789205819.2029583,5,-0.011487147909434904,12.50690617934228,0.41454970787779927,0.01894345572183782,0.07044216314643083,1.6434508398974634
1789205819.252463,5,-0.011934695701887132,12.513878074409586,0.4146327240369509,0.019028092782113613,0.07019455419827292,1.643369136768832
1789205819.2976182,5,-0.012320464124109672,12.51999746194877,0.4146334397497321,0.01912026935311605,0.0697673470810825,1.6432680483565585
1789205819.343266,5,-0.012721363112637397,12.526368667701053,0.41475169089832936,0.01918821238028072,0.06956970721867702,1.64301670223899
1789205819.3928077,5,-0.013123607566789175,12.53333280696827,0.41483714393616306,0.019379598497696434,0.06950121250357419,1.6428721017167884
1789205819.442365,5,-0.013553357615650437,12.540297485845237,0.414848998146009,0.0194799455825563,0.0691916006946164,1.6426246760951944
1789205819.4932477,5,-0.014004349217504472,12.547221375019554,0.41494622814821275,0.01947209133466058,0.06893583672642613,1.6421231335534214
1789205819.5431478,5,-0.014405022055294092,12.554155877905016,0.41503782952778684,0.019629927922952577,0.06889075199095916,1.6418076175333878
1789205819.592559,5,-0.01476725861984121,12.561091660632556,0.4150669958275489,0.01987075051528281,0.06872395795272992,1.6415390780780585
1789205819.6429067,5,-0.015178255095725863,12.567988670019249,0.41512921668892316,0.019910165039563204,0.06868871394521638,1.6409953867645855
1789205819.6931787,5,-0.015547240733012339,12.57489908336395,0.4152164865416729,0.020058461573933244,0.06866096620949207,1.640543284227509
1789205819.7426102,5,-0.015885782545451244,12.581832932828851,0.415249866070048,0.02031167881027234,0.06869541756603668,1.640299739459165
1789205819.7954447,5,-0.01615917741237991,12.585958363916015,0.41529365742363483,0.020170060992548765,0.06868579098521409,1.639731029163324
1789205819.8429706,5,-0.016657603327484737,12.595635537874609,0.4153256160599852,0.020314789040613356,0.06856410981965624,1.638905808131313
1789205819.8933604,5,-0.01695683257018079,12.602531984396677,0.4153343439591596,0.020605246739737765,0.06851350527608217,1.6384800174280674
1789205819.9432406,5,-0.017325596387442882,12.609407930183577,0.41535438897842974,0.02059146937285678,0.06866088284986739,1.6376769265435658
1789205819.9928288,5,-0.017680119190752342,12.616288553362457,0.4153709490529219,0.020587849097527977,0.06844655804660574,1.6368809691256272
1789205820.0432885,5,-0.01794806120032609,12.623198229641929,0.41538209456442315,0.020912204163707714,0.06819694485080587,1.6363671674889275
1789205820.092654,5,-0.018275376523699375,12.63009100980439,0.4154182802057862,0.021051407430038464,0.06827958548402384,1.63574137593721
1789205820.1425946,5,-0.01856013898315731,12.636595559547516,0.415508046100953,0.02128764109119769,0.06807472548814948,1.6359981163365591
1789205820.1930387,5,-0.018935386257217683,12.642145238762614,0.41552280341739234,0.020862277161786624,0.06799485984309668,1.6383585040035282
1789205820.2434278,5,-0.019453028158275015,12.64678641580501,0.4156096861462551,0.019964467031375357,0.06792954183406306,1.6411889225321121
1789205820.2934241,5,-0.01978986813379435,12.649228127349128,0.4156119565359113,0.019324401029156533,0.0671914479719943,1.6428689671298977
1789205820.3434498,5,-0.02052955184995273,12.653941585374513,0.41584338784294145,0.018204938868626938,0.06542456166010242,1.6466077711061302
1789205820.3927279,5,-0.02091697758457509,12.656507561490818,0.4160597667349784,0.017730514427189727,0.06327987191158264,1.6482102387462532
1789205820.4431071,5,-0.020861439303699273,12.657784846680613,0.41640085867686455,0.018035593679473844,0.06041302819991973,1.6482922378363825
1789205820.4926915,5,-0.02048213139213409,12.658013655731272,0.41687797981355623,0.018890493587517626,0.055143845464528406,1.6482989614898096
1789205820.5428786,5,-0.01991362635848356,12.657478167708277,0.4173815583861579,0.020039103536416233,0.048991109961305845,1.648299274774427
1789205820.592386,5,-0.019190165270595343,12.656417401455382,0.41787158380838746,0.021477075113640436,0.04240307101752026,1.6483825094062678
1789205820.642799,5,-0.018460327104762544,12.655093629416887,0.4182430349584978,0.022829172147945068,0.035686241482435564,1.6484401125170718
1789205820.6926517,5,-0.017749522567423567,12.653733418393172,0.41850351948879516,0.024156859134954852,0.029373122414788254,1.6484584833044513
1789205820.74253,5,-0.017074217807612473,12.652573984150278,0.418606482399156,0.025394149934525656,0.02363487720188557,1.6484625438837226
1789205820.797013,5,-0.016689115869017564,12.652008417265161,0.4186629896549669,0.026106646061787347,0.020481235951215288,1.6484454976873681
1789205820.8432815,5,-0.016007404884629463,12.651192365337986,0.41873503077511515,0.02740793966953303,0.01460829927577273,1.6483235892041372
1789205820.8928058,5,-0.015781915451552365,12.65112005272825,0.4186518375799616,0.02779826637349194,0.011227599521685765,1.6480982078760467
1789205820.9427195,5,-0.015686520915563208,12.651499328347956,0.4183902197973815,0.027984311959044668,0.008541736007850137,1.6477962599277025
1789205820.9927511,5,-0.015736035020233113,12.652299030869383,0.4180276242970604,0.02784224181271198,0.006855305244184846,1.647350688718159
1789205821.0428789,5,-0.01590766793368952,12.653379347507734,0.4176405714723178,0.027469735693504596,0.006000234617091501,1.6468297841519577
1789205821.0928886,5,-0.016192720877413802,12.654766757891732,0.41722435186050044,0.02690115648469496,0.005738845736805172,1.6462415089246585
1789205821.1429205,5,-0.016549594231658936,12.656505660918095,0.41676298025965924,0.026149475095237778,0.005666032692291494,1.645416596666066
1789205821.1931717,5,-0.016944506714751964,12.658556953413141,0.41636332168402584,0.025339338330944823,0.005971364811202089,1.6444700209229437
1789205821.2426405,5,-0.017455671305844793,12.660834702165829,0.41605669283169877,0.024182234260671738,0.007153385663249345,1.6431253199121005
1789205821.293684,5,-0.01774822547434294,12.662255519781255,0.4158920107941931,0.023756907180763082,0.007933962031052098,1.6425018029923295
1789205821.3426208,5,-0.018383039716764683,12.665865535961395,0.4154976558230476,0.022993740055938433,0.009469475031988755,1.6409280627214846
1789205821.393239,5,-0.018678943901189172,12.668680460395226,0.4152805683841857,0.023021902508501096,0.010547289376012221,1.639985645094425
1789205821.4426136,5,-0.01896023912565006,12.671741832237716,0.4150606624016933,0.023025923623070047,0.011775635297601441,1.6388808037846112
1789205821.4930668,5,-0.019335221822300533,12.674908841034808,0.41489585357773895,0.02307080464240412,0.013315134040749053,1.6371994062657753
1789205821.5424998,5,-0.01979560506786598,12.678202154650473,0.4146907306555245,0.02301162545876371,0.014511005483408695,1.6353069355340937
1789205821.5933707,5,-0.020247028083273954,12.681593156823348,0.41452732668369685,0.02288397275567505,0.015094947667274079,1.6335443538693273
1789205821.6435323,5,-0.020658188103324603,12.685033307703625,0.41444124212339556,0.022611981666246676,0.014964429594305953,1.6324504390849224
1789205821.6924982,5,-0.021184503298193446,12.68859262368962,0.4145396258218895,0.022041375835667915,0.014624047709173176,1.6310944162019716
1789205821.7430065,5,-0.02188892637366291,12.692291000582152,0.4146951353731142,0.0208824498112447,0.01374104887955052,1.6297028037179244
1789205821.8017704,5,-0.022327511919188258,12.6945430717696,0.41484640492806946,0.020118786540908155,0.012918638229470451,1.629228476251131
1789205821.8492703,5,-0.02354836455521905,12.700533286382697,0.41547076383365755,0.017859326294152884,0.009585072477196305,1.6283109915619638
1789205821.8964787,5,-0.02462751695272022,12.705039292483512,0.41613033937649807,0.015744524956253537,0.0072516623492538635,1.627774625198208
1789205821.9425209,5,-0.02585323131489021,12.709655639370542,0.41685730238044616,0.013281436302119178,0.005057544462983262,1.6274472970993852
1789205821.9927125,5,-0.02727321969618916,12.715373677457467,0.4177538433502057,0.010612193003420029,0.002288317700325838,1.627432335304195
1789205822.0431805,5,-0.02877779759117666,12.721870919872647,0.4186767334045201,0.008018612777343063,7.31097935092885e-05,1.6277602999228242
1789205822.092598,5,-0.03036786485279195,12.729251626515738,0.4197123080418962,0.00551828924398211,-0.0013436795243218275,1.628367276470136
1789205822.143413,5,-0.03201670166512603,12.7373290048714,0.42100875876810534,0.0029663265243230386,-0.0022331478600117693,1.6288109294528015
1789205822.1928444,5,-0.03361948239523775,12.74604220441024,0.4224646472053345,0.000674434898998129,-0.002877351453276903,1.6292095278744758
1789205822.2429132,5,-0.03510907670723355,12.755258526497004,0.42398271852971936,-0.0013115287238129683,-0.0031107802513676325,1.6293924352591742
1789205822.2942379,5,-0.03591485381269209,12.760989203316647,0.4248919930083695,-0.0023190219498072295,-0.003493555860893112,1.6292316136236524
1789205822.343071,5,-0.03763050198613623,12.774758473481292,0.42688933468984375,-0.003996132809272165,-0.004234390678109751,1.6282970428895627
1789205822.3926475,5,-0.0387816493428776,12.784815816056538,0.42818406145824395,-0.00482383721485553,-0.005090409191967613,1.6271154812166726
1789205822.4430463,5,-0.03990314148682331,12.794937297859741,0.42932791216543265,-0.005282431445486083,-0.0063543638578230895,1.6252533207515094
1789205822.4927347,5,-0.04098888263635233,12.805099289361802,0.43045144916182165,-0.005487015342332754,-0.008092538353348222,1.6228947945537078
1789205822.5429993,5,-0.04200402537670121,12.815244152378256,0.43144164315391964,-0.0051881592273267515,-0.010125970713277034,1.6198601196928484
1789205822.5927951,5,-0.04300962881619033,12.82537538306993,0.4323770221122373,-0.004895823282765547,-0.012527506879004877,1.6161218407075832
1789205822.6425622,5,-0.04389181789283602,12.83554753372393,0.43317210508643444,-0.004532384273814379,-0.01546111914909134,1.6124430370378586
1789205822.6930172,5,-0.04474097382913921,12.84580079224073,0.4338449869545426,-0.004297812203397506,-0.0183651177605698,1.6084856530538745
1789205822.7432792,5,-0.045504725911736106,12.856141607212255,0.43443403062802444,-0.0037433757393384916,-0.020942059547326333,1.6043828973361711
1789205822.7961812,5,-0.04591112370547075,12.862406032720346,0.43477520626328936,-0.0033925708704736217,-0.022411538496281306,1.601717698397344
1789205822.8434098,5,-0.04691694207244065,12.877273715599776,0.4353319226982304,-0.0033952197231196008,-0.02611756932059037,1.5945355033998798
1789205822.8929772,5,-0.04757135967881052,12.88814056311063,0.4355332627054841,-0.0033881259251579126,-0.02872108576315985,1.5891775409316073
1789205822.9428465,5,-0.04823451388764858,12.89923841667312,0.43569572590215105,-0.0033471435676587866,-0.031004633950491807,1.5833897606644838
1789205822.9928532,5,-0.0488938585971313,12.910614089530482,0.435794971591012,-0.0037821270534932217,-0.03332681813773283,1.5775698851751145
1789205823.0434084,5,-0.0494832783068816,12.922321901144924,0.4358592543175113,-0.004303562902758512,-0.035177506998966844,1.5721600559339803
1789205823.09352,5,-0.050516188355492916,12.93384047561892,0.4363028303730661,-0.006111006243262974,-0.03315311353864355,1.5626791454467197
1789205823.1434073,5,-0.05165277897635354,12.945043300046754,0.43712820892414245,-0.008208310794185934,-0.03104406705586608,1.5507982614160405
1789205823.192533,5,-0.05242865303076326,12.955250691921583,0.4382337856005388,-0.009708345477307407,-0.029176026043612385,1.5410209752782964
1789205823.2431169,5,-0.05279774765498912,12.96439998927128,0.4395117304642343,-0.010206782933518956,-0.028533287835823793,1.5346070161691379
1789205823.2938886,5,-0.052958476233963395,12.969538792645706,0.44020583843978056,-0.010770778476973778,-0.028013184058812274,1.5322632361703696
1789205823.342626,5,-0.05348049662555518,12.980780613734346,0.44089829333001307,-0.011917439912626426,-0.023948877634753285,1.5291030641199246
1789205823.3932872,5,-0.05457404166385449,12.988431009396344,0.44005678040823143,-0.014043785837717511,-0.019971663169002146,1.5261896430645476
1789205823.44346,5,-0.0565713319307213,12.99612436322434,0.43852188101026346,-0.01769210989936815,-0.017806890753206316,1.5209530836911884
1789205823.4933553,5,-0.0589116823168592,13.003990124874619,0.4377702071556677,-0.021784155510237775,-0.015314493047289001,1.5141826782293935
1789205823.5429258,5,-0.06089115291392333,13.011832058956308,0.4388216662038807,-0.025419030292185205,-0.012314473423454259,1.5072092096471992
1789205823.5930257,5,-0.06181890298919813,13.019783344525166,0.4412658497268695,-0.026691723318442596,-0.010700250656505888,1.499754471769493
1789205823.6427672,5,-0.0614287984735165,13.027966500760762,0.44390877454082933,-0.02496668102809048,-0.011109023279853783,1.4923368185599684
1789205823.6926684,5,-0.059956372808273296,13.036511000320516,0.446415091745574,-0.023244618535072974,-0.011486325556112528,1.4850552960803245
1789205823.742365,5,-0.05783715721978746,13.045280549782916,0.4487898886398008,-0.02098428260576932,-0.01126922709166914,1.477304181521262
1789205823.7952764,5,-0.056407609170521476,13.050663978243886,0.45005015400081966,-0.01956710011059688,-0.010764449852596124,1.472537084393161
1789205823.8471057,6,-0.05278256147632529,13.063444448475158,0.45265587257929885,-0.01599773508513941,-0.009343860477798966,1.4607558904116273
1789205823.892717,6,-0.050138104261051204,13.072643784835632,0.4544033364943376,-0.01349641442406528,-0.008049139070544636,1.4524792811324503
1789205823.9436185,6,-0.04742051528452518,13.081823774871136,0.4560527528370161,-0.01094950000408491,-0.0068186452924652976,1.4443422478683838
1789205823.9934587,6,-0.04464549272601714,13.090874096239595,0.4576810266937706,-0.008002564545664339,-0.005647516624926004,1.4361354616427424
1789205824.043222,6,-0.04183923093433982,13.099725544716286,0.4591320993318235,-0.0048692760707665095,-0.0038767024047039983,1.4275093305256714
1789205824.0931919,6,-0.0389677802838647,13.108269978131283,0.4604107256344278,-0.0017376569576060916,-0.0016102768758443325,1.41885904675995
1789205824.1426153,6,-0.03601745246813938,13.1163337670841,0.4614252738505256,0.0016633242222366827,0.0012524561247725993,1.4103822611311057
1789205824.1931727,6,-0.03310508527140748,13.123977140968954,0.46227518199147466,0.004206282495980798,0.004727992378311607,1.4016333737713096
1789205824.2427354,6,-0.030257439967387164,13.131136789018472,0.4628006160008326,0.007215870109382303,0.007983597450762069,1.39352864027289
1789205824.3001313,6,-0.02856305534060894,13.135167517638074,0.4630097831284484,0.008981337211558497,0.010167559776389577,1.388761658056839
1789205824.3475225,6,-0.024431892417316723,13.144483854348568,0.46305652791592783,0.013124113858018536,0.014616343498690402,1.3780476113158773
1789205824.3927004,6,-0.021924839378969704,13.149804578224536,0.4628515174047785,0.016009188054935848,0.016913869576011088,1.372184478957147
1789205824.4434955,6,-0.019314177700335115,13.15533225250488,0.46249644686171404,0.018284013745327017,0.01922426293293906,1.3660498149428886
1789205824.4931273,6,-0.016813321671563183,13.160579699241781,0.462060409492905,0.020614911003890325,0.020896358983777875,1.3606864005658188
1789205824.5425375,6,-0.014524267448859863,13.165576032784527,0.46172139841700016,0.02283382466155056,0.021584876542076695,1.3557584232300104
1789205824.5933497,6,-0.012494919528398365,13.170458803187405,0.4613752186028635,0.024263691872509072,0.022439402436776987,1.3509771108645041
1789205824.6426394,6,-0.010776664464820567,13.174910354492509,0.4608150708129613,0.025269422133457738,0.024860116288531218,1.3467062161540748
1789205824.692678,6,-0.00934117684959089,13.1789292605908,0.45995839357976587,0.025958578758451843,0.027211233182911205,1.3423490089370043
1789205824.7425148,6,-0.008077715633987313,13.182587823930678,0.4592339746253132,0.026617001413536186,0.028188196210015146,1.3382587834568263
1789205824.8020687,6,-0.0073978765330779276,13.184629108571752,0.4589773155248712,0.026801125561454652,0.028209119576875427,1.335829055492166
1789205824.8527057,6,-0.005894159970712076,13.189435853332157,0.45839147318179774,0.026571978426843595,0.027586189755671495,1.3289311189968365
1789205824.9026906,6,-0.005045833255745541,13.192227026069252,0.4581266440085812,0.026119448088938586,0.02631099910252399,1.3244982531243963
1789205824.952421,6,-0.004231327473560088,13.194677199711405,0.45809836838524065,0.02577544065237046,0.02529225363092351,1.3201846635135472
1789205825.0032763,6,-0.0034400972831886913,13.19685113647747,0.4581261587455968,0.025388519626837892,0.023808182222233982,1.3158959718274486
1789205825.0526588,6,-0.0024451593768954156,13.199067288905237,0.4580764510792324,0.025355304273837195,0.021376420073583462,1.3115213130126697
1789205825.1037126,6,-0.001166189200089721,13.201415687839031,0.4585417464902748,0.025341229489072883,0.016891649138794634,1.3067281997062767
1789205825.15308,6,0.0004594282379878741,13.204064242031489,0.4596704331993942,0.026044072957314986,0.012920944357056279,1.3018392199877924
1789205825.2027495,6,0.0024074510893278196,13.207113017999633,0.46087382186329906,0.02695775481562171,0.010332787055079113,1.2963223686535532
1789205825.2526498,6,0.004533843722962718,13.210334190250622,0.46204184599363374,0.027828798349448926,0.008651835881848584,1.2897351814732723
1789205825.3050284,6,0.006770409263797151,13.213820623568843,0.46315338325414307,0.02854305601664018,0.0075884217767573465,1.282598927953523
1789205825.3533673,6,0.009061669770695282,13.217487649335315,0.46424791673000254,0.02913726134988685,0.007012238193033765,1.2750399168596203
1789205825.4033718,6,0.011464983572670584,13.221421046043208,0.4652589523250781,0.030297269502882803,0.007000184147423955,1.2676586283524698
1789205825.4525478,6,0.013953561427354261,13.225561498626849,0.46633802463102936,0.03166343942077903,0.007379834687334473,1.2597678446048282
1789205825.503605,6,0.016482644889659493,13.229872761008021,0.4674989781368269,0.03340263181785953,0.008520664911621442,1.251289300818714
1789205825.553321,6,0.019026699409590366,13.23430418784062,0.4686435063731087,0.03530733055542035,0.009778151533541524,1.2427097402665006
1789205825.603258,6,0.021577682902125674,13.238827576267134,0.46967402267043346,0.03703507263725173,0.011519829138410398,1.234090817317358
1789205825.653451,6,0.024175572146334846,13.243387796387774,0.47069662948774627,0.03892889461606394,0.013475119555072227,1.225275598370521
1789205825.7035644,6,0.02681150333276076,13.247980265561145,0.47175651746531194,0.04090202917516293,0.01545259544967407,1.2165012396366595
1789205825.7523916,6,0.029463650418962824,13.252622773284987,0.47275786023308003,0.04240487964315232,0.017259677239047838,1.2076656638520498
1789205825.8033822,6,0.03215182342330213,13.257295317912934,0.47373751043906287,0.04365899670149592,0.019004373347324497,1.1988853129050367
1789205825.85357,6,0.034824085566558215,13.261940459179534,0.4746898876067575,0.04526567464357664,0.02037102834861918,1.1902301599220841
1789205825.9032617,6,0.03761874234214343,13.26661444308362,0.4755611209739413,0.04698085532615231,0.02164703234596923,1.1818114767846413
1789205825.9527242,6,0.04035974561989526,13.27116429708667,0.4764720368523705,0.048080171559516764,0.02325380249810813,1.172897510856034
1789205826.0028872,6,0.04317810412576576,13.275638122992392,0.4772347732697587,0.049629686487007725,0.024546538786473334,1.1638813574146905
1789205826.0533984,6,0.04591447139204306,13.279930217539345,0.4779132069171812,0.05041685097159075,0.02561718914242471,1.1549909102050069
1789205826.103366,6,0.048672978357923,13.284111413384318,0.47852191786320675,0.05147866927559214,0.025786843090558342,1.146221232575084
1789205826.1524267,6,0.05147128514294381,13.288216843104554,0.47906681404019874,0.052421452190021874,0.025833724224725397,1.1379234954598207
1789205826.2028024,6,0.054282774035216974,13.29223441020463,0.4796835692926771,0.05324352317152663,0.02557352626117136,1.1297968555914424
1789205826.2534046,6,0.05714547357048799,13.29624025451605,0.4801490832682478,0.0538467000808512,0.02548718309380953,1.1212822712952575
1789205826.3000338,6,0.05827486962481119,13.297791954403507,0.4803412107619726,0.05395300393292727,0.025530705345619856,1.1178553821245094
1789205826.346974,6,0.06247861476738373,13.303485966408884,0.481001390139519,0.05429488005697517,0.024428647639185792,1.1055272514020633
1789205826.392891,6,0.06519554573812815,13.306994842495278,0.48146085812307415,0.054744450487999585,0.02394978910233607,1.098379718982878
1789205826.4423566,6,0.06820150850833712,13.310737076808243,0.4820203806775723,0.055562349905357626,0.02357952047689533,1.0898264695564928
1789205826.4932337,6,0.07134653934509695,13.314533778582279,0.48249455026713794,0.05620131171930447,0.023167881331765408,1.081253548271241
1789205826.5423746,6,0.07460399017880276,13.318268826504928,0.4830561723041013,0.056872142310336375,0.022280790753571953,1.0734257820989612
1789205826.593135,6,0.07803454591250454,13.32205031483625,0.48364234712869075,0.05810748864174734,0.02229104889648007,1.0646427294482
1789205826.6428964,6,0.08153528559460797,13.32577845794339,0.4843207056591559,0.05944961036408711,0.02181857634063267,1.0555912086837937
1789205826.6926842,6,0.08519621587085878,13.329595286516765,0.4848790185230372,0.06059449606778931,0.021382775888846076,1.0467053419267005
1789205826.7433407,6,0.08894485349217406,13.333431537103657,0.48556735347186186,0.06177056635684328,0.020974428740382023,1.0380395587383802
1789205826.804169,6,0.09124520948651796,13.335749741574478,0.4859965451045959,0.06278273455879996,0.020826844761444727,1.0324307389770393
1789205826.8524454,6,0.09754586270319941,13.342068052264544,0.4871395797459698,0.0650127313137311,0.02051950766415961,1.017437571438518
1789205826.9037979,6,0.1016345422853618,13.346189022062505,0.48786798344919163,0.06679439917700952,0.02003606422708581,1.0081242063259677
1789205826.95326,6,0.10565299100557618,13.350453104500716,0.48873099140803933,0.06798173250525176,0.02010603839420183,0.9985924440811419
1789205827.0034814,6,0.10973202435721684,13.354944783407584,0.4895076103720907,0.06960898885613288,0.020839531763356022,0.9886055421625037
1789205827.0526319,6,0.11382902012187561,13.359534276735435,0.49036876853232725,0.07073245720356514,0.022277917773431414,0.9792269748615289
1789205827.103641,6,0.11807619105007554,13.364305000379789,0.49106680795048524,0.07221171216424813,0.023530146070717795,0.970451129806995
1789205827.152513,6,0.12238028060818973,13.369044008930382,0.49175456938187495,0.07307559353423385,0.024652509117668343,0.9622796692967901
1789205827.2034872,6,0.12674372856114732,13.37375724124856,0.49232305541552945,0.07339430297209279,0.025090886774717148,0.9538253825702399
1789205827.2533424,6,0.13117168104907895,13.378384770588445,0.49287990302374424,0.07394695224360624,0.024801406726474372,0.9462230896914798
1789205827.3032994,6,0.13570127571924048,13.382982564770915,0.4935475869379379,0.07460996950520385,0.02468328251264801,0.9383498389351157
1789205827.3526907,6,0.1403723086578335,13.38754471436007,0.4941800560599341,0.07551335880415015,0.024394851732032433,0.9307687761134963
1789205827.4031672,6,0.1451966294029804,13.39209354662746,0.49484364320441504,0.07643534872295268,0.024678866806768496,0.9220391745022943
1789205827.4526134,6,0.1501644945376262,13.39664256795514,0.49543639756879804,0.07778625015122922,0.024965185803428457,0.9133814573371889
1789205827.5034096,6,0.1552375447414433,13.401178096928577,0.4960744054745312,0.0792895979824396,0.026421381120706838,0.9051017063892441
1789205827.5529046,6,0.1604307913447839,13.405802126553592,0.4965731060258967,0.0811968149609514,0.02834267767513658,0.8962594322349514
1789205827.6029015,6,0.1657378166064164,13.410487860594454,0.49699535135702827,0.0830363709239307,0.030587136741673304,0.8879844102730606
1789205827.6526973,6,0.17111470530138434,13.415275792574999,0.49735276995192146,0.0846879603496236,0.0328944436642659,0.8797829500780981
1789205827.7031467,6,0.17651506072708226,13.420118357622703,0.49774043595303225,0.08614029345385732,0.035283958949739305,0.8712615943929611
1789205827.7525601,6,0.18192633670361255,13.424995388122568,0.49805196969603555,0.08757966838459857,0.03715374546945148,0.8638572870531565
1789205827.798391,6,0.1841016877899201,13.426971926362611,0.4981816884817496,0.08798310881435387,0.03784777660760381,0.8608764393739251
1789205827.8472989,6,0.19206938050860767,13.434233465922485,0.4989450190197307,0.0891020646701807,0.03883982888387281,0.8506386844904439
1789205827.893199,6,0.19696899979232285,13.438716899162106,0.4994475250530743,0.08936552724444075,0.038815540141383525,0.8448977370018858
1789205827.9429135,6,0.20238795657832212,13.44360689353145,0.5000139143021781,0.08986188112930958,0.03862520731792315,0.8389289517085852
1789205827.992836,6,0.20802450996185423,13.448634314426274,0.5003548679632354,0.09085769602939194,0.03980969417846212,0.8323983075381398
1789205828.0428498,6,0.21412539678264286,13.453836058596883,0.5001558547508608,0.09258679491675334,0.0432809654667844,0.8246680715379088
1789205828.0925293,6,0.2206207784332208,13.459253864118015,0.49940825661867005,0.09443402495096583,0.04804607909435541,0.8155021614130197
1789205828.1430252,6,0.22722192596457494,13.464804626663973,0.4988977188796045,0.09632315533982547,0.052888025971264865,0.8065200206780844
1789205828.1930633,6,0.2335734687641591,13.47031953549778,0.4992593077834507,0.09764744739740827,0.05685464691707493,0.7989552320764821
1789205828.243003,6,0.2394304137264012,13.475543461808503,0.5002457877362025,0.09686924128343714,0.057423946028726115,0.7937820773462019
1789205828.2943695,6,0.242720518034946,13.478380151283579,0.5010688504746784,0.09354336952689223,0.05421408278991894,0.7914378041418606
1789205828.3431165,6,0.24993011221157896,13.483989492383238,0.5029922963456659,0.08292427943049539,0.04193552020064298,0.7855712499582997
1789205828.392539,6,0.25559508508806683,13.487937262323435,0.5035958872637698,0.08298193919559364,0.039297838827695414,0.7792487407692124
1789205828.4425948,6,0.26208215043849303,13.492309571838947,0.5018353273480415,0.08028634868947986,0.037900706635582204,0.769342396657829
1789205828.4928994,6,0.2683561719713045,13.49609957737583,0.502390792213971,0.08223525432499132,0.037718435139633084,0.7610786217396212
1789205828.542563,6,0.2740849783018782,13.49926248449285,0.5043501720177432,0.08229590227635962,0.03674459372537799,0.7567334005357951
1789205828.5927362,6,0.27947256905537343,13.501451593910142,0.5063335578147178,0.07645619347251142,0.027793577829496482,0.7543953696376903
1789205828.642955,6,0.2849454124477891,13.50299714330495,0.5087464135206247,0.07679351050767655,0.018542963687748756,0.7516894060962261
1789205828.6933286,6,0.2905838953303377,13.50478838401061,0.5110115207310486,0.08042792842460943,0.012858643734424035,0.7475856534228037
1789205828.7431772,6,0.2962899369430056,13.507447066312517,0.5122314089514048,0.08285146395575173,0.009420651629124767,0.7419349888727894
1789205828.7954962,6,0.2996613904485792,13.509390058442989,0.5126748616838365,0.08388982717799993,0.008581197037917753,0.7389720400853731
1789205828.8449173,7,0.3074869055157092,13.5145855611076,0.5135292060135312,0.085432361603456,0.008195149831377683,0.7337172575572523
1789205828.8931062,7,0.31304755297022746,13.518633938572084,0.514226667383035,0.08608729686519767,0.007951530584517185,0.7306017983923117
1789205828.9431782,7,0.3185824766598446,13.5227879303336,0.5149741896160426,0.08655712979691514,0.00817886733952099,0.7276707907218398
1789205828.9924793,7,0.32412144678164595,13.527051770416026,0.5158874948150626,0.08692830177592029,0.008229530323259765,0.7252902221211953
1789205829.0378883,7,0.3291410205532598,13.530936726359952,0.5167982849968906,0.08743989667831274,0.008135134490817434,0.7237722165500842
1789205829.0869408,7,0.3350188426650944,13.535306890650478,0.5179543705169765,0.08859216950011467,0.008195498131810443,0.7231226265911324
1789205829.1326194,7,0.3405957325465908,13.539396095606785,0.5192068072880792,0.08956097813143817,0.00796251549218066,0.7228740302249218
1789205829.1776495,7,0.3461049916990332,13.543400070935059,0.5204632041828993,0.08998859987809887,0.007303769865394735,0.7235775686141354
1789205829.227011,7,0.35246594557579725,13.548071784955503,0.5220078912117229,0.08963622526795101,0.006168332099268289,0.7257290458206132
1789205829.2956984,7,0.3585111814928019,13.5525389593533,0.5234671352096679,0.08932363075743655,0.004974405298902463,0.7284234858851255
1789205829.342501,7,0.36798086517625395,13.559628871753128,0.525740762630638,0.0884661142882023,0.0033152189733126327,0.7341309753105717
1789205829.3929014,7,0.3749495926029464,13.564897868882587,0.5273344859890915,0.08834467687139297,0.00231527739569779,0.739073760442146
1789205829.4431496,7,0.38210017286502124,13.570353343246566,0.5288760711802744,0.08865143603998321,0.0017286913472618257,0.7445396637937698
1789205829.4930403,7,0.38937575327719826,13.575943328298608,0.5304717350823949,0.08875525887914629,0.0014873302866414489,0.7504910220122851
1789205829.5425305,7,0.3967512103552384,13.581710114000028,0.5321237292972795,0.08916725612116415,0.0008378519623071464,0.7569447039798506
1789205829.5926204,7,0.40415482259018887,13.587653448243662,0.5337582602740214,0.08910292474081763,0.0009483849343745501,0.763620173014018
1789205829.642603,7,0.411592267548005,13.593717309643267,0.5353776221739739,0.08980114985582664,0.0008339556028852286,0.7708008782315896
1789205829.692883,7,0.4190289105497423,13.599917459550198,0.5369983650620607,0.09037090745987346,0.0005975026662999128,0.7781896490581923
1789205829.743423,7,0.4263880385108797,13.606243767739704,0.5386185708555633,0.09094437473846793,0.0002387603516765448,0.7858157395048402
1789205829.8049743,7,0.4307304771444644,13.610078970454774,0.5395993585826682,0.09136934817389143,-0.00025739536771813215,0.7906030900134858
1789205829.852725,7,0.4420609121691356,13.6205232767316,0.5421846035690132,0.09087496450515693,-0.0016768202156924627,0.8035812426268782
1789205829.903252,7,0.4489812461609182,13.627133973415349,0.543850026732187,0.09061842283045309,-0.0026822216702124093,0.8119621170533023
1789205829.9525368,7,0.4557572301822672,13.63383269232309,0.5455827811890123,0.09036391527852976,-0.0039605520926116215,0.8205588162249661
1789205829.9975734,7,0.46163472730896116,13.639801785659929,0.5470359006381453,0.09065228201385257,-0.005069578508952226,0.8283398464628896
1789205830.0430288,7,0.4676349563311837,13.646134254740687,0.5486578999123589,0.09018469138212241,-0.006334792942256567,0.8364942529178298
1789205830.0930023,7,0.47403038165011674,13.653079255699522,0.5504071686827994,0.08996618379594812,-0.0075261487273151646,0.8457284123598101
1789205830.143066,7,0.4802921259501665,13.660137232223118,0.5522441232221814,0.08911421518854905,-0.008887017385542892,0.8549896091012503
1789205830.1928577,7,0.4864319882647657,13.667218287105797,0.553996788998814,0.08874581738099596,-0.01024853115162057,0.8645139024687586
1789205830.2428408,7,0.4922673176869043,13.67418723515226,0.5560646370288953,0.08872203902300937,-0.010937356493662266,0.8750171132053637
1789205830.2969527,7,0.49563160918973753,13.678364995615913,0.5573529097402826,0.08823384657197729,-0.011391724698588498,0.8815727325769588
1789205830.3430958,7,0.5030520752684821,13.68785217230585,0.5606183405569789,0.08728108385916834,-0.012070930082637326,0.8990412080640003
1789205830.3926718,7,0.5079928552109191,13.694409941562474,0.563020575140602,0.08603655771955239,-0.012951679780986648,0.9127790370743843
1789205830.443407,7,0.5125673371454523,13.700838776315015,0.5654354378010557,0.08474369735911412,-0.01427364101617343,0.9271089974051575
1789205830.4926236,7,0.5166585230486567,13.70699779967562,0.5677785036662347,0.08348394097389696,-0.01531404742499742,0.9423860356623841
1789205830.5426767,7,0.5202060992034684,13.712871674024507,0.5700235827148978,0.08139967149253458,-0.016814106567362208,0.9579938559868103
1789205830.5929677,7,0.5231711474199476,13.718552650134205,0.5720228834354444,0.07937309447017252,-0.019180788431324477,0.9739017489345309
1789205830.642963,7,0.5255304850056151,13.723914113955036,0.5738309785949293,0.07722198504261481,-0.021749852148750668,0.9900475735699349
1789205830.6928377,7,0.5272690671509552,13.729016950011394,0.5754689444766332,0.07432365943608057,-0.02455111812745385,1.0063237711172903
1789205830.7426038,7,0.5284622519424953,13.733819948072757,0.5769370624163689,0.07093680359863809,-0.028151672931391463,1.0230566466174957
1789205830.8133593,7,0.5288900742247442,13.736524304785945,0.5777856377223303,0.06845715685288041,-0.030126485239620582,1.0327439535001837
1789205830.8634968,7,0.5294585340248849,13.743937465810262,0.5799035262874856,0.06085614048069029,-0.037088117589677554,1.0593368591461367
1789205830.9129732,7,0.5293539845971447,13.747759618924968,0.5807251609663266,0.05634774178079356,-0.04018655045056994,1.0723693520828852
1789205830.9628863,7,0.5290009537449617,13.751411298287637,0.5815604746206294,0.051841616479247794,-0.043157431559665484,1.084726357449853
1789205831.0133557,7,0.5285887703423009,13.75500055318484,0.582261215971788,0.04763000093439794,-0.0455377401989617,1.0964084381095205
1789205831.0633063,7,0.5281228019933917,13.758526326860897,0.5829677718137334,0.04328531665553114,-0.04765225253800338,1.1076583614754505
1789205831.1126583,7,0.5276925423204496,13.762067748507004,0.5834557829545093,0.038210915723569,-0.04960386956342356,1.1189103118338557
1789205831.16314,7,0.5273608821667043,13.765728841706345,0.5837416742548069,0.033708227291266955,-0.05088684166377109,1.130045056569879
1789205831.2131329,7,0.5271835654565552,13.769523788303102,0.5838868803405651,0.02973248063266626,-0.051720664784594535,1.1408858617834277
1789205831.2628505,7,0.5272488509771383,13.773544301332725,0.5840499067169643,0.026026534670862824,-0.051982176964916416,1.1516984758688502
1789205831.3129392,7,0.5276397889429799,13.777941696458642,0.5841396230589403,0.022946320919975272,-0.051613390508584586,1.162375813333905
1789205831.3626804,7,0.5283198390211092,13.782624909597871,0.5841167883765601,0.020906083610757905,-0.05095094519907997,1.172902617525182
1789205831.4125981,7,0.5292706016607752,13.787607771116607,0.5840275632982066,0.018839358284692048,-0.049771047970621186,1.1832430932033435
1789205831.46333,7,0.5304858351827932,13.792988322127547,0.5839476100362793,0.017121780849516474,-0.04877538847402428,1.1932929352075299
1789205831.5129821,7,0.5318881013316564,13.798634191861062,0.5838773349670339,0.016272655422961184,-0.04768023975622726,1.2028455006723824
1789205831.5626388,7,0.5333616409602812,13.804396030877005,0.5839145016873589,0.01484941216031082,-0.04636445798404943,1.2129994923821503
1789205831.6123827,7,0.5348568079159917,13.810289517504918,0.5840288593492209,0.01380876339068755,-0.04538839334100245,1.2232016923155058
1789205831.6629653,7,0.5364052830909942,13.816375955095477,0.5842017577190233,0.013046655447502695,-0.044833886338762056,1.2331937664335098
1789205831.7131104,7,0.5380620380643834,13.822572292608566,0.5844308958578753,0.01195191312190969,-0.04369583959132177,1.243020125307966
1789205831.7623947,7,0.5397720622153706,13.828848937985018,0.5847246518187753,0.011355061738141225,-0.042557444060422965,1.252954754349365
1789205831.8131328,7,0.5415292796447941,13.835226819638141,0.5851209603911602,0.011389673417552053,-0.04167729494911789,1.2623186032912397
1789205831.863229,7,0.543388601390021,13.841675997565446,0.5856023580069389,0.011717750864720388,-0.04115565811987189,1.2708209479724302
1789205831.9133387,7,0.545401448158194,13.848167340890594,0.5861232913538728,0.012623005953489768,-0.040551979667446114,1.2786878635595889
1789205831.9630663,7,0.54748706155382,13.854682960265889,0.5865738581215972,0.01348494643712537,-0.040199192522012414,1.2853361190405865
1789205832.0128624,7,0.5496454431258383,13.86119874384582,0.5869032058943224,0.014957727694221627,-0.03969163238046698,1.2913597606862024
1789205832.0627599,7,0.5518732572062315,13.867711026401558,0.5871323487312151,0.016794699199853255,-0.03948667948572182,1.2964614877930738
1789205832.1131995,7,0.5542458754853732,13.874229034799795,0.5873040537279984,0.01913455939429325,-0.03906624647690152,1.3010740198104132
1789205832.1626046,7,0.5567101217624422,13.880707042897777,0.58735658280254,0.021492736959409727,-0.03883986155025256,1.3046654343075113
1789205832.21294,7,0.5592700789862013,13.887251039843749,0.5871027702670149,0.02391199491037692,-0.03931999146517438,1.3077925063958635
1789205832.2625816,7,0.5619288063411126,13.89369181294547,0.5863467080753257,0.026658487878152056,-0.040063474546630014,1.3105278620698873
1789205832.3132098,7,0.5646752101844874,13.90004079556892,0.58518184145396,0.03058391488925323,-0.0414442993410698,1.3126417656958707
1789205832.3624592,7,0.5675344236220035,13.906370202614115,0.583950161593983,0.03398580980375056,-0.04349196908477499,1.3145375493737765
1789205832.4125454,7,0.570230056842981,13.912636571079538,0.5830700766978829,0.036299552274450454,-0.0458643439878616,1.316501915921799
1789205832.462999,7,0.5726911263266188,13.918917847535514,0.5828445079376017,0.037988974592081275,-0.04881606575999741,1.31837481187042
1789205832.5133495,7,0.5749604694083459,13.925380014324872,0.5834662215483694,0.03872037543897382,-0.052345420147406764,1.320633777964889
1789205832.5632985,7,0.5772307160403057,13.93218072837549,0.5847858497627975,0.0393016734156969,-0.05523892378782317,1.3228050403055707
1789205832.6124995,7,0.5795800845652408,13.939330218725996,0.5868920481579739,0.039579726908681535,-0.05784922846212971,1.3254764007268156
1789205832.6628175,7,0.5820325081446346,13.946874898238397,0.5898180709029237,0.0387922901469359,-0.06034418327506199,1.3299952168850502
1789205832.7131107,7,0.584815009559555,13.954979094674156,0.5935571047145393,0.037462621122830095,-0.06173220730957943,1.3370397658170003
1789205832.7625668,7,0.5880520353266265,13.964145196629092,0.5976573595993803,0.03724567167382779,-0.06203381016332678,1.3448515144118336
1789205832.8128808,7,0.5918079851583894,13.974645729239766,0.6017821814551351,0.03923822802240172,-0.061696365339713934,1.3533567625458651
1789205832.8633296,7,0.5957208198485038,13.986428290488108,0.6056340541814668,0.04156845910423709,-0.06028410094291171,1.3628454750746268
1789205832.9127996,7,0.5995025596127106,13.999155269652917,0.6093418598056424,0.04388460538778769,-0.05716795528606297,1.3729618172143627
1789205832.9626606,7,0.6030280505744815,14.012528079019651,0.6125969869045728,0.04543328782170364,-0.05192061613714019,1.382466347093307
1789205833.0132577,7,0.606065382617368,14.026171254669567,0.6154300302107861,0.04590860774008206,-0.047079958562426936,1.3917842804607383
1789205833.0628042,7,0.6085864807238851,14.03971154661592,0.6178526065366946,0.04579577623384796,-0.04266324077367504,1.4009674104690888
1789205833.1130729,7,0.610558849912487,14.0529238463104,0.6197253424514066,0.04656516846722046,-0.03890975170184655,1.4093785997110821
1789205833.1664464,7,0.6120078882824525,14.065551496558468,0.6208430758788999,0.04691538855977636,-0.03539174454857718,1.4167434040421667
1789205833.2123947,7,0.6133337084534427,14.077405320810321,0.6209358697262068,0.047445044532699515,-0.03042770095691237,1.4224552969658357
1789205833.257429,7,0.6145709033710086,14.087062596867503,0.6197101779886915,0.049531466599036275,-0.026083729568564147,1.4257927127918613
1789205833.302673,7,0.6162692240206995,14.096364806719244,0.6169543917082052,0.05413318119192172,-0.021980985987038015,1.4278041368370498
1789205833.3535595,7,0.6188425855211687,14.10550198766332,0.613392434603429,0.061781195179543606,-0.020630117982176066,1.430019187877334
1789205833.4025364,7,0.6213766592115211,14.113296416633762,0.6118527551419515,0.0655352485648285,-0.02185398123624265,1.43250476332356
1789205833.4533916,7,0.6232604177787809,14.12017473440554,0.614029495042107,0.06694794679353534,-0.026496020270146692,1.4361671999679055
1789205833.5028718,7,0.6255445520834952,14.126991726724375,0.6186702625712595,0.06719559313034869,-0.035856876259579555,1.4423199537323592
1789205833.553257,7,0.6286663561664021,14.134638052244208,0.623698476026158,0.06859908887072105,-0.04689817728735821,1.448052795856767
1789205833.6024287,7,0.6324986707860224,14.143649986806729,0.6285984548903354,0.07167778347831562,-0.05556852364676118,1.454938191111601
1789205833.6530402,7,0.6365795584961319,14.153887268689719,0.6333989857799415,0.07347218041827985,-0.06013188743958204,1.462973213623192
1789205833.703358,7,0.6406060963496545,14.165106793031656,0.638289785691154,0.07500339074179385,-0.06211527247339348,1.4716395938391487
1789205833.7526674,7,0.644194436291849,14.177234088054812,0.6428117436140007,0.07640307456484052,-0.06279162395298148,1.480302403899792
1789205833.8165734,7,0.6454023829028178,14.182353061555753,0.6443875183688863,0.07661864671204813,-0.062828086828876,1.4836843897093102
1789205833.8630016,7,0.6488672653338794,14.206040464110599,0.6493738397891199,0.07553017224228595,-0.0588581149481267,1.4982916680468206
1789205833.9148414,7,0.6490054015853932,14.219460859618922,0.6502521243613778,0.07342987099021066,-0.05381714986112257,1.5037584496449254
1789205833.9629166,7,0.648189614063597,14.231114598746988,0.6485205025076092,0.07193243748411075,-0.04608458504329043,1.5068776481205524
1789205834.0126796,7,0.6471937403775949,14.24236604350603,0.6434760239571312,0.07566530648168958,-0.03808590412078084,1.509366832559302
1789205834.062618,7,0.6467986610062406,14.253348848305569,0.6372076782758823,0.07709479472585555,-0.035026306023526466,1.5131617740902294
1789205834.11289,7,0.6462906763978256,14.263717061823671,0.634653201567779,0.07591757822685655,-0.033677047846654255,1.5175123207183459
1789205834.1627162,7,0.6457019353177472,14.27344152821112,0.6384829053056508,0.0717635385426022,-0.034377691894621566,1.522985058675641
1789205834.2126837,7,0.6463345106426078,14.283577970614228,0.6451129797822152,0.06450289145722096,-0.04120568660352004,1.529332250885851
1789205834.2629437,7,0.6484971716812434,14.294633632917632,0.6522277626709903,0.05867470779480316,-0.04925591763395202,1.5350551741390146
1789205834.3130803,7,0.6518975941295441,14.306825893957779,0.6598022701913856,0.0556873986582005,-0.054420564245558335,1.540954897196128
1789205834.3633335,7,0.6557967229951852,14.320123051921959,0.667092781129463,0.05347219746990716,-0.056388849595116294,1.5478744164383773
1789205834.4132826,7,0.6596161493011454,14.334216636994919,0.6738239833655905,0.05346086918634112,-0.055857952322730546,1.5558213244090633
1789205834.4628868,7,0.6627199724602619,14.349016219336617,0.6796080429188583,0.05455397962818778,-0.05505840863236489,1.5643185156206858
1789205834.5129712,7,0.6647958317058371,14.364167928377565,0.6843967220502213,0.05668981582450493,-0.05275119998602964,1.571821598370826
1789205834.562675,7,0.66553797692526,14.37932658383724,0.6877841717477751,0.05726459417673584,-0.049847496817709724,1.5774497898028963
1789205834.6133747,7,0.6647554283466092,14.39386602307616,0.6898214812425201,0.055282531955694235,-0.04640919636541776,1.5808930503369263
1789205834.6630943,7,0.6626359423047137,14.40734171892412,0.6902175268502565,0.05165138147205221,-0.04124837447162641,1.5827192650199775
1789205834.7131124,7,0.6595177385868489,14.41941567208064,0.6887053430381764,0.04859830552253432,-0.03580606531563515,1.5832620211938804
1789205834.7626169,7,0.6558071901317516,14.430037008108597,0.6855158390855259,0.045793392817671884,-0.030843596340405965,1.5832581808346302
1789205834.811094,7,0.6550359379739941,14.432026645346603,0.6847831722223848,0.04513587095768301,-0.030081658296926748,1.5831065298890372
1789205834.8563223,7,0.6488443231512937,14.447730785945069,0.6795373338499993,0.039852374972782545,-0.02643211953029223,1.581335335484286
1789205834.903025,7,0.6458349283685141,14.45572217755967,0.6792514755794606,0.03593721026865533,-0.024911944082801687,1.580816325282059
1789205834.9536996,7,0.643391203295995,14.464113623360717,0.6829300284405722,0.030842702792462304,-0.02643000360083938,1.5818148103469474
1789205835.0029578,7,0.6425499701050664,14.47269377335005,0.6897263557774516,0.028243816824812758,-0.032145785096169825,1.5845144481678637
1789205835.0534573,7,0.6432481428113043,14.481964645143936,0.6973909045151032,0.027551989256870416,-0.040019905794777176,1.5867809870625496
1789205835.1033268,7,0.6447712500971181,14.49228361882281,0.7047551179944324,0.027412323218828652,-0.046807288870724384,1.5881056815822556
1789205835.1525557,7,0.6465762833043892,14.50349144412971,0.7113646983662248,0.027650032929003452,-0.05081848099654043,1.5885751048892651
1789205835.2028182,7,0.6481966189466006,14.515529166215558,0.7167877365332205,0.02871251400235917,-0.05083291198086623,1.5881910238583683
1789205835.2535377,7,0.6494133719530265,14.528172787020718,0.7211097344051532,0.029604341475041752,-0.04903657261189045,1.5872243338278238
1789205835.2989304,7,0.6497546964790543,14.533314821842591,0.7225458559083463,0.029790317704801696,-0.04806884480028087,1.5866932116424919
1789205835.3465729,7,0.6501750004662329,14.552434268976622,0.7266272632737162,0.02978034061456577,-0.043856996153959035,1.5843695918143856
1789205835.3926208,7,0.6498536187314425,14.564048105174724,0.7284611095933204,0.028966669879225557,-0.04107973399341354,1.5829878064854082
1789205835.4430313,7,0.649041014556418,14.576223180214539,0.729831765388927,0.027246342239718925,-0.037038125100248155,1.5811485236870666
1789205835.4924214,7,0.6478104391638957,14.587851002028929,0.730691194849529,0.024886286747709672,-0.03297820167535794,1.5792109134473395
1789205835.5424423,7,0.6462885336705715,14.598846062322679,0.7312608780860876,0.022083164262360483,-0.02956467916188705,1.5773668643009318
1789205835.5928824,7,0.6446570820241373,14.609261517756881,0.7320018873377051,0.018919031743644964,-0.026760646522376065,1.5758036481620141
1789205835.6431878,7,0.6431689949786934,14.619227484253333,0.7335141412185181,0.0163538851706404,-0.025164986935062153,1.574313746339908
1789205835.6924675,7,0.6421195857854902,14.62895669014095,0.7356877387101225,0.014682293362114721,-0.02520298579353446,1.573455992812406
1789205835.7432177,7,0.6414728771626862,14.638638624658551,0.7383455185116319,0.01371260502714023,-0.026312809624939232,1.5727413429598789
1789205835.7975178,7,0.6412482728686787,14.644502804382727,0.7400407740037657,0.013410854931523703,-0.027159904762787946,1.5724435092812525
1789205835.8470695,7,0.6411314438256934,14.659191290155741,0.7442343869061043,0.013657142033344383,-0.028990224141386738,1.5712781399040243
1789205835.892697,7,0.641151671978993,14.668470107677809,0.7465637787264536,0.01382687184984779,-0.029799101155979335,1.569949617215246
1789205835.9429905,7,0.6411645599049507,14.67860774976296,0.7487406936970149,0.014081164746184184,-0.030132401250037005,1.568023952273458
1789205835.9933314,7,0.6410957430913116,14.688713515143606,0.7507191003202857,0.014259488465961107,-0.029981700269752377,1.5658905493617834
1789205836.0435183,7,0.6408802114093681,14.698758197416366,0.7525137828714921,0.014225291399545613,-0.029769524094355532,1.5629008335335883
1789205836.0929153,7,0.6405663188651921,14.708678703864457,0.7541742312778608,0.013563251473386424,-0.029379963261434827,1.5598144929685092
1789205836.142675,7,0.6400965822489695,14.718396962192378,0.7557071252002132,0.012961791961955573,-0.028674322280809173,1.5558255124236964
1789205836.187696,7,0.6395637919013989,14.726758148818679,0.7570807669151338,0.012285060478507753,-0.028682703974024185,1.5519375103136213
1789205836.2371526,7,0.6390474339831935,14.736165624482553,0.7587983194636214,0.011756042469464838,-0.028398553299085128,1.5476750622139028
1789205836.2997534,7,0.6388166515305214,14.74293024937127,0.7601031186399801,0.011570278803058472,-0.028513636607507505,1.5444902062367998
1789205836.3469691,7,0.6388502018451139,14.756875523009793,0.7629400048402458,0.010862725960001414,-0.02869793641437593,1.5382838788480122
1789205836.39325,7,0.639087240733122,14.7656124968888,0.7648122908673779,0.010345198429451773,-0.028970768134388862,1.5343086033445488
1789205836.4434958,7,0.6394573857985216,14.775153580860362,0.7669145294691392,0.009483730608381579,-0.029418806655210766,1.530491020669251
1789205836.4934623,7,0.6399232434659801,14.78480022210486,0.7690260323186169,0.008797471343673655,-0.02977297382454362,1.5269161215494123
1789205836.5434332,7,0.6404916948524061,14.794529615024024,0.7711490448807742,0.008501861996592157,-0.03020633195009019,1.5238654907676839
1789205836.5935235,7,0.6411094932259577,14.804298512358073,0.7732512218485934,0.008129553072439144,-0.030426622681326825,1.5210586159738961
1789205836.6427264,7,0.6417012231790021,14.814126731256849,0.775279987173767,0.007932379375676294,-0.030426195330293875,1.5183590678542978
1789205836.6932898,7,0.6422443351169167,14.82396290180427,0.7772508794222935,0.00764620622347108,-0.0301511740687353,1.5157750594548545
1789205836.7428637,7,0.6427720477460619,14.833815012541368,0.7790976655070292,0.007641956030847331,-0.030029771385663484,1.513850719337676
1789205836.796656,7,0.6430966585223195,14.839717056086306,0.7802128099931881,0.007724948341248038,-0.02960767004113322,1.5126211971764854
1789205836.8433812,7,0.6438102026803091,14.853534902770212,0.7827402012594251,0.007286854248087984,-0.029122677036716768,1.5097064190249962
1789205836.893531,7,0.644305949192737,14.86341458187091,0.7845041119688135,0.007115002945075195,-0.028861195928598656,1.5079234255573817
1789205836.9426107,7,0.6447732860844106,14.873274803733537,0.7863035642241559,0.006761813045490992,-0.028493150986238173,1.5059303699152988
1789205836.9929109,7,0.645304457853203,14.88311014868346,0.7880774921724045,0.006657098303893383,-0.02848750660307622,1.5041281758354217
1789205837.043204,7,0.6458121996072123,14.89287272610205,0.7898528273087698,0.006458796512710115,-0.02806748156288722,1.5014726848674163
1789205837.0930774,7,0.6463443197944184,14.902629800995534,0.7915566977586503,0.0065138938062781725,-0.028143863570822106,1.4986719301019504
1789205837.1427207,7,0.6468153540139664,14.912358569652868,0.7932331280681834,0.00586797957203834,-0.02791538738388443,1.495510780262516
1789205837.1933913,7,0.6473256262448538,14.922049229522107,0.7949396107020659,0.005672585595160066,-0.02743675976159507,1.4927414645901598
1789205837.2431326,7,0.6479212124128426,14.93168806974278,0.7966564525566734,0.005227721536250976,-0.027192840602237138,1.4896563451893403
1789205837.295449,7,0.6482372588968449,14.937469641697824,0.7976278728517618,0.005098419989382344,-0.027385925947275836,1.487412855444226
1789205837.3431954,7,0.6491451036387292,14.950920870633341,0.799982818101312,0.004769610620391497,-0.026905865084485496,1.482747345156354
1789205837.3933363,7,0.6498799703012437,14.960512232415187,0.801711653056626,0.004550122485392036,-0.026680936175946964,1.479010361915488
1789205837.4433038,7,0.6506620680837971,14.970086016193921,0.8033227749151294,0.004316578288409482,-0.02664699901778351,1.4754348671425486
1789205837.492598,7,0.6515390886259931,14.979646439111272,0.8050368708171303,0.004367122557006048,-0.02633358665218712,1.4722395523982663
1789205837.5428045,7,0.6525194012167835,14.98916055688668,0.8067725267967355,0.004683151676760947,-0.026575078939907876,1.4694836087089989
1789205837.5933743,7,0.6535496426549591,14.998475575466585,0.808634174928307,0.00475632070537463,-0.026909855779545425,1.4668766406795777
1789205837.642769,7,0.6545976023244001,15.007881276450913,0.8103383951659282,0.0044097627416834805,-0.0272308371613014,1.4644630530791392
1789205837.6925817,7,0.65545440138832,15.017665776991992,0.8118783096895469,0.0031985907190676885,-0.02656759870465414,1.4617878856764706
1789205837.7425354,7,0.6562127457639498,15.027929040214657,0.8133901047496712,0.0015214952910396983,-0.025209519335756603,1.4590111624009419
1789205837.7976408,7,0.6566977653402855,15.034317679094272,0.8142639902355239,0.00069459248821713,-0.024440726020152473,1.4575897602911996
1789205837.8469975,7,0.6579391737231737,15.050642177599297,0.8164846979148739,-0.0014521566120706494,-0.02156567824537962,1.4545318248022028
1789205837.893003,7,0.6586024530131225,15.060916867463325,0.8179463419641799,-0.0030835705398063133,-0.01939610498848738,1.4525136618833214
1789205837.9435518,7,0.6593506824961549,15.072080047039332,0.8194371997258565,-0.004671502984083935,-0.016809502385058683,1.45038959808804
1789205837.9931648,7,0.6601561091328364,15.083448094077989,0.8207021270255752,-0.006023307456314468,-0.013687128552884833,1.4484459879827456
1789205838.0424576,7,0.6610602907081565,15.095257041605468,0.8217195354168239,-0.0074700058037929715,-0.009770439302812245,1.4466040103222968
1789205838.0924587,7,0.6621065934880968,15.1074293649344,0.8226291164526123,-0.008685115667966729,-0.005660169862013045,1.4450989122839815
1789205838.1430254,7,0.6632203781182769,15.119794736384144,0.8235987144900315,-0.009624363290477578,-0.0008083390703110796,1.4432202730533819
1789205838.1930213,7,0.6643795725261493,15.1322846757365,0.8246804303641484,-0.01058426554842517,0.004064811536505337,1.4412564681336772
1789205838.2428126,7,0.6656925437864974,15.14476530743323,0.8258120564516702,-0.01104243674409956,0.009264577405405023,1.4391127850679237
1789205838.2989032,7,0.6665120070689746,15.152208889855126,0.8265623820361676,-0.011161499742761346,0.011886374357141885,1.4376105418784642
1789205838.3465867,7,0.668734314882404,15.17041036565329,0.8284302566090899,-0.011032386587341361,0.01853459225302296,1.4340220400586277
1789205838.3931203,7,0.6702998458048448,15.181508233406465,0.8296518193819818,-0.010524783883135104,0.02244373636084662,1.4322609255092222
1789205838.4452002,8,0.672002278357944,15.193399146503587,0.8310141428585375,-0.010229816086731403,0.026018198568900076,1.431302206741924
1789205838.492487,8,0.6737208417998649,15.205058929787702,0.832622560396736,-0.009850044162675724,0.029047442189210737,1.4312074549955511
1789205838.5433464,8,0.6753711793085576,15.216497474588527,0.8342558011106477,-0.009630376757492152,0.03186070193169176,1.4320346134867088
1789205838.5923982,8,0.6769597464185029,15.227707249305723,0.8358303871732082,-0.009753407740451359,0.034768511253832075,1.433805931282064
1789205838.6423929,8,0.6784863928897511,15.23864010518477,0.8374196101099993,-0.010127661167064865,0.03780274003353637,1.4367937093654255
1789205838.6930294,8,0.6799156714602628,15.24923928215536,0.8389096542491244,-0.010685515279945932,0.040797381116360755,1.4412051966238622
1789205838.7431617,8,0.6812230463631775,15.259494655159104,0.8403469802666615,-0.011409195043381268,0.04383831568413021,1.4469935362919917
1789205838.796495,8,0.6819357927145806,15.265459536741538,0.841123898612102,-0.011978189182353622,0.04555258075882126,1.450971442238289
1789205838.842592,8,0.6832820474781914,15.27878128791297,0.8427450031620531,-0.01318014041211929,0.049336615218682316,1.4621086967333645
1789205838.8932931,8,0.6839482253076747,15.287749016518847,0.8438269891453892,-0.0133780402680451,0.0516496309220968,1.4711777718505663
1789205838.943398,8,0.6843360382670098,15.296239444440582,0.8447892352555212,-0.01412403479150747,0.053893348751370466,1.480471606213722
1789205838.9929144,8,0.6844576862170292,15.304191428851649,0.8455987335313243,-0.014619502329302677,0.05542439301571352,1.489382762859929
1789205839.0436525,8,0.6843672656971608,15.311631203954944,0.8463873918239722,-0.015365268470732963,0.05632863370764631,1.4979486827710622
1789205839.0924158,8,0.6841484823235106,15.318567943914617,0.8470857011668962,-0.0159754190108309,0.056933960847318874,1.5060869030100905
1789205839.143132,8,0.6838526022267631,15.325052181148038,0.847723947638564,-0.01656357594752455,0.05734261996952221,1.5137968813840572
1789205839.1928985,8,0.683475888900306,15.331119074433113,0.8483113905526963,-0.01727679233902722,0.05771657951302268,1.520962275964552
1789205839.2432203,8,0.6829905269565651,15.336816965830092,0.8489178341636278,-0.01904490717997389,0.05866328627709743,1.5266331080035054
1789205839.2960808,8,0.6826383457493255,15.339975623576198,0.8493057690300814,-0.019804595248258176,0.05917154154450819,1.5293030072772669
1789205839.3445592,8,0.6818880991767798,15.3470107389422,0.8500599865817711,-0.021131990669550196,0.05990999497428535,1.5356414870364343
1789205839.392819,8,0.681559605022474,15.351863153269784,0.8504796278297049,-0.021029356118372994,0.05982677585218981,1.540586949044852
1789205839.443215,8,0.6814505316578611,15.356586736886513,0.8506976500901127,-0.0207988296013703,0.059611362373979536,1.5465316657633097
1789205839.4924872,8,0.6814614155610548,15.361210330510954,0.8507623680155276,-0.021131859362332413,0.05931659545875783,1.5524342059745055
1789205839.543071,8,0.6815670823144823,15.365704914948028,0.8507292186748332,-0.020554447565454208,0.059226445994811985,1.5575846818416552
1789205839.5932567,8,0.6816362416495665,15.370224465797651,0.8505555626222787,-0.020191952985682913,0.059475286705821126,1.5602460958809201
1789205839.6426222,8,0.681676560615279,15.375071785364883,0.8503543876727953,-0.020157326419377522,0.059451606651286515,1.5612236792941858
1789205839.692992,8,0.6817238911786131,15.380265865246107,0.850323432595947,-0.020137726086276543,0.059567447302688585,1.5613764041031786
1789205839.7431357,8,0.681919808315418,15.385903330370116,0.8503968937877266,-0.0198911135058575,0.0587987248855435,1.5610357603561265
1789205839.7962584,8,0.6820942047606638,15.389533162429542,0.850494354310446,-0.019695918640434493,0.05879619955878726,1.5605360266269406
1789205839.8432014,8,0.6827741783080092,15.398471128922138,0.8509073217814125,-0.018649114015706403,0.05775686360317695,1.558643024290638
1789205839.8928468,8,0.6833584568689209,15.405325773553828,0.8511859404541947,-0.01802166405255492,0.05699867309033053,1.5561938356693312
1789205839.9431703,8,0.6840277293109784,15.412428408109163,0.8515057898169976,-0.017507159305800216,0.05649061171193613,1.5530553390963953
1789205839.9923468,8,0.6848064326479901,15.419717581954702,0.85185212834919,-0.01694677098943307,0.05562669834588643,1.549789209687216
1789205840.0429637,8,0.6856580050172407,15.427181746113181,0.8521681780838796,-0.016194634616238053,0.055371683735151375,1.5462084957226854
1789205840.0932736,8,0.6865601856186858,15.434786413576306,0.8524893082079112,-0.015504741991751106,0.05516973774083282,1.5427177398509924
1789205840.1425107,8,0.6875388120540665,15.44253334589839,0.8527568031283923,-0.01461267423782833,0.05505317502403955,1.5395511682926983
1789205840.1875825,8,0.6883984593116778,15.449392541689123,0.8530060992845164,-0.013711904970399806,0.05508926633595626,1.5366297024523143
1789205840.2327733,8,0.6893555349993071,15.456632091457026,0.853245000630181,-0.012619273275864769,0.055062498711434864,1.5337469816598104
1789205840.2963254,8,0.6902210499181569,15.462945966396934,0.8534310223398208,-0.011519575765111518,0.05481234494001026,1.531333240276269
1789205840.3427367,8,0.6917236781646097,15.474067400479306,0.8537004463688009,-0.010434555761765668,0.05475322391778796,1.5272596592571666
1789205840.393301,8,0.6927802198761784,15.482033894177656,0.8538453115417184,-0.009692979097922163,0.05502501169093402,1.5245931411053606
1789205840.4424272,8,0.693816676016524,15.490013132806357,0.8540321255060336,-0.008798650008076198,0.05498326130146129,1.522172452267735
1789205840.4933324,8,0.6948478798798361,15.498011210410022,0.8541702900904199,-0.007650998606279159,0.054942447367709445,1.5200589748807498
1789205840.5427797,8,0.6958591650590437,15.505983318089001,0.8542714488248928,-0.00661877459327089,0.05506715278425556,1.5182427228571074
1789205840.5924592,8,0.6968004649066598,15.513957696664109,0.8543774896514194,-0.00593448655570499,0.05517753843104799,1.516607812949267
1789205840.6435926,8,0.6977504454685367,15.521962150273358,0.8544714360261809,-0.005093337940823713,0.05554826155607173,1.515479039803191
1789205840.6930103,8,0.6986830145041301,15.52995938264363,0.8545387751911869,-0.004204016319873737,0.05590855128348445,1.5147006558611467
1789205840.7433813,8,0.6995924818265085,15.537950281753947,0.8546046432934203,-0.0033231625191165,0.05608255407330545,1.5141455397038481
1789205840.797406,8,0.7001218331433862,15.542740974549691,0.854615224555474,-0.0029104940293173593,0.05621091730854233,1.5136386207852184
1789205840.8431015,8,0.701266685619945,15.553877574864,0.8546273313572273,-0.001961785995233912,0.056350126824504666,1.5129780336304535
1789205840.8925154,8,0.7020074437916176,15.561795339049908,0.8546519125048356,-0.0014763155712939808,0.05638401706090993,1.5124291012569513
1789205840.9434347,8,0.7027691275652922,15.569705841208952,0.8546647251426287,-0.0009235830454617424,0.056573430299198355,1.5120480638859466
1789205840.9932098,8,0.7035224716459212,15.577588161317829,0.854659464547395,-0.00041217609484850827,0.056627484275003644,1.5116264883060075
1789205841.0430994,8,0.704258738552657,15.585445217149752,0.8546281915726541,-2.2788899508205544e-05,0.05635282269362777,1.5109883180514572
1789205841.093441,8,0.7049669133910236,15.59329694280027,0.8545988698606971,0.00019033678327211697,0.05618329536093904,1.5100928292701328
1789205841.143802,8,0.7056946164325995,15.601138075748905,0.8545776402127807,0.00040400870936881133,0.05629425731646596,1.5090781963241817
1789205841.1933422,8,0.7064484200659961,15.608968910429809,0.854586989293162,0.0007312654123240813,0.05639490405762921,1.5081851867411358
1789205841.2431514,8,0.7071978049714899,15.61679280477795,0.8545977870212274,0.0009828114281385009,0.05633028798862271,1.5070881481968488
1789205841.2958288,8,0.707616017890428,15.62150071516891,0.8545644429813034,0.0009334343115945641,0.05641979099462151,1.5061853048945113
1789205841.3436146,8,0.7086708199378265,15.63243080636568,0.8545900522674763,0.0011882347752365382,0.05650689720194866,1.504286501817966
1789205841.3926685,8,0.7094378166313307,15.64020875745352,0.8545818174892458,0.0013119464264043626,0.056606866141039706,1.5027843259448521
1789205841.4424295,8,0.7102550322597286,15.64795697326559,0.8545795363733946,0.001724814705923365,0.05663391695041695,1.5012853296866817
1789205841.493447,8,0.7111084075443466,15.655712035526694,0.8546004901038219,0.0021283584809535113,0.05663683796982507,1.4997052088311265
1789205841.542703,8,0.7119800009745267,15.663483444533497,0.8546433077312053,0.0025561841205374116,0.056814195941927194,1.4983042324973759
1789205841.5926948,8,0.7128689207071046,15.671267669995627,0.8546553253515023,0.0030733992972779194,0.05673462867998148,1.4974872724002055
1789205841.6429248,8,0.7137697884060255,15.679036614140678,0.8547014335850751,0.003740825272317789,0.05657790358354722,1.4971406004658978
1789205841.6927445,8,0.7146653889587914,15.686751163419343,0.8547312699157005,0.004416762525469728,0.056453920424453116,1.4970355673106919
1789205841.7427459,8,0.7154473011795903,15.694512967862165,0.8546815504764979,0.0048146655288489396,0.05682636714180236,1.4969977150701377
1789205841.8094776,8,0.7157925656120014,15.699246822587579,0.8545933670880524,0.004636941907141311,0.056934765588710474,1.496746387035703
1789205841.8570013,8,0.716568236694345,15.713285509890957,0.8539390433630851,0.003756876297263491,0.059259589772172536,1.4967080095736174
1789205841.9027994,8,0.716920964726026,15.721491849586666,0.8534844128960146,0.0030297275150653995,0.06107802028588413,1.496515081634155
1789205841.9529815,8,0.7173275763342726,15.73060528616075,0.8529968747569291,0.0021790642244845847,0.06392289966336184,1.496371700621106
1789205842.0034397,8,0.717730813207707,15.739763478271454,0.8524683256961337,0.0014064670991352827,0.06685995921077888,1.4961340663803329
1789205842.053438,8,0.7180921820654201,15.748908332406932,0.8518915094603754,0.0003463933012219531,0.07013909725838237,1.495407618104152
1789205842.1025615,8,0.7184676575856793,15.758136302971076,0.8512330317990617,-0.0005687750774271402,0.07330920589579365,1.49493607512137
1789205842.1531973,8,0.7190036544279397,15.767627425249925,0.8504084288768019,-0.0010959473873866931,0.07653142321837601,1.4946254528525422
1789205842.2032778,8,0.7198298628301089,15.77754037160156,0.8491511702014665,-0.0011070414470605245,0.08155135163450437,1.4937606725029058
1789205842.253233,8,0.720794744337511,15.787851088923237,0.8478772950261583,-0.000929530865698682,0.08645904546607416,1.492631811595957
1789205842.3025246,8,0.7218145293994918,15.7984320052016,0.8467604535740471,-0.0008165502042757998,0.09109001996410429,1.491068396252194
1789205842.3525817,8,0.7229616943039615,15.809177641457252,0.8457282883822009,-0.00025062379732046535,0.09603984629800826,1.4892851044607418
1789205842.4029155,8,0.7241360998023789,15.820057995148261,0.8446803531390987,6.341733094827693e-05,0.10062697342192607,1.4868131155935644
1789205842.4525597,8,0.7253946924848284,15.83100326412947,0.8436689019687388,0.0005548783968658639,0.10569112735779866,1.48403500193703
1789205842.5029407,8,0.7267042850753604,15.841972460658743,0.8426327891807442,0.0012397535693192694,0.11049008675232161,1.4808190727505066
1789205842.5528932,8,0.728120711765987,15.85291298537086,0.8416688044330723,0.002105358765810259,0.11527428206241476,1.4773609999531
1789205842.602766,8,0.7295819132721526,15.863810881637484,0.8406823381367723,0.0032766943356166314,0.11950125724577838,1.4729633401160978
1789205842.6527777,8,0.7311101649122786,15.874592754773108,0.8396777320461084,0.003892599882896611,0.12368675051231409,1.4679510411577275
1789205842.702722,8,0.7327240329543241,15.885230336475763,0.8386779343553947,0.0045223472228937385,0.12786574450543164,1.4626564750047555
1789205842.7531722,8,0.7344846311899899,15.895693429172569,0.8376712794497064,0.0055719771696417664,0.1316962553731184,1.4569564076947576
1789205842.7991052,8,0.7352292716142137,15.899823260316413,0.8372338770592579,0.005935847557635808,0.133229548349868,1.4546203773567554
1789205842.8465273,9,0.7380164859377979,15.913998669832282,0.8358032037220381,0.006872953108136445,0.13858514443529493,1.446333949446897
1789205842.8927577,9,0.7401436715641866,15.923851785162805,0.8347357527194443,0.007211588364278264,0.14223744909581484,1.4400225501052066
1789205842.9428525,9,0.7424693682118225,15.933460379471276,0.8335193054577037,0.008521294520628176,0.14603378399389963,1.4338837543331058
1789205842.9927535,9,0.7449844168439359,15.942770814786781,0.8322461233560887,0.00983601338549506,0.1496148905757553,1.427900043103477
1789205843.0424151,9,0.7476856740865828,15.951786508143602,0.8308955908059715,0.011615340127305767,0.15324398024663022,1.4219922207179099
1789205843.0925143,9,0.7504908009478513,15.960536300527313,0.8293868720970771,0.01321163531220497,0.15688557731555028,1.4158609916719194
1789205843.1430953,9,0.7535313333832134,15.968991578886381,0.8278097526145833,0.015550225730322855,0.1604602524168598,1.4100027922291232
1789205843.192747,9,0.7567120983046473,15.977160290723527,0.8261011011419431,0.01834475617285696,0.16414054739259867,1.4047259324477086
1789205843.243254,9,0.7600093645811643,15.985089132684008,0.824225060966625,0.021314179268943714,0.16749951241558872,1.3996294295558047
1789205843.297426,9,0.7620015885563284,15.989704507833961,0.8229750866388765,0.02321194042905695,0.16990428849693376,1.3968815555532945
1789205843.3426292,9,0.7667627105842815,16.00018048691729,0.8199531159462697,0.02831453338527689,0.1743619836791946,1.3912445448010555
1789205843.393194,9,0.7699702487760333,16.007503149900447,0.8175442529510811,0.03187366915762705,0.17705937037404257,1.3880014251067452
1789205843.4433653,9,0.7729881089573863,16.014728728053836,0.8149859466021483,0.03506120820771205,0.1787733900597307,1.3848383726653097
1789205843.4934273,9,0.7758409212034988,16.02194680732249,0.812158681292868,0.03815259115651034,0.17923314687786085,1.3816413775026795
1789205843.542672,9,0.7784360577729046,16.029347679315595,0.8090254768905647,0.040362479591673286,0.17866341033088987,1.378211715116228
1789205843.5927317,9,0.7806964578943191,16.0371204000275,0.8055560967653874,0.0418717462351676,0.17734081628208756,1.3741846347109998
1789205843.6424303,9,0.7827502702176836,16.045224621564188,0.8020920861536869,0.04303308968819432,0.17659818274874575,1.3709883448121016
1789205843.692437,9,0.7846959124495144,16.053607215522497,0.7988487727874453,0.04395033585626267,0.17546944370095155,1.3685529731984365
1789205843.7425525,9,0.7865788999651349,16.06231653886714,0.7957749728825351,0.044737497835892134,0.17373137468166425,1.3671677229713306
1789205843.8130655,9,0.787762128766935,16.067754000365667,0.7939048995021906,0.04553591357843889,0.17184044364801337,1.3670756613240376
1789205843.8624172,9,0.7912878257899101,16.085195161995596,0.7888842082551945,0.04679191406331419,0.16846828427679678,1.3684564002558786
1789205843.9077687,9,0.7928453055066493,16.094329253754793,0.786673418578718,0.04675592699931849,0.16904117905431792,1.3689611269652722
1789205843.9530308,9,0.7944245852359598,16.10426299550097,0.784465969127059,0.046498282480460236,0.16966983952257275,1.3693630848422844
1789205844.0027256,9,0.7962129057380944,16.115447852202863,0.7822375660465365,0.046122960705800325,0.1703938579371631,1.369780080883148
1789205844.05299,9,0.7980978174357457,16.12694314079281,0.7801945089795028,0.045789963183102474,0.17126167597010156,1.3701685774406578
1789205844.1032417,9,0.8000786548179014,16.138667687255637,0.7782359835978164,0.04563823000019391,0.1719216424270284,1.3703504676465867
1789205844.152658,9,0.8020884277251012,16.15059970734916,0.7762602084181721,0.04532262434646714,0.17294552151162373,1.3703933334674931
1789205844.2030199,9,0.8041464041424684,16.162668634175827,0.7742714231954791,0.04524519876568175,0.17392286993827777,1.3706153078586538
1789205844.2525826,9,0.8062724484441239,16.174808633439373,0.7723895928811176,0.0452194302203753,0.17470389217320045,1.3707804816597224
1789205844.3068404,9,0.807128097794677,16.17968357322097,0.7716323128218326,0.045223562126654945,0.17501995131305473,1.3708891338506275
1789205844.3529809,9,0.8107078374562527,16.199180048588968,0.7687227643491199,0.04561528330020053,0.17623237264918343,1.3712277321860116
1789205844.4027975,9,0.812978612186198,16.211385387437446,0.7668441203815666,0.04606000594837707,0.17673075066575747,1.371546648371976
1789205844.453276,9,0.8152217335104461,16.22360727282995,0.7649552329721275,0.04638823313355117,0.1773677269382602,1.3719926452611204
1789205844.5033278,9,0.8174560471564987,16.23582060967985,0.762996150735294,0.04685275880979651,0.17792478777317278,1.3727398244968854
1789205844.5528142,9,0.8196595994285841,16.248041533424743,0.76101635138444,0.04730413757124901,0.17851025919563243,1.3737806970971966
1789205844.6035233,9,0.8218277059170268,16.260250295543646,0.7590448037767759,0.04808570751648186,0.17891499461627605,1.3753117073079615
1789205844.6533241,9,0.823946625398672,16.272399439712608,0.7571350248385382,0.0487772544911007,0.17888971037571966,1.3775313097384203
1789205844.7034514,9,0.8259337484227691,16.284486543461615,0.7552117199298611,0.0491415523960682,0.1786917292046748,1.3810447523000768
1789205844.7528815,9,0.8277307097622257,16.296488148896128,0.7532651370256979,0.04920302188760004,0.17842062950910856,1.3857980612327108
1789205844.800589,9,0.828428523354803,16.30126179769104,0.7525470837201742,0.049615477090893936,0.178311892333814,1.3880020481796465
1789205844.8464255,9,0.8307305167430236,16.318810924552597,0.7498815001580363,0.04964750389943505,0.1767758864609637,1.397989056893885
1789205844.8927507,9,0.8320136337200478,16.32960770082224,0.7482599790841921,0.0502438156851261,0.1757256902871962,1.405827598424117
1789205844.942852,9,0.8334164695039631,16.341219600222765,0.7465673263755558,0.051421156326525386,0.17380499566627008,1.4159017034318822
1789205844.993074,9,0.834611654667551,16.35274227873867,0.7449075404568977,0.051463290912090134,0.17197142956553985,1.427087886402765
1789205845.0431268,9,0.8355593352058118,16.364184523281363,0.7432677603329149,0.05189784138839433,0.17009649745532252,1.4397619767118721
1789205845.0930696,9,0.8362036008474494,16.375578002027087,0.7417588203941822,0.052675483618703514,0.16797824419978502,1.4535365210223208
1789205845.1426792,9,0.8365577959887698,16.386946444638358,0.7403932124526617,0.05284624658061199,0.16551611196878174,1.4680090683791138
1789205845.1924927,9,0.8365492561756133,16.398296969830575,0.7391100008321414,0.05279876645390491,0.16318688890892089,1.4826514767274566
1789205845.2427678,9,0.8362526706108534,16.4096258492039,0.7379416994665908,0.05282833181452291,0.16064721626567735,1.4967622715985986
1789205845.2976718,9,0.8359613117002967,16.416411889596592,0.7372782465096367,0.05289383372125339,0.1591485840897149,1.5048601391451382
1789205845.3428814,9,0.834960475238966,16.43224039811901,0.7357681006422574,0.052434526950275596,0.1560896033043597,1.522654852609013
1789205845.3928666,9,0.833957792006542,16.44355006421845,0.7346877944312253,0.051760818077393474,0.15405763023686392,1.5341804016813514
1789205845.4425502,9,0.8328370971817266,16.454870149817555,0.7335748210242834,0.051639753723420195,0.1523303705701617,1.5445250764773992
1789205845.4932487,9,0.8316318885776742,16.46624586936198,0.7323307647789625,0.050910744585729986,0.1508694110263104,1.553631601158538
1789205845.5424893,9,0.8304196579515947,16.477673591599277,0.7310166703484621,0.05003265353818007,0.1498436032264728,1.5616445161906531
1789205845.5925143,9,0.829238334265838,16.48916447803739,0.7296402291265512,0.04923900694704487,0.14902509345618803,1.5688880542424688
1789205845.6434186,9,0.8282150530783604,16.50072409616626,0.7281398675962576,0.04864337513141777,0.14838274171701066,1.5745912798856758
1789205845.6930122,9,0.8273831751052533,16.512368443377,0.7265320549835632,0.04789731672995487,0.1481976452122398,1.578456337218564
1789205845.7433946,9,0.8267929266566945,16.524113622629926,0.7248740141134468,0.047121312383164755,0.1484218026337699,1.58054930030566
1789205845.7995996,9,0.8265549844829916,16.531215620683756,0.7238391768535127,0.04690648540759253,0.14837786039485035,1.5812676998593895
1789205845.8474138,9,0.82624733333915,16.548906613733706,0.7213169618570321,0.04668343634005709,0.14920084469900355,1.5809321641245062
1789205845.8926704,9,0.8262108114480056,16.56002462360225,0.7197330530432685,0.046811838492504934,0.14971674246337036,1.579288040501796
1789205845.942976,9,0.826359532301535,16.57219277426799,0.7180397342823551,0.047484422436686165,0.15001292611278322,1.5761076504788265
1789205845.9931808,9,0.8266103663142818,16.58445608728274,0.7162939896981477,0.04783309825394518,0.15091225726751095,1.5722075441448848
1789205846.0430844,9,0.8269650949557423,16.5967909035152,0.714538726725137,0.0480470553454851,0.1517785328349831,1.567690021113551
1789205846.0936184,9,0.8273951784238421,16.609177130674645,0.7127613944451585,0.04813635889916375,0.15282993028093,1.5629434779864673
1789205846.1430619,9,0.8279088083390445,16.62159600023202,0.7109591073688937,0.04780037500526062,0.15399419892707578,1.5580713824060863
1789205846.1929216,9,0.8284972319551376,16.634043072292943,0.7090700222361075,0.04790321518459783,0.15507765349623248,1.5533268912873193
1789205846.2379453,9,0.8290978511387832,16.644989017999563,0.7073944166192331,0.04797889608796658,0.15593679553098322,1.5490149336096741
1789205846.3062549,9,0.8296279236244549,16.65393805180341,0.7059829134451783,0.04789370766164946,0.1566365810959782,1.5456992378212389
1789205846.353354,9,0.8309597214351558,16.673800768610757,0.7027819194155609,0.04769903120067556,0.15808547990353963,1.5379976496141445
1789205846.403087,9,0.8318295171294054,16.68620108473335,0.7006485786879944,0.04755334336758006,0.15932676777041385,1.5336700795374238
1789205846.4528506,9,0.8327941536510534,16.69856055544652,0.6985341135370663,0.04783569914212288,0.16046283157897528,1.5297202887808605
1789205846.5033405,9,0.8338193383039693,16.71084407134216,0.6964152436731506,0.04786144890515722,0.16147614552872083,1.5259485590395576
1789205846.552743,9,0.8349252571787004,16.723045477509267,0.694272481037302,0.04846659004004051,0.16244641168589438,1.522488577380845
1789205846.603061,9,0.8360299562829612,16.735164473683387,0.6920467479560428,0.048697340087030576,0.16323473819233023,1.5191415334867195
1789205846.65339,9,0.8371411123599404,16.74719325031009,0.6897998136288152,0.04904615025934644,0.1640474914034386,1.5164256878731557
1789205846.7026274,9,0.8382543730848253,16.759107665203945,0.6875025943764328,0.0495122478416261,0.16471158292009166,1.5146971056847551
1789205846.7534015,9,0.8393430474585926,16.77090130728536,0.6852278333940756,0.050355345186586326,0.16540474291528828,1.5140006144440916
1789205846.8066933,9,0.8397780938087267,16.775581686674872,0.6843203571303743,0.050789165219318255,0.1655561313257245,1.5138705635113017
1789205846.8531766,9,0.8414010798593846,16.794163312558453,0.6806680494022496,0.05252432137870489,0.1661319903517809,1.514393610608571
1789205846.9038422,9,0.8423566500969499,16.805644715010946,0.6783667343964702,0.053596013769033286,0.16644392955276174,1.5152507227086178
1789205846.9529195,9,0.8432575389136296,16.81703507313548,0.6760856197105175,0.05445133400033752,0.16650803550276416,1.516512824482322
1789205847.0031397,9,0.8440553059377676,16.828331192990635,0.673840567390107,0.05525369178659662,0.1664295058633456,1.5179884387067633
1789205847.053448,9,0.844756382195796,16.839533988668876,0.6716061756605035,0.05558048417424446,0.1661499844706177,1.5195724232901908
1789205847.10365,9,0.8454429460409387,16.850657384404872,0.6694689832476741,0.05623341461609741,0.16583367044942804,1.5210674481542739
1789205847.1527476,9,0.8460399438935708,16.861754394469617,0.6673352993307202,0.05661013643323418,0.1655912059980133,1.5225650492841245
1789205847.2031097,9,0.8466353090673815,16.872818131239733,0.6652907336537094,0.057078184116654364,0.16519999075605604,1.5240364319360553
1789205847.2531629,9,0.8471816275832027,16.88384319906835,0.6632239427156637,0.05746992984619874,0.1649341797529295,1.5254489226066237
1789205847.3035467,9,0.8477327192402057,16.894842909363657,0.661228020537906,0.057793808446259094,0.16472520488619455,1.526738241100975
1789205847.3530555,9,0.8483106352485101,16.905830872975635,0.6592588804220513,0.05827046487938024,0.16466486552845697,1.5278011560247728
1789205847.4034047,9,0.8488936836008533,16.91677300025414,0.6572292346526414,0.05867169605342582,0.1646835816247355,1.528670158953477
1789205847.4524784,9,0.849487648680562,16.927682610542924,0.6552236760041177,0.05912728237192622,0.16466530738389823,1.5292404554763825
1789205847.502472,9,0.8500601862954095,16.938565877983663,0.6532094299624156,0.059356176041170564,0.1647401884921282,1.5296667389723742
1789205847.5527637,9,0.8506694689900717,16.94943173824048,0.6512895904181578,0.05978237200220345,0.16468994557579206,1.5297783876793238
1789205847.603094,9,0.8512642368220755,16.960269982187917,0.6493042166131027,0.06004424936235258,0.1648362633642274,1.529854295357387
1789205847.6527567,9,0.8518848902554438,16.971090346028994,0.6473957051980015,0.060429150543115664,0.16474642743453213,1.529667720495422
1789205847.7030537,9,0.8524782129725561,16.981915698813513,0.6453452541952542,0.060769694903742934,0.16491771076442804,1.5298100186847072
1789205847.753307,9,0.8531298626922555,16.99270914783124,0.6433496569417737,0.061500285847913894,0.16486226789245587,1.5305759423230214
1789205847.798394,9,0.8533368668867254,16.99702345087691,0.642524253280375,0.06148802280846469,0.16495242023915496,1.5309052544767672
1789205847.8466852,9,0.8542259288282862,17.01295966152087,0.639642441070543,0.06251497987823773,0.16481826637915056,1.5328058111320684
1789205847.8930273,9,0.854663340099411,17.02283659858783,0.6378284588967631,0.06274283854418795,0.16493605823408866,1.5338267229065834
1789205847.9427505,9,0.8551082392531896,17.033511284007243,0.6358728598749357,0.06309492893401404,0.16493834160238272,1.53492621532824
1789205847.9933593,9,0.8554886616484528,17.044132735743776,0.6339598832155476,0.06324207521197737,0.1649390529639533,1.5359018720939601
1789205848.0424263,9,0.8558232836527894,17.05468040820986,0.6320626345781818,0.06327917838007234,0.16512861535396342,1.5367863265516015
1789205848.092657,9,0.8561473126377432,17.06515933927807,0.6301595686995369,0.06328807121144253,0.16532774468419614,1.5375579413334637
1789205848.1428487,9,0.8564703411487103,17.075566132733865,0.6282621231460049,0.06342191723555812,0.16560228889105733,1.538350567287898
1789205848.1925695,9,0.8567674718430527,17.085911881440605,0.6263836509939917,0.06349298559531076,0.16566220588514652,1.539186723485807
1789205848.2425811,9,0.8570801030288275,17.096177578009065,0.6245826827084523,0.06360393180754514,0.16561979680829986,1.5398948992707504
1789205848.2979712,9,0.8572732850261953,17.102311912086144,0.6234611803742708,0.0637165779328126,0.16554464904453658,1.5403099950057368
1789205848.3430297,9,0.8577731203940185,17.11654210487244,0.6209459821184959,0.06421279641119534,0.1655457858527332,1.5412743000251332
1789205848.3928852,9,0.8581361672834812,17.12665925135391,0.6191650580170533,0.06455060507634151,0.16543053711437278,1.5417409581622883
1789205848.443029,9,0.8584690046656285,17.13671834348848,0.617399566717215,0.0646541354559278,0.16551667876465426,1.541931256254769
1789205848.4925447,9,0.8588407400977709,17.14672675016758,0.6156680966522334,0.06486377218107603,0.16552595405321857,1.5417437153064402
1789205848.5430205,9,0.8591938846637832,17.156665775657086,0.61389637555608,0.06492292098250507,0.16548029952590937,1.5413179298031423
1789205848.5930252,9,0.8595912609051449,17.16654291290332,0.6121727249630099,0.06499881413482322,0.1653976759996116,1.540584759541305
1789205848.6432903,9,0.8599764025051333,17.17635410241154,0.6104225474967298,0.06490958688750793,0.16557018462137257,1.5397359381151614
1789205848.6933181,9,0.8604317327249641,17.18607636194056,0.6087053812486615,0.06500275453331893,0.16575012543301756,1.5385893770746877
1789205848.74341,9,0.8608950832336596,17.195748342333964,0.6069091919197889,0.06499957279253694,0.16612167735871952,1.537663361047275
1789205848.7990983,9,0.8612184899086265,17.201508423096097,0.6058387714962015,0.06527972836971611,0.1659910714031848,1.5370859610311836
1789205848.8474293,9,0.8619693045226389,17.21558870602817,0.6032589096386454,0.06572984389949926,0.1665990587807567,1.5361872947780348
1789205848.8926423,9,0.8624718891274027,17.22423295513598,0.6016049132642585,0.06622156996676314,0.16656915621423454,1.5357673778268968
1789205848.94285,9,0.8629212340836443,17.23358200629019,0.5997672161713665,0.06645604329921592,0.16679449477742156,1.5356672030148877
1789205848.9926505,9,0.8634143083479142,17.24285534292669,0.5980086374601095,0.0669214284808205,0.16671763192965028,1.53561127388336
1789205849.0431304,9,0.8638435998191949,17.25206137088537,0.5961870975005185,0.06710742484894974,0.1667802092576343,1.53566784285028
1789205849.0931728,9,0.8643207414888316,17.261188866074825,0.5944469656516739,0.06767236275618606,0.16673474919426376,1.5357696634932267
1789205849.1426291,9,0.8647297618949149,17.27027212160986,0.5926703597205807,0.06790113768891336,0.1666310181159144,1.535746017426389
1789205849.19237,9,0.8651842808272437,17.27929544329041,0.5909743175298053,0.0683007805395565,0.16651151275212536,1.535605362474277
1789205849.243153,9,0.8656190359304369,17.288254572220563,0.5893125477065088,0.06855675703746009,0.16653709305671718,1.5353262821636158
1789205849.3052943,9,0.8658695616873242,17.293591785498865,0.5883836846081149,0.06858012338597794,0.16643974242184986,1.5348916789531628
1789205849.3526242,9,0.8665710511534748,17.307726764492543,0.585776068419682,0.06865215058851928,0.16688359912180784,1.5332876610775608
1789205849.4030902,9,0.8670418495952186,17.316440035171563,0.5842175714094602,0.06874116575971498,0.16699016992238327,1.5316284252921484
1789205849.452775,9,0.8675399639282113,17.32507847273452,0.5825704181137366,0.06884712866408114,0.16754327894483734,1.5301602303127118
1789205849.503333,9,0.8680983068876801,17.333607332638834,0.5808847296604479,0.0691387505022383,0.1675254397300337,1.528552719549785
1789205849.5529702,9,0.8686094171742106,17.34210348979895,0.5791521600046858,0.06909876154942184,0.16785215164399875,1.5272050724439146
1789205849.6027353,9,0.8691039535849161,17.350537829960164,0.5774379640146637,0.06899458471491585,0.16787601146908385,1.5256413846020869
1789205849.6527863,9,0.8695684124402329,17.358931947132373,0.5757332694034929,0.06857059083893277,0.16821509367242435,1.523787416915388
1789205849.7035987,9,0.8700334750183352,17.36727097485274,0.5740823821777673,0.06850046802083642,0.1687078592766567,1.5216464894714443
1789205849.7533984,9,0.8705180262391625,17.375581255853945,0.5723896230854708,0.06832929222494352,0.16913124128671594,1.5186736962443081
1789205849.7984397,9,0.8708468123605305,17.380521316846544,0.5713638907418088,0.06850768808402724,0.1693470025007735,1.5167740174255486
1789205849.8473573,9,0.8715361378026086,17.39096498434787,0.5691883255423478,0.06825448511511112,0.17001865032733865,1.5120928200409811
1789205849.8929336,9,0.8720330743326139,17.398386630876196,0.5675659637175422,0.06860378830817844,0.17079040405559104,1.5086699740045892
1789205849.9424276,9,0.8726234982517772,17.406366058898925,0.5657376263882834,0.06856863844310998,0.1712872830200439,1.5047121994628891
1789205849.993301,9,0.8732710558383399,17.41425531586355,0.5638666950470791,0.06870640441010949,0.17212044009069474,1.5008809398902183
1789205850.0427256,9,0.8739559618398091,17.422090058435575,0.5620017632395968,0.06885982198447098,0.17287289847575435,1.4966776153927233
1789205850.0931456,9,0.87461491020748,17.429857280344446,0.5600244938473634,0.06872042490501921,0.17402282290009494,1.4926695321586194
1789205850.1433678,9,0.8753917179883928,17.43753270345865,0.5580191337760699,0.06887722403828751,0.1746090171459435,1.488326434807516
1789205850.1932204,9,0.8761672707570664,17.445148179393517,0.5558546999612597,0.06878207086342687,0.17497834779808097,1.4838656961717795
1789205850.2430487,9,0.8770278193200682,17.452747606551085,0.5537747222430134,0.06882919077710208,0.17531734546717512,1.479536317715489
1789205850.2987638,9,0.8775277479941757,17.45730799778504,0.552509855542686,0.06889820228856054,0.1754508105490893,1.4771219701173013
1789205850.3466754,9,0.8787373687138271,17.46865696496497,0.549401659914921,0.06834663347072377,0.1753071364527286,1.4718923647634083
1789205850.3929074,9,0.879425686252588,17.47583915336792,0.5473436674241794,0.06818339013362947,0.17510053527886538,1.46909404655534
1789205850.4427962,9,0.880180812131458,17.483768601422756,0.5451820197310565,0.06789598041630773,0.17494360511402351,1.4662915226139985
1789205850.4930077,9,0.8809705893266269,17.49185246151137,0.5430510311831206,0.06772144012718352,0.1746333495511783,1.463766209198316
1789205850.5434752,9,0.8817094754059205,17.500153166386756,0.5408294100698835,0.06703689760783646,0.17439655228650933,1.4614785032385451
1789205850.592534,9,0.8825020665617088,17.508700827540547,0.5386978749933607,0.06654577494532428,0.17393118919171252,1.4594448732765832
1789205850.6425807,9,0.8832690468334501,17.517514115447835,0.5365565814660315,0.06592522975422631,0.1739084861011753,1.4575562874164039
1789205850.69268,9,0.8840516017708906,17.526581540947255,0.5344584332076973,0.06518724804029094,0.17381804654510885,1.4556345378400923
1789205850.7426171,9,0.884920809860167,17.535861263494212,0.5325290841290797,0.06471845724185897,0.17391054348837492,1.4536024771843723
1789205850.8000407,9,0.8854561309978459,17.541544740722163,0.5313965103771096,0.06436664983947245,0.17430701630309903,1.4525429915068502
1789205850.8473904,9,0.8868089176419075,17.555878131895906,0.528568143104272,0.06333557586296411,0.1750296054260827,1.4484485761932286
1789205850.8937545,9,0.8877224385926823,17.564927812440242,0.526864496574279,0.06294964411919089,0.17563382597896623,1.4449209051018723
1789205850.943298,9,0.8887223670839568,17.574881674859657,0.5249019993379367,0.062451719308917804,0.17661708546432106,1.4401691426761714
1789205850.9927866,9,0.8897557583660191,17.584948987266326,0.5228947561045576,0.06205494184492312,0.17770580272944828,1.4347686963329183
1789205851.0428917,9,0.8908814075097661,17.595132791713684,0.5209589638910089,0.061096997368634796,0.17883475162907037,1.4283151967779295
1789205851.0931325,9,0.8920671765432452,17.60543736692524,0.5189341058784401,0.05988463767342375,0.17963781889865346,1.42122966604002
1789205851.142903,9,0.8933466896535632,17.615866824493104,0.5167912553367222,0.05883053495240428,0.17995196395469654,1.4137984664943763
1789205851.192748,9,0.8947471603984426,17.626470140351923,0.5146086256632186,0.05722822616630178,0.17995423908055944,1.4063045902496656
1789205851.2431028,9,0.8962326646200892,17.63732155335253,0.5123925665635064,0.055647484549461314,0.1804179611707561,1.3990658565824714
1789205851.2990246,9,0.8971744477512017,17.643924393276357,0.5110862744863235,0.05461205430249399,0.1806773839735985,1.3945753283942157
1789205851.3473868,9,0.89964144602789,17.660584639755058,0.5077848529718308,0.052752439846421535,0.18096332332327503,1.3843694509859474
1789205851.3924727,9,0.9012652152746178,17.671145833680715,0.5057047936471006,0.05146538557541721,0.18109648123786942,1.3783256707646523
1789205851.4428642,9,0.9031189892008518,17.68277798187171,0.5034456685936151,0.05010453126309769,0.18132908502049638,1.3720364960584657
1789205851.4930315,9,0.9051208511027413,17.694566746614726,0.5012179127063495,0.048893741981608486,0.18165079456936672,1.3660979542421157
1789205851.5435905,9,0.9072282936445051,17.70651843471779,0.4989483669392609,0.04783675933113676,0.1819691197693252,1.3608080105861573
1789205851.592676,9,0.9094286591949895,17.71859894832788,0.4966323790180305,0.046444205017488825,0.18241313859098818,1.3558468232505847
1789205851.64371,9,0.9117628694213247,17.73081313521606,0.4942953557455335,0.045426157380542724,0.18263453220081025,1.3512857531832423
1789205851.6929476,9,0.9143687094948589,17.7431806699901,0.49180651244664303,0.04482127740858921,0.1832247127689916,1.3473853297607028
1789205851.743221,9,0.9172229992032305,17.755696588358784,0.489196466741065,0.04450965637141974,0.18391123181887808,1.3436365155334236
1789205851.8047838,9,0.9191101683114545,17.763288077936156,0.48748334600168636,0.04436290041621223,0.18431248991368862,1.3414879973976854
1789205851.853271,9,0.9248359568884718,17.783941355466233,0.4825377061812594,0.045764583610384345,0.1858300634929718,1.3367181731355902
1789205851.902674,9,0.9291611544434962,17.797119725669667,0.4787653799963047,0.04816053221564491,0.18799057197817562,1.3331202622148193
1789205851.9532683,9,0.9350796054749453,17.81015861271555,0.472355346938654,0.05563947808760842,0.1958685984007913,1.32591066022106
1789205852.0027578,9,0.943571683491014,17.82268339195371,0.4564993466258211,0.07728819566976729,0.21684917356474642,1.3120993282885698
1789205852.0525346,9,0.9511305149837669,17.834445793815107,0.44087636859305934,0.08549484563186038,0.2236680968231981,1.2995727693877628
1789205852.1029282,9,0.956626128492019,17.844569331721594,0.43318480562678696,0.09021804049679633,0.21369877379546112,1.2914800686453745
1789205852.1530578,9,0.9604080025362333,17.853650807829442,0.4269893930411571,0.09147402624074912,0.20024297822331732,1.2850453034749494
1789205852.2033613,9,0.9634313955297861,17.861829316502924,0.42276438355784307,0.09131017263422103,0.1887658822884515,1.280133010037611
1789205852.2534359,10,0.9656535366551536,17.869387978746417,0.4197099210188157,0.08924990214812187,0.1805746589146983,1.2761156893394185
1789205852.3018765,10,0.9662802347557307,17.872365013435505,0.41872861766444397,0.08786779859487251,0.17807021654288063,1.274813126135008
1789205852.3470192,10,0.96749751623801,17.883791893022263,0.4159177489871643,0.08076448440414992,0.16891934007063047,1.2716523021474633
1789205852.392451,10,0.9677132500199574,17.89140161821038,0.41482650021565226,0.07491419248412493,0.1639703978541349,1.2702301835459486
1789205852.44231,10,0.9677124488444637,17.900282100624,0.4139371432463239,0.06761421167792041,0.15980535067903778,1.2683946973224725
1789205852.4923408,10,0.9676746341174043,17.909776785839572,0.4133284624408479,0.06015593037895702,0.1570921972014004,1.2663529573075376
1789205852.5426345,10,0.9678618594462394,17.91982840739989,0.41277728151278686,0.053084993191129345,0.15554914870471206,1.2643415942801195
1789205852.5930724,10,0.9684625709453555,17.930288972875147,0.4122790644654925,0.04690202192450929,0.15477907982522146,1.2619545111386015
1789205852.6433403,10,0.9694706489826598,17.941051214788047,0.4118436673837413,0.041346621079437734,0.15442840052768997,1.2595464808012662
1789205852.6931791,10,0.9708456520153741,17.951918284031436,0.4115488832929368,0.036604865342977785,0.1549855389293391,1.2568931924093285
1789205852.7427433,10,0.9725023144904601,17.962638507919824,0.41139621786352937,0.03256988071757798,0.15650404221672448,1.2545480627350312
1789205852.8021436,10,0.9735877757600672,17.968927772015675,0.4111036553445607,0.03039286697574912,0.15743737174803948,1.2533704540415236
1789205852.847227,10,0.9765559184630407,17.983394459022527,0.4100516944813965,0.026891354823762093,0.16089895099618198,1.2520322682870992
1789205852.892981,10,0.9783995631340452,17.99161208374606,0.40875979917841365,0.02578107466348471,0.16400680853030167,1.2518380583864555
1789205852.942991,10,0.9802159644299848,18.00021374470697,0.4069471217210984,0.024369056050761055,0.1675390886347686,1.2525327252854361
1789205852.9932673,10,0.9818148651061643,18.008544350161383,0.4046310369500772,0.022744827948089043,0.17210222254956584,1.2533596641124531
1789205853.0431805,10,0.9835025075298715,18.01576062198348,0.4029954218671306,0.022443599179450175,0.17295423942822902,1.2554489228012113
1789205853.0925705,10,0.9846209867410753,18.02222336365902,0.4015192120758907,0.021891500968499813,0.1730901468545924,1.2588425976916235
1789205853.142923,10,0.9856025950951287,18.0281089264439,0.40048834293354957,0.02181450809855083,0.1704380098444801,1.2638312549433086
1789205853.1925845,10,0.9866652678099785,18.033576565893966,0.40006901088225244,0.02185216507595195,0.16593035344765691,1.2694283444064112
1789205853.2431893,10,0.9878525346818561,18.038869217181244,0.3999503856897305,0.021323371468141054,0.1606882567417995,1.2751422954169578
1789205853.3000603,10,0.9886143959569241,18.04206495389201,0.3999421406206815,0.021032399083833996,0.15747438848605633,1.279112315490545
1789205853.3476176,10,0.9906668074044108,18.050440789014328,0.3999758488158132,0.019582946639658507,0.1501991421700452,1.289822637023153
1789205853.3930285,10,0.9922994201607759,18.056140370332024,0.4000290105496633,0.01902578196126604,0.14544444594325592,1.2975444025548986
1789205853.4427557,10,0.9945403783599096,18.062847832998525,0.40003551544518134,0.01854578676609665,0.13982645082830822,1.3077802196165913
1789205853.4928293,10,0.997879990669966,18.069799819746994,0.39877417233774604,0.020890794612416542,0.12810453919142883,1.3227877359357822
1789205853.5425878,10,1.002942505047108,18.07593225474959,0.39342583246738994,0.031192903713126566,0.10672752089959327,1.3458234348609104
1789205853.592527,10,1.0057112329844757,18.081771395335178,0.3885946305507272,0.02969979205548725,0.10827595429978931,1.3549318472060283
1789205853.6426642,10,1.0066355846420856,18.088804294644145,0.3896586673493721,0.030158603834341075,0.11010713625017528,1.3586537233307414
1789205853.6926856,10,1.007902232333901,18.096905844471593,0.3918574906859426,0.03062822463359763,0.10758610387220341,1.3628237103989695
1789205853.743434,10,1.0099681055602452,18.105933490262714,0.3940761379717693,0.031283378572031825,0.10323701187436019,1.3680543686052082
1789205853.7988434,10,1.0115386517703675,18.11167976803998,0.39556788668148213,0.03187843174647847,0.10129816360857828,1.3715241447315558
1789205853.8464837,10,1.0160491692413138,18.126944946179144,0.3988117528695305,0.034227424505212746,0.10053697722719421,1.381332125572505
1789205853.8924031,10,1.0188824997511468,18.137109339772504,0.40014404639019124,0.03550098246128235,0.10223660361398738,1.3881313354007678
1789205853.9424405,10,1.0218057256690891,18.148558097997903,0.4011308492968066,0.03653071763979562,0.10549441390702281,1.3965831928112078
1789205853.992657,10,1.0246395692720867,18.16016994823929,0.4019545674413825,0.038071701471792216,0.10866392886884876,1.405964239310193
1789205854.0428212,10,1.027287183646748,18.17180250788329,0.40264675323893645,0.040012055902179676,0.11151944285696153,1.4166543514103382
1789205854.093349,10,1.0296466760901917,18.183341190877687,0.40330823350678485,0.042101752065089544,0.11417082630052476,1.4284265447163982
1789205854.1424656,10,1.031681804756962,18.194735776385347,0.4038277948197739,0.04455268959035308,0.11558793042599128,1.4417708359406984
1789205854.193245,10,1.0332607765901616,18.205939827900078,0.4044371205900015,0.047340958787623934,0.1161633388956115,1.4561864631027785
1789205854.2432446,10,1.0343814774424898,18.2169511169901,0.40497976754087467,0.04955227562429923,0.11594423106655505,1.4719760219439306
1789205854.3040512,10,1.034835124571232,18.223438473908963,0.4052930368499338,0.05038323019968222,0.11534691275728491,1.4817703214461477
1789205854.3532276,10,1.0351577188786527,18.240252778061265,0.4060614170845408,0.051581131498841616,0.1130610706442743,1.509011489554103
1789205854.403052,10,1.0348304622480085,18.250336296571263,0.40663714241460475,0.051921019450172,0.11110655483151671,1.5258221693466205
1789205854.453149,10,1.0340701657769995,18.260110447585106,0.4071882927599364,0.05199300547726821,0.10886010384291138,1.5412797810998287
1789205854.4994211,10,1.03310663510938,18.268501028051766,0.4076590064205349,0.051954049626084214,0.10639565342137772,1.5537229468816265
1789205854.547028,10,1.0317750720370835,18.277773238655957,0.40817520666141544,0.05108127081982155,0.10335776778231756,1.5669680310319245
1789205854.5930307,10,1.0303567564072553,18.286155979345327,0.4085816250579228,0.04984954896633712,0.100535248158457,1.5783219115110836
1789205854.6429808,10,1.0287759024421819,18.2950659922842,0.40903738023380154,0.04882877162120772,0.09762436919708657,1.589293134543375
1789205854.6929758,10,1.027187498547402,18.303804385630894,0.40932354127065684,0.047174656749386576,0.094822912461599,1.5988952343185663
1789205854.7424915,10,1.0257161691816834,18.31240287803954,0.40952955371150424,0.04605638560099804,0.09194987305000744,1.6067323316008784
1789205854.8001344,10,1.0248432331091109,18.31750811191085,0.4096165061338299,0.04516503183136148,0.09040657306053307,1.6107105848598235
1789205854.8471608,10,1.0228756835224244,18.330002875639945,0.40983694281789423,0.04303113624939711,0.08637072039614095,1.6187248930436229
1789205854.89325,10,1.0217962851118128,18.337729368510242,0.4099810314330991,0.04183246016251696,0.08406166760581354,1.6223259174525904
1789205854.9429135,10,1.0208076082927173,18.346137302458526,0.4101722528250517,0.040654601917310164,0.0815586421830254,1.624488752306007
1789205854.9924848,10,1.0200343650907981,18.354573464115088,0.4104103144185234,0.03991761172755134,0.07907004502856196,1.625267781073291
1789205855.0431025,10,1.0194480838888555,18.36305246940398,0.41066461317015285,0.03972022049056174,0.07690190835829844,1.6246917915738956
1789205855.093441,10,1.0190441883215047,18.37157116629384,0.4109337921477735,0.03986133807315136,0.07491442011594783,1.6229043220401327
1789205855.14301,10,1.0188315059860102,18.380122419474265,0.4112369452251997,0.040167612713595514,0.07286512878105625,1.6195542963351561
1789205855.1926277,10,1.0187654661976333,18.388712410628983,0.4115408781910554,0.040206434009008515,0.07077741828985575,1.6145270615591776
1789205855.243108,10,1.0188338656133735,18.397367007529876,0.41188637537598605,0.0407827069385528,0.06865797337041157,1.6074857023643363
1789205855.2991095,10,1.018962142102919,18.402572555672048,0.41204005533729643,0.041561925325030995,0.06750246582694339,1.6028095644412474
1789205855.3464477,10,1.019427078636171,18.415498457219286,0.41235754383413575,0.040972035133957495,0.0637169985430781,1.5889986577469786
1789205855.3928826,10,1.0195133759861161,18.42371418064387,0.41229289152864357,0.03840199095321657,0.06046077729022659,1.5776831305088008
1789205855.442748,10,1.019297047205817,18.432941115713074,0.4117615650465525,0.034745013755010976,0.054316001703356,1.5620362582329528
1789205855.493113,10,1.0189524534934513,18.44244322906603,0.411050789284645,0.03335528922159899,0.04863367821618916,1.5464752045182952
1789205855.5425937,10,1.0196936748639192,18.451753108602702,0.4114739563866867,0.03515067311951968,0.0476718775816247,1.5385449376002411
1789205855.593181,10,1.0209029200022761,18.46079289573035,0.41183508934964225,0.03596939275228795,0.047247652195427245,1.5335015556131917
1789205855.646291,10,1.0221302516410307,18.469513036404944,0.4121166865207533,0.036598551768460476,0.04719991568551082,1.5296835528560433
1789205855.692633,10,1.0232647331690428,18.47793944001187,0.4122273614711464,0.03734707458917073,0.0470947364215485,1.5266367786268298
1789205855.74381,10,1.0242325336893976,18.486065473361574,0.41227566042241387,0.037682100272656234,0.04746445206546185,1.5241484708215691
1789205855.8200014,10,1.0247446893930765,18.490863611813264,0.4122624752308823,0.037969552699668674,0.04768242037591254,1.5235513726374386
1789205855.866649,10,1.0261268722695618,18.50549230992502,0.4121408727272964,0.03917723215516189,0.04743883953084227,1.523300126477929
1789205855.9129782,10,1.026618612138744,18.512510407377558,0.4120615843288042,0.03943463654276686,0.04742335946662548,1.5239108495970406
1789205855.9626179,10,1.027118711828609,18.520065772808717,0.411944774640461,0.03965026991959507,0.04747116706858125,1.5249152502329955
1789205856.0129638,10,1.0274828564346126,18.527594271100412,0.41182807532852433,0.03952588151114804,0.047603619969259374,1.5257527532953372
1789205856.0632484,10,1.0277942950435086,18.53510224379338,0.4117106884951662,0.03918400153196974,0.047471751763474596,1.5270793864016823
1789205856.1128273,10,1.0281098042914762,18.542560913931634,0.41165189399037583,0.03881457736989699,0.047526524807203145,1.528765879583074
1789205856.1630063,10,1.0284051579839413,18.549982412272385,0.4115980219350537,0.03846338002818397,0.047698243337361994,1.5303282805717908
1789205856.2135339,10,1.0287045348122446,18.557395575221914,0.41151630966878355,0.03812822540486006,0.04770042489596303,1.531944177943996
1789205856.2630067,10,1.029010905717896,18.564785862106966,0.4114303615491958,0.03779936243954685,0.047768758967223296,1.5337642261541677
1789205856.3083062,10,1.0290830821710062,18.56684963366585,0.4114231373985599,0.03775933424244914,0.04778308033277463,1.5340583492635718
1789205856.3564043,10,1.0295505905248294,18.578642760517834,0.4113716138490565,0.03761083101518077,0.047709676488323645,1.5365250602268197
1789205856.4028301,10,1.029781518125311,18.585418367874247,0.411311278073038,0.03763726322142222,0.04777916183485889,1.537909657441471
1789205856.4529295,10,1.0300394269080404,18.592761341789124,0.4112528150642408,0.0377139762045816,0.047706927209519336,1.539054552226935
1789205856.5034885,10,1.0302543395219743,18.600081037677583,0.4111854961130721,0.03766009871149174,0.047770977259052376,1.5398290888477626
1789205856.5530648,10,1.030433461067467,18.6073623032497,0.4111433206854311,0.03746379457618203,0.04796185718462577,1.540561977183765
1789205856.6033518,10,1.0306571276108258,18.614587912322452,0.41117112827103075,0.037419139633792696,0.048158167943659076,1.5414333563469376
1789205856.6526375,10,1.030870368947428,18.6217869410655,0.41114747595387563,0.03739316558523961,0.04808128695299931,1.5421690588431587
1789205856.7031207,10,1.0310368809624029,18.628956339998414,0.4110988052184743,0.03722922479614421,0.04804419150348384,1.5427235214549069
1789205856.752742,10,1.0312303073451892,18.636052354388273,0.41112953185931755,0.037184014639438275,0.048191034530768125,1.5433770798320672
1789205856.7993531,10,1.0312940626586689,18.63889634670796,0.41111458262356976,0.03713035086225748,0.04796210531153034,1.5435221965910233
1789205856.846856,10,1.0316046753218855,18.649308428635756,0.41114433573975756,0.03714163616922977,0.047826715209714904,1.5442549156001555
1789205856.8931973,10,1.0318415589112941,18.65571096806691,0.4111799670997306,0.03726179884777485,0.04811944697915878,1.5446631716404093
1789205856.9430914,10,1.0320955706308728,18.662610909180454,0.41121217152060857,0.0373684536748939,0.04788297156869056,1.5451212136540935
1789205856.9926224,10,1.0323283074257685,18.66946292016421,0.4111890731852081,0.037428574891344546,0.04775570741673633,1.5456509902591946
1789205857.0432198,10,1.0325587811055748,18.67621314760589,0.41121649602882554,0.037533349466583606,0.0479972106316728,1.546123917005469
1789205857.0927324,10,1.032794159472282,18.682875566265874,0.4112598301486022,0.03765410728027972,0.047755491757895646,1.5464476940769898
1789205857.1432126,10,1.0329834771314255,18.689489021314774,0.4112823441955154,0.03767231200993458,0.04761275952603883,1.5468800146158002
1789205857.1931858,10,1.0332235370331868,18.695999480665847,0.411328896336824,0.037832818186053406,0.04775814606218067,1.547327575221599
1789205857.2430644,10,1.0334552951993206,18.70240415572522,0.4113890464502486,0.03796818404074615,0.047489653360411666,1.5476422354556671
1789205857.2992883,10,1.033601994571774,18.706224971093164,0.4113846084543289,0.038091094859512925,0.047544279336583194,1.5479962669059693
1789205857.3468657,10,1.0339587707813782,18.715465879015987,0.4114529189993311,0.03838547670629732,0.04742184581363347,1.5485407573840133
